geo_id,task,country_pct,penetration,adoption_gap,task_clean,O*NET-SOC Code,Title,occ_code,JobFamily,major_group_title,observed_exposure,urgency_score,retraining_label
ID,"identify, investigate, or resolve security breaches.",0.1181846832650488,0.9764,0.8582153167349512,"identify, investigate, or resolve security breaches.",11-9199.07,Security Managers,11-9199,Management,Management Occupations,0.0686,0.06957690476190476,Low
ID,"document software defects, using a bug tracking system, and report defects to software developers.",0.1260636621493854,0.9753,0.8492363378506145,"document software defects, using a bug tracking system, and report defects to software developers.",15-1199.01,Software Quality Assurance Engineers and Testers,15-1199,,,,,
ID,tutor and assist children individually or in small groups to help them master assignments and to reinforce learning concepts presented by teachers.,0.1418216199180586,0.9798,0.8379783800819414,tutor and assist children individually or in small groups to help them master assignments and to reinforce learning concepts presented by teachers.,25-9041.00,Teacher Assistants,25-9041,,,,,
ID,use models to simulate the behavior of animated objects in the finished sequence.,0.1497005988023952,0.9797,0.8299994011976048,use models to simulate the behavior of animated objects in the finished sequence.,27-1014.00,Multimedia Artists and Animators,27-1014,"Arts, Design, Entertainment, Sports, and Media","Arts, Design, Entertainment, Sports, and Media Occupations",0.3571,0.2774025,Low
ID,"answer customers' questions about products, prices, availability, or credit terms.",0.1575795776867317,0.9817,0.8241204223132683,"answer customers' questions about products, prices, availability, or credit terms.",41-4011.00,"Sales Representatives, Wholesale and Manufacturing, Technical and Scientific Products",41-4011,Sales and Related,Sales and Related Occupations,0.2706,0.20455845238095238,Low
ID,respond to customer inquiries or complaints.,0.1575795776867317,0.9807,0.8231204223132683,respond to customer inquiries or complaints.,39-1021.01,Spa Managers,39-1021,,,,,
ID,write computer programs or scripts to be used in querying databases.,0.1181846832650488,0.9406,0.8224153167349512,write computer programs or scripts to be used in querying databases.,43-9111.01,Bioinformatics Technicians,43-9111,Office and Administrative Support,Office and Administrative Support Occupations,0.5099,0.5560641666666667,Medium
ID,offer advice on the purchase or sale of particular securities.,0.1181846832650488,0.9398,0.8216153167349511,offer advice on the purchase or sale of particular securities.,41-3031.01,"Sales Agents, Securities and Commodities",41-3031,Sales and Related,Sales and Related Occupations,0.4413,0.2653979761904762,Low
ID,"conduct searches to find needed information, using such sources as the internet.",0.1575795776867317,0.9772,0.8196204223132683,"conduct searches to find needed information, using such sources as the internet.",43-6014.00,"Secretaries and Administrative Assistants, Except Legal, Medical, and Executive",43-6014,Office and Administrative Support,Office and Administrative Support Occupations,0.4528,0.4664682142857143,Medium
ID,teach political science.,0.1812165143397415,1.0,0.8187834856602585,teach political science.,19-3094.00,Political Scientists,19-3094,"Life, Physical, and Social Science","Life, Physical, and Social Science Occupations",0.452,0.41275833333333334,Medium
ID,reinstall software programs or adjust settings on existing software to fix machine malfunctions.,0.1418216199180586,0.956,0.8141783800819413,reinstall software programs or adjust settings on existing software to fix machine malfunctions.,49-2011.00,"Computer, Automated Teller, and Office Machine Repairers",49-2011,"Installation, Maintenance, and Repair","Installation, Maintenance, and Repair Occupations",0.1067,0.33085113095238095,Medium
ID,"develop ideas for creating dances, keeping notes and sketches to record influences.",0.1260636621493854,0.9293,0.8032363378506147,"develop ideas for creating dances, keeping notes and sketches to record influences.",27-2032.00,Choreographers,27-2032,"Arts, Design, Entertainment, Sports, and Media","Arts, Design, Entertainment, Sports, and Media Occupations",0.0801,0.27154535714285716,Low
ID,"search standard reference materials, including online sources and the internet, to answer patrons' reference questions.",0.1260636621493854,0.9202,0.7941363378506145,"search standard reference materials, including online sources and the internet, to answer patrons' reference questions.",25-4021.00,Librarians,25-4021,,,,,
ID,"perform initial debugging procedures by reviewing configuration files, logs, or code pieces to determine breakdown source.",0.1497005988023952,0.9418,0.7920994011976048,"perform initial debugging procedures by reviewing configuration files, logs, or code pieces to determine breakdown source.",15-1199.01,Software Quality Assurance Engineers and Testers,15-1199,,,,,
ID,"prepare tables, graphs, fact sheets, and written reports summarizing research results.",0.133942641033722,0.9247,0.790757358966278,"prepare tables, graphs, fact sheets, and written reports summarizing research results.",19-4061.00,Social Science Research Assistants,19-4061,"Life, Physical, and Social Science","Life, Physical, and Social Science Occupations",0.4393,0.4638822023809524,Medium
ID,"write narrative, dramatic, lyric, or other types of poetry for publication.",0.1890954932240781,0.9784,0.7893045067759219,"write narrative, dramatic, lyric, or other types of poetry for publication.",27-3043.05,"Poets, Lyricists and Creative Writers",27-3043,"Arts, Design, Entertainment, Sports, and Media","Arts, Design, Entertainment, Sports, and Media Occupations",0.2462,0.2038609523809524,Low
ID,"determine supplementary virtual features, such as currency, item catalog, menu design, and audio direction.",0.1812165143397415,0.9631,0.7818834856602584,"determine supplementary virtual features, such as currency, item catalog, menu design, and audio direction.",15-1199.11,Video Game Designers,15-1199,,,,,
ID,modify existing programs to enhance efficiency.,0.1418216199180586,0.9224,0.7805783800819414,modify existing programs to enhance efficiency.,51-4012.00,"Computer Numerically Controlled Machine Tool Programmers, Metal and Plastic",51-4012,,,,,
ID,develop new software applications or customize existing applications to meet specific scientific project needs.,0.1654585565710684,0.9433,0.7778414434289316,develop new software applications or customize existing applications to meet specific scientific project needs.,19-1029.01,Bioinformatics Scientists,19-1029,"Life, Physical, and Social Science","Life, Physical, and Social Science Occupations",0.2452,0.23093863095238096,Low
ID,"conduct research in a particular field of knowledge and publish findings in professional journals, books, or electronic media.",0.1418216199180586,0.9157,0.7738783800819413,"conduct research in a particular field of knowledge and publish findings in professional journals, books, or electronic media.",25-1011.00,"Business Teachers, Postsecondary",25-1011,"Education, Training, and Library",Educational Instruction and Library Occupations,0.3072,0.2068175,Low
ID,"conduct research in a particular field of knowledge and publish findings in professional journals, books, or electronic media.",0.1418216199180586,0.9157,0.7738783800819413,"conduct research in a particular field of knowledge and publish findings in professional journals, books, or electronic media.",25-1021.00,"Computer Science Teachers, Postsecondary",25-1021,"Education, Training, and Library",Educational Instruction and Library Occupations,0.2414,0.2461597023809524,Low
ID,"conduct research in a particular field of knowledge and publish findings in professional journals, books, or electronic media.",0.1418216199180586,0.9157,0.7738783800819413,"conduct research in a particular field of knowledge and publish findings in professional journals, books, or electronic media.",25-1031.00,"Architecture Teachers, Postsecondary",25-1031,"Education, Training, and Library",Educational Instruction and Library Occupations,0.0,0.22195833333333334,Low
ID,"conduct research in a particular field of knowledge and publish findings in professional journals, books, or electronic media.",0.1418216199180586,0.9157,0.7738783800819413,"conduct research in a particular field of knowledge and publish findings in professional journals, books, or electronic media.",25-1032.00,"Engineering Teachers, Postsecondary",25-1032,"Education, Training, and Library",Educational Instruction and Library Occupations,0.3589,0.27641863095238095,Low
ID,"conduct research in a particular field of knowledge and publish findings in professional journals, books, or electronic media.",0.1418216199180586,0.9157,0.7738783800819413,"conduct research in a particular field of knowledge and publish findings in professional journals, books, or electronic media.",25-1041.00,"Agricultural Sciences Teachers, Postsecondary",25-1041,"Education, Training, and Library",Educational Instruction and Library Occupations,0.0,0.20670535714285715,Low
ID,"conduct research in a particular field of knowledge and publish findings in professional journals, books, or electronic media.",0.1418216199180586,0.9157,0.7738783800819413,"conduct research in a particular field of knowledge and publish findings in professional journals, books, or electronic media.",25-1042.00,"Biological Science Teachers, Postsecondary",25-1042,"Education, Training, and Library",Educational Instruction and Library Occupations,0.2914,0.23230553571428572,Low
ID,"conduct research in a particular field of knowledge and publish findings in professional journals, books, or electronic media.",0.1418216199180586,0.9157,0.7738783800819413,"conduct research in a particular field of knowledge and publish findings in professional journals, books, or electronic media.",25-1051.00,"Atmospheric, Earth, Marine, and Space Sciences Teachers, Postsecondary",25-1051,"Education, Training, and Library",Educational Instruction and Library Occupations,0.0396,0.22254535714285714,Low
ID,"conduct research in a particular field of knowledge and publish findings in professional journals, books, or electronic media.",0.1418216199180586,0.9157,0.7738783800819413,"conduct research in a particular field of knowledge and publish findings in professional journals, books, or electronic media.",25-1052.00,"Chemistry Teachers, Postsecondary",25-1052,"Education, Training, and Library",Educational Instruction and Library Occupations,0.2185,0.25876309523809526,Low
ID,"conduct research in a particular field of knowledge and publish findings in professional journals, books, or electronic media.",0.1418216199180586,0.9157,0.7738783800819413,"conduct research in a particular field of knowledge and publish findings in professional journals, books, or electronic media.",25-1053.00,"Environmental Science Teachers, Postsecondary",25-1053,"Education, Training, and Library",Educational Instruction and Library Occupations,0.0232,0.23626065476190478,Low
ID,"conduct research in a particular field of knowledge and publish findings in professional journals, books, or electronic media.",0.1418216199180586,0.9157,0.7738783800819413,"conduct research in a particular field of knowledge and publish findings in professional journals, books, or electronic media.",25-1054.00,"Physics Teachers, Postsecondary",25-1054,"Education, Training, and Library",Educational Instruction and Library Occupations,0.0,0.19461458333333334,Low
ID,"conduct research in a particular field of knowledge and publish findings in professional journals, books, or electronic media.",0.1418216199180586,0.9157,0.7738783800819413,"conduct research in a particular field of knowledge and publish findings in professional journals, books, or electronic media.",25-1062.00,"Area, Ethnic, and Cultural Studies Teachers, Postsecondary",25-1062,"Education, Training, and Library",Educational Instruction and Library Occupations,0.0,0.20670535714285715,Low
ID,"conduct research in a particular field of knowledge and publish findings in professional journals, books, or electronic media.",0.1418216199180586,0.9157,0.7738783800819413,"conduct research in a particular field of knowledge and publish findings in professional journals, books, or electronic media.",25-1063.00,"Economics Teachers, Postsecondary",25-1063,"Education, Training, and Library",Educational Instruction and Library Occupations,0.0,0.19833482142857142,Low
ID,"conduct research in a particular field of knowledge and publish findings in professional journals, books, or electronic media.",0.1418216199180586,0.9157,0.7738783800819413,"conduct research in a particular field of knowledge and publish findings in professional journals, books, or electronic media.",25-1064.00,"Geography Teachers, Postsecondary",25-1064,"Education, Training, and Library",Educational Instruction and Library Occupations,0.0,0.23683928571428572,Low
ID,"conduct research in a particular field of knowledge and publish findings in professional journals, books, or electronic media.",0.1418216199180586,0.9157,0.7738783800819413,"conduct research in a particular field of knowledge and publish findings in professional journals, books, or electronic media.",25-1065.00,"Political Science Teachers, Postsecondary",25-1065,"Education, Training, and Library",Educational Instruction and Library Occupations,0.0,0.1849419642857143,Low
ID,"conduct research in a particular field of knowledge and publish findings in professional journals, books, or electronic media.",0.1418216199180586,0.9157,0.7738783800819413,"conduct research in a particular field of knowledge and publish findings in professional journals, books, or electronic media.",25-1066.00,"Psychology Teachers, Postsecondary",25-1066,"Education, Training, and Library",Educational Instruction and Library Occupations,0.3219,0.2599445238095238,Low
ID,"conduct research in a particular field of knowledge and publish findings in professional journals, books, or electronic media.",0.1418216199180586,0.9157,0.7738783800819413,"conduct research in a particular field of knowledge and publish findings in professional journals, books, or electronic media.",25-1067.00,"Sociology Teachers, Postsecondary",25-1067,"Education, Training, and Library",Educational Instruction and Library Occupations,0.0,0.19461458333333334,Low
ID,"conduct research in a particular field of knowledge and publish findings in professional journals, books, or electronic media.",0.1418216199180586,0.9157,0.7738783800819413,"conduct research in a particular field of knowledge and publish findings in professional journals, books, or electronic media.",25-1071.00,"Health Specialties Teachers, Postsecondary",25-1071,"Education, Training, and Library",Educational Instruction and Library Occupations,0.3045,0.16295476190476194,Low
ID,"conduct research in a particular field of knowledge and publish findings in professional journals, books, or electronic media.",0.1418216199180586,0.9157,0.7738783800819413,"conduct research in a particular field of knowledge and publish findings in professional journals, books, or electronic media.",25-1072.00,"Nursing Instructors and Teachers, Postsecondary",25-1072,"Education, Training, and Library",Educational Instruction and Library Occupations,0.1909,0.18131684523809521,Low
ID,"conduct research in a particular field of knowledge and publish findings in professional journals, books, or electronic media.",0.1418216199180586,0.9157,0.7738783800819413,"conduct research in a particular field of knowledge and publish findings in professional journals, books, or electronic media.",25-1081.00,"Education Teachers, Postsecondary",25-1081,"Education, Training, and Library",Educational Instruction and Library Occupations,0.2621,0.2129590476190476,Low
ID,"conduct research in a particular field of knowledge and publish findings in professional journals, books, or electronic media.",0.1418216199180586,0.9157,0.7738783800819413,"conduct research in a particular field of knowledge and publish findings in professional journals, books, or electronic media.",25-1111.00,"Criminal Justice and Law Enforcement Teachers, Postsecondary",25-1111,"Education, Training, and Library",Educational Instruction and Library Occupations,0.0,0.19126636904761904,Low
ID,"conduct research in a particular field of knowledge and publish findings in professional journals, books, or electronic media.",0.1418216199180586,0.9157,0.7738783800819413,"conduct research in a particular field of knowledge and publish findings in professional journals, books, or electronic media.",25-1112.00,"Law Teachers, Postsecondary",25-1112,"Education, Training, and Library",Educational Instruction and Library Occupations,0.0,0.17638541666666668,Low
ID,"conduct research in a particular field of knowledge and publish findings in professional journals, books, or electronic media.",0.1418216199180586,0.9157,0.7738783800819413,"conduct research in a particular field of knowledge and publish findings in professional journals, books, or electronic media.",25-1113.00,"Social Work Teachers, Postsecondary",25-1113,"Education, Training, and Library",Educational Instruction and Library Occupations,0.0,0.19833482142857142,Low
ID,"conduct research in a particular field of knowledge and publish findings in professional journals, books, or electronic media.",0.1418216199180586,0.9157,0.7738783800819413,"conduct research in a particular field of knowledge and publish findings in professional journals, books, or electronic media.",25-1121.00,"Art, Drama, and Music Teachers, Postsecondary",25-1121,"Education, Training, and Library",Educational Instruction and Library Occupations,0.2142,0.17036154761904762,Low
ID,"conduct research in a particular field of knowledge and publish findings in professional journals, books, or electronic media.",0.1418216199180586,0.9157,0.7738783800819413,"conduct research in a particular field of knowledge and publish findings in professional journals, books, or electronic media.",25-1122.00,"Communications Teachers, Postsecondary",25-1122,"Education, Training, and Library",Educational Instruction and Library Occupations,0.2111,0.23943404761904763,Low
ID,"conduct research in a particular field of knowledge and publish findings in professional journals, books, or electronic media.",0.1418216199180586,0.9157,0.7738783800819413,"conduct research in a particular field of knowledge and publish findings in professional journals, books, or electronic media.",25-1123.00,"English Language and Literature Teachers, Postsecondary",25-1123,"Education, Training, and Library",Educational Instruction and Library Occupations,0.3618,0.253955119047619,Low
ID,"conduct research in a particular field of knowledge and publish findings in professional journals, books, or electronic media.",0.1418216199180586,0.9157,0.7738783800819413,"conduct research in a particular field of knowledge and publish findings in professional journals, books, or electronic media.",25-1125.00,"History Teachers, Postsecondary",25-1125,"Education, Training, and Library",Educational Instruction and Library Occupations,0.0994,0.21112309523809525,Low
ID,"conduct research in a particular field of knowledge and publish findings in professional journals, books, or electronic media.",0.1418216199180586,0.9157,0.7738783800819413,"conduct research in a particular field of knowledge and publish findings in professional journals, books, or electronic media.",25-1126.00,"Philosophy and Religion Teachers, Postsecondary",25-1126,"Education, Training, and Library",Educational Instruction and Library Occupations,0.2197,0.24454815476190478,Low
ID,"conduct research in a particular field of knowledge and publish findings in professional journals, books, or electronic media.",0.1418216199180586,0.9157,0.7738783800819413,"conduct research in a particular field of knowledge and publish findings in professional journals, books, or electronic media.",25-1192.00,"Home Economics Teachers, Postsecondary",25-1192,"Education, Training, and Library",Educational Instruction and Library Occupations,0.0,0.24390773809523808,Low
ID,"conduct research in a particular field of knowledge and publish findings in professional journals, books, or electronic media.",0.1418216199180586,0.9157,0.7738783800819413,"conduct research in a particular field of knowledge and publish findings in professional journals, books, or electronic media.",25-1193.00,"Recreation and Fitness Studies Teachers, Postsecondary",25-1193,"Education, Training, and Library",Educational Instruction and Library Occupations,0.1138,0.23362416666666666,Low
ID,compile bibliographies of specialized materials for outside reading assignments.,0.1260636621493854,0.8954,0.7693363378506146,compile bibliographies of specialized materials for outside reading assignments.,25-1011.00,"Business Teachers, Postsecondary",25-1011,"Education, Training, and Library",Educational Instruction and Library Occupations,0.3072,0.2068175,Low
ID,compile bibliographies of specialized materials for outside reading assignments.,0.1260636621493854,0.8954,0.7693363378506146,compile bibliographies of specialized materials for outside reading assignments.,25-1021.00,"Computer Science Teachers, Postsecondary",25-1021,"Education, Training, and Library",Educational Instruction and Library Occupations,0.2414,0.2461597023809524,Low
ID,compile bibliographies of specialized materials for outside reading assignments.,0.1260636621493854,0.8954,0.7693363378506146,compile bibliographies of specialized materials for outside reading assignments.,25-1022.00,"Mathematical Science Teachers, Postsecondary",25-1022,"Education, Training, and Library",Educational Instruction and Library Occupations,0.4305,0.2983622023809524,Low
ID,compile bibliographies of specialized materials for outside reading assignments.,0.1260636621493854,0.8954,0.7693363378506146,compile bibliographies of specialized materials for outside reading assignments.,25-1031.00,"Architecture Teachers, Postsecondary",25-1031,"Education, Training, and Library",Educational Instruction and Library Occupations,0.0,0.22195833333333334,Low
ID,compile bibliographies of specialized materials for outside reading assignments.,0.1260636621493854,0.8954,0.7693363378506146,compile bibliographies of specialized materials for outside reading assignments.,25-1032.00,"Engineering Teachers, Postsecondary",25-1032,"Education, Training, and Library",Educational Instruction and Library Occupations,0.3589,0.27641863095238095,Low
ID,compile bibliographies of specialized materials for outside reading assignments.,0.1260636621493854,0.8954,0.7693363378506146,compile bibliographies of specialized materials for outside reading assignments.,25-1041.00,"Agricultural Sciences Teachers, Postsecondary",25-1041,"Education, Training, and Library",Educational Instruction and Library Occupations,0.0,0.20670535714285715,Low
ID,compile bibliographies of specialized materials for outside reading assignments.,0.1260636621493854,0.8954,0.7693363378506146,compile bibliographies of specialized materials for outside reading assignments.,25-1042.00,"Biological Science Teachers, Postsecondary",25-1042,"Education, Training, and Library",Educational Instruction and Library Occupations,0.2914,0.23230553571428572,Low
ID,compile bibliographies of specialized materials for outside reading assignments.,0.1260636621493854,0.8954,0.7693363378506146,compile bibliographies of specialized materials for outside reading assignments.,25-1043.00,"Forestry and Conservation Science Teachers, Postsecondary",25-1043,"Education, Training, and Library",Educational Instruction and Library Occupations,0.0206,0.2521477380952381,Low
ID,compile bibliographies of specialized materials for outside reading assignments.,0.1260636621493854,0.8954,0.7693363378506146,compile bibliographies of specialized materials for outside reading assignments.,25-1051.00,"Atmospheric, Earth, Marine, and Space Sciences Teachers, Postsecondary",25-1051,"Education, Training, and Library",Educational Instruction and Library Occupations,0.0396,0.22254535714285714,Low
ID,compile bibliographies of specialized materials for outside reading assignments.,0.1260636621493854,0.8954,0.7693363378506146,compile bibliographies of specialized materials for outside reading assignments.,25-1052.00,"Chemistry Teachers, Postsecondary",25-1052,"Education, Training, and Library",Educational Instruction and Library Occupations,0.2185,0.25876309523809526,Low
ID,compile bibliographies of specialized materials for outside reading assignments.,0.1260636621493854,0.8954,0.7693363378506146,compile bibliographies of specialized materials for outside reading assignments.,25-1053.00,"Environmental Science Teachers, Postsecondary",25-1053,"Education, Training, and Library",Educational Instruction and Library Occupations,0.0232,0.23626065476190478,Low
ID,compile bibliographies of specialized materials for outside reading assignments.,0.1260636621493854,0.8954,0.7693363378506146,compile bibliographies of specialized materials for outside reading assignments.,25-1054.00,"Physics Teachers, Postsecondary",25-1054,"Education, Training, and Library",Educational Instruction and Library Occupations,0.0,0.19461458333333334,Low
ID,compile bibliographies of specialized materials for outside reading assignments.,0.1260636621493854,0.8954,0.7693363378506146,compile bibliographies of specialized materials for outside reading assignments.,25-1061.00,"Anthropology and Archeology Teachers, Postsecondary",25-1061,"Education, Training, and Library",Educational Instruction and Library Occupations,0.0236,0.23642065476190477,Low
ID,compile bibliographies of specialized materials for outside reading assignments.,0.1260636621493854,0.8954,0.7693363378506146,compile bibliographies of specialized materials for outside reading assignments.,25-1062.00,"Area, Ethnic, and Cultural Studies Teachers, Postsecondary",25-1062,"Education, Training, and Library",Educational Instruction and Library Occupations,0.0,0.20670535714285715,Low
ID,compile bibliographies of specialized materials for outside reading assignments.,0.1260636621493854,0.8954,0.7693363378506146,compile bibliographies of specialized materials for outside reading assignments.,25-1063.00,"Economics Teachers, Postsecondary",25-1063,"Education, Training, and Library",Educational Instruction and Library Occupations,0.0,0.19833482142857142,Low
ID,compile bibliographies of specialized materials for outside reading assignments.,0.1260636621493854,0.8954,0.7693363378506146,compile bibliographies of specialized materials for outside reading assignments.,25-1064.00,"Geography Teachers, Postsecondary",25-1064,"Education, Training, and Library",Educational Instruction and Library Occupations,0.0,0.23683928571428572,Low
ID,compile bibliographies of specialized materials for outside reading assignments.,0.1260636621493854,0.8954,0.7693363378506146,compile bibliographies of specialized materials for outside reading assignments.,25-1065.00,"Political Science Teachers, Postsecondary",25-1065,"Education, Training, and Library",Educational Instruction and Library Occupations,0.0,0.1849419642857143,Low
ID,compile bibliographies of specialized materials for outside reading assignments.,0.1260636621493854,0.8954,0.7693363378506146,compile bibliographies of specialized materials for outside reading assignments.,25-1066.00,"Psychology Teachers, Postsecondary",25-1066,"Education, Training, and Library",Educational Instruction and Library Occupations,0.3219,0.2599445238095238,Low
ID,compile bibliographies of specialized materials for outside reading assignments.,0.1260636621493854,0.8954,0.7693363378506146,compile bibliographies of specialized materials for outside reading assignments.,25-1067.00,"Sociology Teachers, Postsecondary",25-1067,"Education, Training, and Library",Educational Instruction and Library Occupations,0.0,0.19461458333333334,Low
ID,compile bibliographies of specialized materials for outside reading assignments.,0.1260636621493854,0.8954,0.7693363378506146,compile bibliographies of specialized materials for outside reading assignments.,25-1071.00,"Health Specialties Teachers, Postsecondary",25-1071,"Education, Training, and Library",Educational Instruction and Library Occupations,0.3045,0.16295476190476194,Low
ID,compile bibliographies of specialized materials for outside reading assignments.,0.1260636621493854,0.8954,0.7693363378506146,compile bibliographies of specialized materials for outside reading assignments.,25-1072.00,"Nursing Instructors and Teachers, Postsecondary",25-1072,"Education, Training, and Library",Educational Instruction and Library Occupations,0.1909,0.18131684523809521,Low
ID,compile bibliographies of specialized materials for outside reading assignments.,0.1260636621493854,0.8954,0.7693363378506146,compile bibliographies of specialized materials for outside reading assignments.,25-1081.00,"Education Teachers, Postsecondary",25-1081,"Education, Training, and Library",Educational Instruction and Library Occupations,0.2621,0.2129590476190476,Low
ID,compile bibliographies of specialized materials for outside reading assignments.,0.1260636621493854,0.8954,0.7693363378506146,compile bibliographies of specialized materials for outside reading assignments.,25-1082.00,"Library Science Teachers, Postsecondary",25-1082,"Education, Training, and Library",Educational Instruction and Library Occupations,0.018,0.23994702380952382,Low
ID,compile bibliographies of specialized materials for outside reading assignments.,0.1260636621493854,0.8954,0.7693363378506146,compile bibliographies of specialized materials for outside reading assignments.,25-1111.00,"Criminal Justice and Law Enforcement Teachers, Postsecondary",25-1111,"Education, Training, and Library",Educational Instruction and Library Occupations,0.0,0.19126636904761904,Low
ID,compile bibliographies of specialized materials for outside reading assignments.,0.1260636621493854,0.8954,0.7693363378506146,compile bibliographies of specialized materials for outside reading assignments.,25-1112.00,"Law Teachers, Postsecondary",25-1112,"Education, Training, and Library",Educational Instruction and Library Occupations,0.0,0.17638541666666668,Low
ID,compile bibliographies of specialized materials for outside reading assignments.,0.1260636621493854,0.8954,0.7693363378506146,compile bibliographies of specialized materials for outside reading assignments.,25-1113.00,"Social Work Teachers, Postsecondary",25-1113,"Education, Training, and Library",Educational Instruction and Library Occupations,0.0,0.19833482142857142,Low
ID,compile bibliographies of specialized materials for outside reading assignments.,0.1260636621493854,0.8954,0.7693363378506146,compile bibliographies of specialized materials for outside reading assignments.,25-1121.00,"Art, Drama, and Music Teachers, Postsecondary",25-1121,"Education, Training, and Library",Educational Instruction and Library Occupations,0.2142,0.17036154761904762,Low
ID,compile bibliographies of specialized materials for outside reading assignments.,0.1260636621493854,0.8954,0.7693363378506146,compile bibliographies of specialized materials for outside reading assignments.,25-1122.00,"Communications Teachers, Postsecondary",25-1122,"Education, Training, and Library",Educational Instruction and Library Occupations,0.2111,0.23943404761904763,Low
ID,compile bibliographies of specialized materials for outside reading assignments.,0.1260636621493854,0.8954,0.7693363378506146,compile bibliographies of specialized materials for outside reading assignments.,25-1123.00,"English Language and Literature Teachers, Postsecondary",25-1123,"Education, Training, and Library",Educational Instruction and Library Occupations,0.3618,0.253955119047619,Low
ID,compile bibliographies of specialized materials for outside reading assignments.,0.1260636621493854,0.8954,0.7693363378506146,compile bibliographies of specialized materials for outside reading assignments.,25-1124.00,"Foreign Language and Literature Teachers, Postsecondary",25-1124,"Education, Training, and Library",Educational Instruction and Library Occupations,0.2403,0.2539042261904762,Low
ID,compile bibliographies of specialized materials for outside reading assignments.,0.1260636621493854,0.8954,0.7693363378506146,compile bibliographies of specialized materials for outside reading assignments.,25-1125.00,"History Teachers, Postsecondary",25-1125,"Education, Training, and Library",Educational Instruction and Library Occupations,0.0994,0.21112309523809525,Low
ID,compile bibliographies of specialized materials for outside reading assignments.,0.1260636621493854,0.8954,0.7693363378506146,compile bibliographies of specialized materials for outside reading assignments.,25-1126.00,"Philosophy and Religion Teachers, Postsecondary",25-1126,"Education, Training, and Library",Educational Instruction and Library Occupations,0.2197,0.24454815476190478,Low
ID,compile bibliographies of specialized materials for outside reading assignments.,0.1260636621493854,0.8954,0.7693363378506146,compile bibliographies of specialized materials for outside reading assignments.,25-1192.00,"Home Economics Teachers, Postsecondary",25-1192,"Education, Training, and Library",Educational Instruction and Library Occupations,0.0,0.24390773809523808,Low
ID,compile bibliographies of specialized materials for outside reading assignments.,0.1260636621493854,0.8954,0.7693363378506146,compile bibliographies of specialized materials for outside reading assignments.,25-1193.00,"Recreation and Fitness Studies Teachers, Postsecondary",25-1193,"Education, Training, and Library",Educational Instruction and Library Occupations,0.1138,0.23362416666666666,Low
ID,"use computers, audio-visual aids, and other equipment and materials to supplement presentations.",0.1260636621493854,0.8833,0.7572363378506146,"use computers, audio-visual aids, and other equipment and materials to supplement presentations.",25-2012.00,"Kindergarten Teachers, Except Special Education",25-2012,"Education, Training, and Library",Educational Instruction and Library Occupations,0.0,0.13161458333333334,Low
ID,"use computers, audio-visual aids, and other equipment and materials to supplement presentations.",0.1260636621493854,0.8833,0.7572363378506146,"use computers, audio-visual aids, and other equipment and materials to supplement presentations.",25-2021.00,"Elementary School Teachers, Except Special Education",25-2021,"Education, Training, and Library",Educational Instruction and Library Occupations,0.103,0.08316071428571427,Low
ID,"use computers, audio-visual aids, and other equipment and materials to supplement presentations.",0.1260636621493854,0.8833,0.7572363378506146,"use computers, audio-visual aids, and other equipment and materials to supplement presentations.",25-2022.00,"Middle School Teachers, Except Special and Career/Technical Education",25-2022,"Education, Training, and Library",Educational Instruction and Library Occupations,0.2972,0.17440976190476193,Low
ID,"use computers, audio-visual aids, and other equipment and materials to supplement presentations.",0.1260636621493854,0.8833,0.7572363378506146,"use computers, audio-visual aids, and other equipment and materials to supplement presentations.",25-2023.00,"Career/Technical Education Teachers, Middle School",25-2023,"Education, Training, and Library",Educational Instruction and Library Occupations,0.0,0.3018660714285714,Low
ID,"use computers, audio-visual aids, and other equipment and materials to supplement presentations.",0.1260636621493854,0.8833,0.7572363378506146,"use computers, audio-visual aids, and other equipment and materials to supplement presentations.",25-2031.00,"Secondary School Teachers, Except Special and Career/Technical Education",25-2031,"Education, Training, and Library",Educational Instruction and Library Occupations,0.2901,0.16078107142857143,Low
ID,"use computers, audio-visual aids, and other equipment and materials to supplement presentations.",0.1260636621493854,0.8833,0.7572363378506146,"use computers, audio-visual aids, and other equipment and materials to supplement presentations.",25-2032.00,"Career/Technical Education Teachers, Secondary School",25-2032,"Education, Training, and Library",Educational Instruction and Library Occupations,0.0,0.15586994047619046,Low
ID,"use computers, audio-visual aids, and other equipment and materials to supplement presentations.",0.1260636621493854,0.8833,0.7572363378506146,"use computers, audio-visual aids, and other equipment and materials to supplement presentations.",25-2053.00,"Special Education Teachers, Middle School",25-2053,,,,,
ID,"use computers, audio-visual aids, and other equipment and materials to supplement presentations.",0.1260636621493854,0.8833,0.7572363378506146,"use computers, audio-visual aids, and other equipment and materials to supplement presentations.",25-2054.00,"Special Education Teachers, Secondary School",25-2054,,,,,
ID,"use computers, audio-visual aids, and other equipment and materials to supplement presentations.",0.1260636621493854,0.8833,0.7572363378506146,"use computers, audio-visual aids, and other equipment and materials to supplement presentations.",25-3011.00,Adult Basic and Secondary Education and Literacy Teachers and Instructors,25-3011,"Education, Training, and Library",Educational Instruction and Library Occupations,0.0636,0.2096974404761905,Low
ID,"use computers, audio-visual aids, and other equipment and materials to supplement presentations.",0.1260636621493854,0.8833,0.7572363378506146,"use computers, audio-visual aids, and other equipment and materials to supplement presentations.",25-3021.00,Self-Enrichment Education Teachers,25-3021,"Education, Training, and Library",Educational Instruction and Library Occupations,0.0662,0.13889369047619046,Low
ID,"use computers, audio-visual aids, and other equipment and materials to supplement presentations.",0.1260636621493854,0.8833,0.7572363378506146,"use computers, audio-visual aids, and other equipment and materials to supplement presentations.",25-9041.00,Teacher Assistants,25-9041,,,,,
ID,"prepare, administer, and grade tests and assignments to evaluate students' progress.",0.1890954932240781,0.9441,0.7550045067759219,"prepare, administer, and grade tests and assignments to evaluate students' progress.",25-2021.00,"Elementary School Teachers, Except Special Education",25-2021,"Education, Training, and Library",Educational Instruction and Library Occupations,0.103,0.08316071428571427,Low
ID,"prepare, administer, and grade tests and assignments to evaluate students' progress.",0.1890954932240781,0.9441,0.7550045067759219,"prepare, administer, and grade tests and assignments to evaluate students' progress.",25-2022.00,"Middle School Teachers, Except Special and Career/Technical Education",25-2022,"Education, Training, and Library",Educational Instruction and Library Occupations,0.2972,0.17440976190476193,Low
ID,"prepare, administer, and grade tests and assignments to evaluate students' progress.",0.1890954932240781,0.9441,0.7550045067759219,"prepare, administer, and grade tests and assignments to evaluate students' progress.",25-2023.00,"Career/Technical Education Teachers, Middle School",25-2023,"Education, Training, and Library",Educational Instruction and Library Occupations,0.0,0.3018660714285714,Low
ID,"prepare, administer, and grade tests and assignments to evaluate students' progress.",0.1890954932240781,0.9441,0.7550045067759219,"prepare, administer, and grade tests and assignments to evaluate students' progress.",25-2031.00,"Secondary School Teachers, Except Special and Career/Technical Education",25-2031,"Education, Training, and Library",Educational Instruction and Library Occupations,0.2901,0.16078107142857143,Low
ID,"prepare, administer, and grade tests and assignments to evaluate students' progress.",0.1890954932240781,0.9441,0.7550045067759219,"prepare, administer, and grade tests and assignments to evaluate students' progress.",25-2032.00,"Career/Technical Education Teachers, Secondary School",25-2032,"Education, Training, and Library",Educational Instruction and Library Occupations,0.0,0.15586994047619046,Low
ID,"prepare, administer, and grade tests and assignments to evaluate students' progress.",0.1890954932240781,0.9441,0.7550045067759219,"prepare, administer, and grade tests and assignments to evaluate students' progress.",25-2053.00,"Special Education Teachers, Middle School",25-2053,,,,,
ID,"prepare, administer, and grade tests and assignments to evaluate students' progress.",0.1890954932240781,0.9441,0.7550045067759219,"prepare, administer, and grade tests and assignments to evaluate students' progress.",25-2054.00,"Special Education Teachers, Secondary School",25-2054,,,,,
ID,"locate and review research articles or environmental, historical, or technical reports.",0.1497005988023952,0.9026,0.7528994011976048,"locate and review research articles or environmental, historical, or technical reports.",19-2042.00,"Geoscientists, Except Hydrologists and Geographers",19-2042,"Life, Physical, and Social Science","Life, Physical, and Social Science Occupations",0.043,0.32479970238095235,Low
ID,conduct internet-based and library research.,0.1733375354554049,0.924,0.7506624645445952,conduct internet-based and library research.,19-4061.00,Social Science Research Assistants,19-4061,"Life, Physical, and Social Science","Life, Physical, and Social Science Occupations",0.4393,0.4638822023809524,Medium
ID,"counsel students regarding educational issues, such as course and program selection, class scheduling and registration, school adjustment, truancy, study habits, and career planning.",0.1575795776867317,0.9064,0.7488204223132683,"counsel students regarding educational issues, such as course and program selection, class scheduling and registration, school adjustment, truancy, study habits, and career planning.",21-1012.00,"Educational, Guidance, School, and Vocational Counselors",21-1012,Community and Social Service,Community and Social Service Occupations,0.1182,0.08609636904761904,Low
ID,"review software documentation to ensure technical accuracy, compliance, or completeness, or to mitigate risks.",0.2127324298770879,0.9607,0.747967570122912,"review software documentation to ensure technical accuracy, compliance, or completeness, or to mitigate risks.",15-1199.01,Software Quality Assurance Engineers and Testers,15-1199,,,,,
ID,"present investment information, such as product risks, fees, or fund performance statistics.",0.133942641033722,0.8797,0.745757358966278,"present investment information, such as product risks, fees, or fund performance statistics.",11-9199.03,Investment Fund Managers,11-9199,Management,Management Occupations,0.0686,0.06957690476190476,Low
ID,prepare or proctor examinations.,0.1181846832650488,0.8625,0.7443153167349512,prepare or proctor examinations.,25-1191.00,Graduate Teaching Assistants,25-1191,,,,,
ID,"evaluate and grade students' class work, assignments, and papers.",0.2048534509927513,0.9483,0.7434465490072487,"evaluate and grade students' class work, assignments, and papers.",25-1011.00,"Business Teachers, Postsecondary",25-1011,"Education, Training, and Library",Educational Instruction and Library Occupations,0.3072,0.2068175,Low
ID,"evaluate and grade students' class work, assignments, and papers.",0.2048534509927513,0.9483,0.7434465490072487,"evaluate and grade students' class work, assignments, and papers.",25-1022.00,"Mathematical Science Teachers, Postsecondary",25-1022,"Education, Training, and Library",Educational Instruction and Library Occupations,0.4305,0.2983622023809524,Low
ID,"evaluate and grade students' class work, assignments, and papers.",0.2048534509927513,0.9483,0.7434465490072487,"evaluate and grade students' class work, assignments, and papers.",25-1043.00,"Forestry and Conservation Science Teachers, Postsecondary",25-1043,"Education, Training, and Library",Educational Instruction and Library Occupations,0.0206,0.2521477380952381,Low
ID,"evaluate and grade students' class work, assignments, and papers.",0.2048534509927513,0.9483,0.7434465490072487,"evaluate and grade students' class work, assignments, and papers.",25-1051.00,"Atmospheric, Earth, Marine, and Space Sciences Teachers, Postsecondary",25-1051,"Education, Training, and Library",Educational Instruction and Library Occupations,0.0396,0.22254535714285714,Low
ID,"evaluate and grade students' class work, assignments, and papers.",0.2048534509927513,0.9483,0.7434465490072487,"evaluate and grade students' class work, assignments, and papers.",25-1061.00,"Anthropology and Archeology Teachers, Postsecondary",25-1061,"Education, Training, and Library",Educational Instruction and Library Occupations,0.0236,0.23642065476190477,Low
ID,"evaluate and grade students' class work, assignments, and papers.",0.2048534509927513,0.9483,0.7434465490072487,"evaluate and grade students' class work, assignments, and papers.",25-1062.00,"Area, Ethnic, and Cultural Studies Teachers, Postsecondary",25-1062,"Education, Training, and Library",Educational Instruction and Library Occupations,0.0,0.20670535714285715,Low
ID,"evaluate and grade students' class work, assignments, and papers.",0.2048534509927513,0.9483,0.7434465490072487,"evaluate and grade students' class work, assignments, and papers.",25-1063.00,"Economics Teachers, Postsecondary",25-1063,"Education, Training, and Library",Educational Instruction and Library Occupations,0.0,0.19833482142857142,Low
ID,"evaluate and grade students' class work, assignments, and papers.",0.2048534509927513,0.9483,0.7434465490072487,"evaluate and grade students' class work, assignments, and papers.",25-1064.00,"Geography Teachers, Postsecondary",25-1064,"Education, Training, and Library",Educational Instruction and Library Occupations,0.0,0.23683928571428572,Low
ID,"evaluate and grade students' class work, assignments, and papers.",0.2048534509927513,0.9483,0.7434465490072487,"evaluate and grade students' class work, assignments, and papers.",25-1065.00,"Political Science Teachers, Postsecondary",25-1065,"Education, Training, and Library",Educational Instruction and Library Occupations,0.0,0.1849419642857143,Low
ID,"evaluate and grade students' class work, assignments, and papers.",0.2048534509927513,0.9483,0.7434465490072487,"evaluate and grade students' class work, assignments, and papers.",25-1067.00,"Sociology Teachers, Postsecondary",25-1067,"Education, Training, and Library",Educational Instruction and Library Occupations,0.0,0.19461458333333334,Low
ID,"evaluate and grade students' class work, assignments, and papers.",0.2048534509927513,0.9483,0.7434465490072487,"evaluate and grade students' class work, assignments, and papers.",25-1071.00,"Health Specialties Teachers, Postsecondary",25-1071,"Education, Training, and Library",Educational Instruction and Library Occupations,0.3045,0.16295476190476194,Low
ID,"evaluate and grade students' class work, assignments, and papers.",0.2048534509927513,0.9483,0.7434465490072487,"evaluate and grade students' class work, assignments, and papers.",25-1081.00,"Education Teachers, Postsecondary",25-1081,"Education, Training, and Library",Educational Instruction and Library Occupations,0.2621,0.2129590476190476,Low
ID,"evaluate and grade students' class work, assignments, and papers.",0.2048534509927513,0.9483,0.7434465490072487,"evaluate and grade students' class work, assignments, and papers.",25-1082.00,"Library Science Teachers, Postsecondary",25-1082,"Education, Training, and Library",Educational Instruction and Library Occupations,0.018,0.23994702380952382,Low
ID,"evaluate and grade students' class work, assignments, and papers.",0.2048534509927513,0.9483,0.7434465490072487,"evaluate and grade students' class work, assignments, and papers.",25-1111.00,"Criminal Justice and Law Enforcement Teachers, Postsecondary",25-1111,"Education, Training, and Library",Educational Instruction and Library Occupations,0.0,0.19126636904761904,Low
ID,"evaluate and grade students' class work, assignments, and papers.",0.2048534509927513,0.9483,0.7434465490072487,"evaluate and grade students' class work, assignments, and papers.",25-1113.00,"Social Work Teachers, Postsecondary",25-1113,"Education, Training, and Library",Educational Instruction and Library Occupations,0.0,0.19833482142857142,Low
ID,"evaluate and grade students' class work, assignments, and papers.",0.2048534509927513,0.9483,0.7434465490072487,"evaluate and grade students' class work, assignments, and papers.",25-1122.00,"Communications Teachers, Postsecondary",25-1122,"Education, Training, and Library",Educational Instruction and Library Occupations,0.2111,0.23943404761904763,Low
ID,"evaluate and grade students' class work, assignments, and papers.",0.2048534509927513,0.9483,0.7434465490072487,"evaluate and grade students' class work, assignments, and papers.",25-1123.00,"English Language and Literature Teachers, Postsecondary",25-1123,"Education, Training, and Library",Educational Instruction and Library Occupations,0.3618,0.253955119047619,Low
ID,"evaluate and grade students' class work, assignments, and papers.",0.2048534509927513,0.9483,0.7434465490072487,"evaluate and grade students' class work, assignments, and papers.",25-1124.00,"Foreign Language and Literature Teachers, Postsecondary",25-1124,"Education, Training, and Library",Educational Instruction and Library Occupations,0.2403,0.2539042261904762,Low
ID,"evaluate and grade students' class work, assignments, and papers.",0.2048534509927513,0.9483,0.7434465490072487,"evaluate and grade students' class work, assignments, and papers.",25-1125.00,"History Teachers, Postsecondary",25-1125,"Education, Training, and Library",Educational Instruction and Library Occupations,0.0994,0.21112309523809525,Low
ID,"evaluate and grade students' class work, assignments, and papers.",0.2048534509927513,0.9483,0.7434465490072487,"evaluate and grade students' class work, assignments, and papers.",25-1126.00,"Philosophy and Religion Teachers, Postsecondary",25-1126,"Education, Training, and Library",Educational Instruction and Library Occupations,0.2197,0.24454815476190478,Low
ID,"evaluate and grade students' class work, assignments, and papers.",0.2048534509927513,0.9483,0.7434465490072487,"evaluate and grade students' class work, assignments, and papers.",25-1193.00,"Recreation and Fitness Studies Teachers, Postsecondary",25-1193,"Education, Training, and Library",Educational Instruction and Library Occupations,0.1138,0.23362416666666666,Low
ID,write instructional articles on designated subjects.,0.1575795776867317,0.8912,0.7336204223132683,write instructional articles on designated subjects.,25-3011.00,Adult Basic and Secondary Education and Literacy Teachers and Instructors,25-3011,"Education, Training, and Library",Educational Instruction and Library Occupations,0.0636,0.2096974404761905,Low
ID,write instructional articles on designated subjects.,0.1575795776867317,0.8912,0.7336204223132683,write instructional articles on designated subjects.,25-3021.00,Self-Enrichment Education Teachers,25-3021,"Education, Training, and Library",Educational Instruction and Library Occupations,0.0662,0.13889369047619046,Low
ID,develop or maintain internal or external company web sites.,0.2048534509927513,0.937,0.7321465490072487,develop or maintain internal or external company web sites.,43-6014.00,"Secretaries and Administrative Assistants, Except Legal, Medical, and Executive",43-6014,Office and Administrative Support,Office and Administrative Support Occupations,0.4528,0.4664682142857143,Medium
ID,"locate library materials for patrons, including books, periodicals, tape cassettes, braille volumes, and pictures.",0.2284903876457611,0.9559,0.7274096123542388,"locate library materials for patrons, including books, periodicals, tape cassettes, braille volumes, and pictures.",43-4121.00,"Library Assistants, Clerical",43-4121,Office and Administrative Support,Office and Administrative Support Occupations,0.0978,0.39519886904761903,Medium
ID,"write, analyze, review, and rewrite programs, using workflow chart and diagram, and applying knowledge of computer capabilities, subject matter, and symbolic logic.",0.1969744721084147,0.9213,0.7243255278915853,"write, analyze, review, and rewrite programs, using workflow chart and diagram, and applying knowledge of computer capabilities, subject matter, and symbolic logic.",15-1131.00,Computer Programmers,15-1131,,,,,
ID,"test programs or databases, correct errors, and make necessary modifications.",0.2600063031831074,0.9809,0.7208936968168926,"test programs or databases, correct errors, and make necessary modifications.",15-1141.00,Database Administrators,15-1141,,,,,
ID,"provide information and advice regarding drug interactions, side effects, dosage, and proper medication storage.",0.1181846832650488,0.8384,0.7202153167349512,"provide information and advice regarding drug interactions, side effects, dosage, and proper medication storage.",29-1051.00,Pharmacists,29-1051,Healthcare Practitioners and Technical,Healthcare Practitioners and Technical Occupations,0.0896,0.11115666666666667,Low
ID,"select and edit documents for publication and display, applying knowledge of subject, literary expression, and presentation techniques.",0.1890954932240781,0.9079,0.7188045067759219,"select and edit documents for publication and display, applying knowledge of subject, literary expression, and presentation techniques.",25-4011.00,Archivists,25-4011,"Education, Training, and Library",Educational Instruction and Library Occupations,0.1348,0.42262386904761906,Medium
ID,"develop transactional web applications, using web programming software and knowledge of programming languages, such as hypertext markup language (html) and extensible markup language (xml).",0.2048534509927513,0.9199,0.7150465490072487,"develop transactional web applications, using web programming software and knowledge of programming languages, such as hypertext markup language (html) and extensible markup language (xml).",15-1199.10,Search Marketing Strategists,15-1199,,,,,
ID,"analyze organic or inorganic compounds to determine chemical or physical properties, composition, structure, relationships, or reactions, using chromatography, spectroscopy, or spectrophotometry techniques.",0.2127324298770879,0.9262,0.7134675701229121,"analyze organic or inorganic compounds to determine chemical or physical properties, composition, structure, relationships, or reactions, using chromatography, spectroscopy, or spectrophotometry techniques.",19-2031.00,Chemists,19-2031,"Life, Physical, and Social Science","Life, Physical, and Social Science Occupations",0.2614,0.2550064285714286,Low
ID,assess the usefulness of pre-developed application packages and adapt them to a user environment.,0.1733375354554049,0.8829,0.7095624645445952,assess the usefulness of pre-developed application packages and adapt them to a user environment.,15-1121.00,Computer Systems Analysts,15-1121,,,,,
ID,"compile, administer, and grade examinations, or assign this work to others.",0.2127324298770879,0.9134,0.7006675701229121,"compile, administer, and grade examinations, or assign this work to others.",25-1011.00,"Business Teachers, Postsecondary",25-1011,"Education, Training, and Library",Educational Instruction and Library Occupations,0.3072,0.2068175,Low
ID,"compile, administer, and grade examinations, or assign this work to others.",0.2127324298770879,0.9134,0.7006675701229121,"compile, administer, and grade examinations, or assign this work to others.",25-1022.00,"Mathematical Science Teachers, Postsecondary",25-1022,"Education, Training, and Library",Educational Instruction and Library Occupations,0.4305,0.2983622023809524,Low
ID,"compile, administer, and grade examinations, or assign this work to others.",0.2127324298770879,0.9134,0.7006675701229121,"compile, administer, and grade examinations, or assign this work to others.",25-1031.00,"Architecture Teachers, Postsecondary",25-1031,"Education, Training, and Library",Educational Instruction and Library Occupations,0.0,0.22195833333333334,Low
ID,"compile, administer, and grade examinations, or assign this work to others.",0.2127324298770879,0.9134,0.7006675701229121,"compile, administer, and grade examinations, or assign this work to others.",25-1032.00,"Engineering Teachers, Postsecondary",25-1032,"Education, Training, and Library",Educational Instruction and Library Occupations,0.3589,0.27641863095238095,Low
ID,"compile, administer, and grade examinations, or assign this work to others.",0.2127324298770879,0.9134,0.7006675701229121,"compile, administer, and grade examinations, or assign this work to others.",25-1041.00,"Agricultural Sciences Teachers, Postsecondary",25-1041,"Education, Training, and Library",Educational Instruction and Library Occupations,0.0,0.20670535714285715,Low
ID,"compile, administer, and grade examinations, or assign this work to others.",0.2127324298770879,0.9134,0.7006675701229121,"compile, administer, and grade examinations, or assign this work to others.",25-1042.00,"Biological Science Teachers, Postsecondary",25-1042,"Education, Training, and Library",Educational Instruction and Library Occupations,0.2914,0.23230553571428572,Low
ID,"compile, administer, and grade examinations, or assign this work to others.",0.2127324298770879,0.9134,0.7006675701229121,"compile, administer, and grade examinations, or assign this work to others.",25-1043.00,"Forestry and Conservation Science Teachers, Postsecondary",25-1043,"Education, Training, and Library",Educational Instruction and Library Occupations,0.0206,0.2521477380952381,Low
ID,"compile, administer, and grade examinations, or assign this work to others.",0.2127324298770879,0.9134,0.7006675701229121,"compile, administer, and grade examinations, or assign this work to others.",25-1051.00,"Atmospheric, Earth, Marine, and Space Sciences Teachers, Postsecondary",25-1051,"Education, Training, and Library",Educational Instruction and Library Occupations,0.0396,0.22254535714285714,Low
ID,"compile, administer, and grade examinations, or assign this work to others.",0.2127324298770879,0.9134,0.7006675701229121,"compile, administer, and grade examinations, or assign this work to others.",25-1052.00,"Chemistry Teachers, Postsecondary",25-1052,"Education, Training, and Library",Educational Instruction and Library Occupations,0.2185,0.25876309523809526,Low
ID,"compile, administer, and grade examinations, or assign this work to others.",0.2127324298770879,0.9134,0.7006675701229121,"compile, administer, and grade examinations, or assign this work to others.",25-1053.00,"Environmental Science Teachers, Postsecondary",25-1053,"Education, Training, and Library",Educational Instruction and Library Occupations,0.0232,0.23626065476190478,Low
ID,"compile, administer, and grade examinations, or assign this work to others.",0.2127324298770879,0.9134,0.7006675701229121,"compile, administer, and grade examinations, or assign this work to others.",25-1054.00,"Physics Teachers, Postsecondary",25-1054,"Education, Training, and Library",Educational Instruction and Library Occupations,0.0,0.19461458333333334,Low
ID,"compile, administer, and grade examinations, or assign this work to others.",0.2127324298770879,0.9134,0.7006675701229121,"compile, administer, and grade examinations, or assign this work to others.",25-1061.00,"Anthropology and Archeology Teachers, Postsecondary",25-1061,"Education, Training, and Library",Educational Instruction and Library Occupations,0.0236,0.23642065476190477,Low
ID,"compile, administer, and grade examinations, or assign this work to others.",0.2127324298770879,0.9134,0.7006675701229121,"compile, administer, and grade examinations, or assign this work to others.",25-1062.00,"Area, Ethnic, and Cultural Studies Teachers, Postsecondary",25-1062,"Education, Training, and Library",Educational Instruction and Library Occupations,0.0,0.20670535714285715,Low
ID,"compile, administer, and grade examinations, or assign this work to others.",0.2127324298770879,0.9134,0.7006675701229121,"compile, administer, and grade examinations, or assign this work to others.",25-1063.00,"Economics Teachers, Postsecondary",25-1063,"Education, Training, and Library",Educational Instruction and Library Occupations,0.0,0.19833482142857142,Low
ID,"compile, administer, and grade examinations, or assign this work to others.",0.2127324298770879,0.9134,0.7006675701229121,"compile, administer, and grade examinations, or assign this work to others.",25-1064.00,"Geography Teachers, Postsecondary",25-1064,"Education, Training, and Library",Educational Instruction and Library Occupations,0.0,0.23683928571428572,Low
ID,"compile, administer, and grade examinations, or assign this work to others.",0.2127324298770879,0.9134,0.7006675701229121,"compile, administer, and grade examinations, or assign this work to others.",25-1065.00,"Political Science Teachers, Postsecondary",25-1065,"Education, Training, and Library",Educational Instruction and Library Occupations,0.0,0.1849419642857143,Low
ID,"compile, administer, and grade examinations, or assign this work to others.",0.2127324298770879,0.9134,0.7006675701229121,"compile, administer, and grade examinations, or assign this work to others.",25-1066.00,"Psychology Teachers, Postsecondary",25-1066,"Education, Training, and Library",Educational Instruction and Library Occupations,0.3219,0.2599445238095238,Low
ID,"compile, administer, and grade examinations, or assign this work to others.",0.2127324298770879,0.9134,0.7006675701229121,"compile, administer, and grade examinations, or assign this work to others.",25-1067.00,"Sociology Teachers, Postsecondary",25-1067,"Education, Training, and Library",Educational Instruction and Library Occupations,0.0,0.19461458333333334,Low
ID,"compile, administer, and grade examinations, or assign this work to others.",0.2127324298770879,0.9134,0.7006675701229121,"compile, administer, and grade examinations, or assign this work to others.",25-1071.00,"Health Specialties Teachers, Postsecondary",25-1071,"Education, Training, and Library",Educational Instruction and Library Occupations,0.3045,0.16295476190476194,Low
ID,"compile, administer, and grade examinations, or assign this work to others.",0.2127324298770879,0.9134,0.7006675701229121,"compile, administer, and grade examinations, or assign this work to others.",25-1072.00,"Nursing Instructors and Teachers, Postsecondary",25-1072,"Education, Training, and Library",Educational Instruction and Library Occupations,0.1909,0.18131684523809521,Low
ID,"compile, administer, and grade examinations, or assign this work to others.",0.2127324298770879,0.9134,0.7006675701229121,"compile, administer, and grade examinations, or assign this work to others.",25-1081.00,"Education Teachers, Postsecondary",25-1081,"Education, Training, and Library",Educational Instruction and Library Occupations,0.2621,0.2129590476190476,Low
ID,"compile, administer, and grade examinations, or assign this work to others.",0.2127324298770879,0.9134,0.7006675701229121,"compile, administer, and grade examinations, or assign this work to others.",25-1082.00,"Library Science Teachers, Postsecondary",25-1082,"Education, Training, and Library",Educational Instruction and Library Occupations,0.018,0.23994702380952382,Low
ID,"compile, administer, and grade examinations, or assign this work to others.",0.2127324298770879,0.9134,0.7006675701229121,"compile, administer, and grade examinations, or assign this work to others.",25-1111.00,"Criminal Justice and Law Enforcement Teachers, Postsecondary",25-1111,"Education, Training, and Library",Educational Instruction and Library Occupations,0.0,0.19126636904761904,Low
ID,"compile, administer, and grade examinations, or assign this work to others.",0.2127324298770879,0.9134,0.7006675701229121,"compile, administer, and grade examinations, or assign this work to others.",25-1112.00,"Law Teachers, Postsecondary",25-1112,"Education, Training, and Library",Educational Instruction and Library Occupations,0.0,0.17638541666666668,Low
ID,"compile, administer, and grade examinations, or assign this work to others.",0.2127324298770879,0.9134,0.7006675701229121,"compile, administer, and grade examinations, or assign this work to others.",25-1113.00,"Social Work Teachers, Postsecondary",25-1113,"Education, Training, and Library",Educational Instruction and Library Occupations,0.0,0.19833482142857142,Low
ID,"compile, administer, and grade examinations, or assign this work to others.",0.2127324298770879,0.9134,0.7006675701229121,"compile, administer, and grade examinations, or assign this work to others.",25-1121.00,"Art, Drama, and Music Teachers, Postsecondary",25-1121,"Education, Training, and Library",Educational Instruction and Library Occupations,0.2142,0.17036154761904762,Low
ID,"compile, administer, and grade examinations, or assign this work to others.",0.2127324298770879,0.9134,0.7006675701229121,"compile, administer, and grade examinations, or assign this work to others.",25-1122.00,"Communications Teachers, Postsecondary",25-1122,"Education, Training, and Library",Educational Instruction and Library Occupations,0.2111,0.23943404761904763,Low
ID,"compile, administer, and grade examinations, or assign this work to others.",0.2127324298770879,0.9134,0.7006675701229121,"compile, administer, and grade examinations, or assign this work to others.",25-1123.00,"English Language and Literature Teachers, Postsecondary",25-1123,"Education, Training, and Library",Educational Instruction and Library Occupations,0.3618,0.253955119047619,Low
ID,"compile, administer, and grade examinations, or assign this work to others.",0.2127324298770879,0.9134,0.7006675701229121,"compile, administer, and grade examinations, or assign this work to others.",25-1124.00,"Foreign Language and Literature Teachers, Postsecondary",25-1124,"Education, Training, and Library",Educational Instruction and Library Occupations,0.2403,0.2539042261904762,Low
ID,"compile, administer, and grade examinations, or assign this work to others.",0.2127324298770879,0.9134,0.7006675701229121,"compile, administer, and grade examinations, or assign this work to others.",25-1125.00,"History Teachers, Postsecondary",25-1125,"Education, Training, and Library",Educational Instruction and Library Occupations,0.0994,0.21112309523809525,Low
ID,"compile, administer, and grade examinations, or assign this work to others.",0.2127324298770879,0.9134,0.7006675701229121,"compile, administer, and grade examinations, or assign this work to others.",25-1126.00,"Philosophy and Religion Teachers, Postsecondary",25-1126,"Education, Training, and Library",Educational Instruction and Library Occupations,0.2197,0.24454815476190478,Low
ID,"compile, administer, and grade examinations, or assign this work to others.",0.2127324298770879,0.9134,0.7006675701229121,"compile, administer, and grade examinations, or assign this work to others.",25-1192.00,"Home Economics Teachers, Postsecondary",25-1192,"Education, Training, and Library",Educational Instruction and Library Occupations,0.0,0.24390773809523808,Low
ID,"compile, administer, and grade examinations, or assign this work to others.",0.2127324298770879,0.9134,0.7006675701229121,"compile, administer, and grade examinations, or assign this work to others.",25-1193.00,"Recreation and Fitness Studies Teachers, Postsecondary",25-1193,"Education, Training, and Library",Educational Instruction and Library Occupations,0.1138,0.23362416666666666,Low
ID,define the goals of the system and devise flow charts and diagrams describing logical operational steps of programs.,0.1418216199180586,0.8393,0.6974783800819414,define the goals of the system and devise flow charts and diagrams describing logical operational steps of programs.,15-1121.00,Computer Systems Analysts,15-1121,,,,,
ID,"provide information and advice to the public regarding the selection, purchase, and care of products.",0.2127324298770879,0.9095,0.6967675701229121,"provide information and advice to the public regarding the selection, purchase, and care of products.",45-2092.01,Nursery Workers,45-2092,"Farming, Fishing, and Forestry","Farming, Fishing, and Forestry Occupations",0.0203,0.08100095238095238,Low
ID,write research reports and other publications to document and communicate research findings.,0.1654585565710684,0.8607,0.6952414434289316,write research reports and other publications to document and communicate research findings.,29-1031.00,Dietitians and Nutritionists,29-1031,Healthcare Practitioners and Technical,Healthcare Practitioners and Technical Occupations,0.1328,0.1791060119047619,Low
ID,plan parties or other special events and services.,0.1497005988023952,0.8433,0.6935994011976049,plan parties or other special events and services.,35-9031.00,"Hosts and Hostesses, Restaurant, Lounge, and Coffee Shop",35-9031,Food Preparation and Serving Related,Food Preparation and Serving Related Occupations,0.0734,0.3248927380952381,Low
ID,"analyze information to determine, recommend, and plan layout, including type of computers and peripheral equipment modifications.",0.1418216199180586,0.8318,0.6899783800819413,"analyze information to determine, recommend, and plan layout, including type of computers and peripheral equipment modifications.",17-2061.00,Computer Hardware Engineers,17-2061,Architecture and Engineering,Architecture and Engineering Occupations,0.1453,0.2621423214285714,Low
ID,"share information about religious issues by writing articles, giving speeches, or teaching.",0.1497005988023952,0.8378,0.6880994011976048,"share information about religious issues by writing articles, giving speeches, or teaching.",21-2011.00,Clergy,21-2011,Community and Social Service,Community and Social Service Occupations,0.1116,0.09162690476190478,Low
ID,develop instructional materials and conduct in-service and community-based educational programs.,0.1418216199180586,0.8245,0.6826783800819414,develop instructional materials and conduct in-service and community-based educational programs.,11-9111.00,Medical and Health Services Managers,11-9111,Management,Management Occupations,0.0659,0.05938202380952381,Low
ID,"determine sources of web page or server problems, and take action to correct such problems.",0.2442483454144343,0.9196,0.6753516545855657,"determine sources of web page or server problems, and take action to correct such problems.",15-1199.03,Web Administrators,15-1199,,,,,
ID,"organize material and complete writing assignment according to set standards regarding order, clarity, conciseness, style, and terminology.",0.1969744721084147,0.8694,0.6724255278915853,"organize material and complete writing assignment according to set standards regarding order, clarity, conciseness, style, and terminology.",27-3042.00,Technical Writers,27-3042,"Arts, Design, Entertainment, Sports, and Media","Arts, Design, Entertainment, Sports, and Media Occupations",0.4747,0.5176716666666668,Medium
ID,modify existing databases and database management systems or direct programmers and analysts to make changes.,0.2206114087614245,0.8897,0.6690885912385756,modify existing databases and database management systems or direct programmers and analysts to make changes.,15-1141.00,Database Administrators,15-1141,,,,,
ID,"observe and evaluate students' work to determine progress, provide feedback, and make suggestions for improvement.",0.2284903876457611,0.8883,0.6598096123542389,"observe and evaluate students' work to determine progress, provide feedback, and make suggestions for improvement.",25-1194.00,"Vocational Education Teachers, Postsecondary",25-1194,"Education, Training, and Library",Educational Instruction and Library Occupations,0.1563,0.2146420238095238,Low
ID,"develop and maintain the company's corporate image and identity, which includes the use of logos and signage.",0.1260636621493854,0.784,0.6579363378506147,"develop and maintain the company's corporate image and identity, which includes the use of logos and signage.",11-2031.00,Public Relations and Fundraising Managers,11-2031,,,,,
ID,"edit instructional materials, such as books, simulation exercises, lesson plans, instructor guides, and tests.",0.1260636621493854,0.7807,0.6546363378506146,"edit instructional materials, such as books, simulation exercises, lesson plans, instructor guides, and tests.",25-9031.01,Instructional Designers and Technologists,25-9031,"Education, Training, and Library",Educational Instruction and Library Occupations,0.3043,0.1771976785714286,Low
ID,"develop briefings, brochures, multimedia presentations, web pages, promotional products, technical illustrations, and computer artwork for use in products, technical manuals, literature, newsletters, and slide shows.",0.2048534509927513,0.8564,0.6515465490072487,"develop briefings, brochures, multimedia presentations, web pages, promotional products, technical illustrations, and computer artwork for use in products, technical manuals, literature, newsletters, and slide shows.",27-1014.00,Multimedia Artists and Animators,27-1014,"Arts, Design, Entertainment, Sports, and Media","Arts, Design, Entertainment, Sports, and Media Occupations",0.3571,0.2774025,Low
ID,"provide information, guidance, and preparation for the general equivalency diploma (ged) examination.",0.1733375354554049,0.8166,0.6432624645445951,"provide information, guidance, and preparation for the general equivalency diploma (ged) examination.",25-3011.00,Adult Basic and Secondary Education and Literacy Teachers and Instructors,25-3011,"Education, Training, and Library",Educational Instruction and Library Occupations,0.0636,0.2096974404761905,Low
ID,"prepare and deliver lectures to undergraduate or graduate students and the community on topics such as ethics, logic, and contemporary religious thought.",0.2048534509927513,0.8432,0.6383465490072486,"prepare and deliver lectures to undergraduate or graduate students and the community on topics such as ethics, logic, and contemporary religious thought.",25-1126.00,"Philosophy and Religion Teachers, Postsecondary",25-1126,"Education, Training, and Library",Educational Instruction and Library Occupations,0.2197,0.24454815476190478,Low
ID,develop curricula and plan course content and methods of instruction.,0.1890954932240781,0.8184,0.629304506775922,develop curricula and plan course content and methods of instruction.,25-1194.00,"Vocational Education Teachers, Postsecondary",25-1194,"Education, Training, and Library",Educational Instruction and Library Occupations,0.1563,0.2146420238095238,Low
ID,"conduct logical analyses of business, scientific, engineering, and other technical problems, formulating mathematical models of problems for solution by computers.",0.2757642609517807,0.8987,0.6229357390482193,"conduct logical analyses of business, scientific, engineering, and other technical problems, formulating mathematical models of problems for solution by computers.",15-1111.00,Computer and Information Research Scientists,15-1111,,,,,
ID,"plan and prepare advertising and promotional material to increase sales of products or services, working with customers, company officials, sales departments, and advertising agencies.",0.1733375354554049,0.7943,0.6209624645445951,"plan and prepare advertising and promotional material to increase sales of products or services, working with customers, company officials, sales departments, and advertising agencies.",11-2011.00,Advertising and Promotions Managers,11-2011,Management,Management Occupations,0.1731,0.2726045833333333,Low
ID,"search electronic sources, such as databases or repositories, or manual sources for information.",0.3151591553734635,0.9353,0.6201408446265365,"search electronic sources, such as databases or repositories, or manual sources for information.",15-1199.12,Document Management Specialists,15-1199,,,,,
ID,"provide clients with communication assistance, typing their correspondence or obtaining information for them.",0.1181846832650488,0.7315,0.6133153167349512,"provide clients with communication assistance, typing their correspondence or obtaining information for them.",39-9021.00,Personal Care Aides,39-9021,,,,,
ID,"plan, evaluate, and revise curricula, course content, course materials, and methods of instruction.",0.1418216199180586,0.7542,0.6123783800819413,"plan, evaluate, and revise curricula, course content, course materials, and methods of instruction.",25-1062.00,"Area, Ethnic, and Cultural Studies Teachers, Postsecondary",25-1062,"Education, Training, and Library",Educational Instruction and Library Occupations,0.0,0.20670535714285715,Low
ID,"plan, evaluate, and revise curricula, course content, course materials, and methods of instruction.",0.1418216199180586,0.7542,0.6123783800819413,"plan, evaluate, and revise curricula, course content, course materials, and methods of instruction.",25-1063.00,"Economics Teachers, Postsecondary",25-1063,"Education, Training, and Library",Educational Instruction and Library Occupations,0.0,0.19833482142857142,Low
ID,"plan, evaluate, and revise curricula, course content, course materials, and methods of instruction.",0.1418216199180586,0.7542,0.6123783800819413,"plan, evaluate, and revise curricula, course content, course materials, and methods of instruction.",25-1064.00,"Geography Teachers, Postsecondary",25-1064,"Education, Training, and Library",Educational Instruction and Library Occupations,0.0,0.23683928571428572,Low
ID,"plan, evaluate, and revise curricula, course content, course materials, and methods of instruction.",0.1418216199180586,0.7542,0.6123783800819413,"plan, evaluate, and revise curricula, course content, course materials, and methods of instruction.",25-1065.00,"Political Science Teachers, Postsecondary",25-1065,"Education, Training, and Library",Educational Instruction and Library Occupations,0.0,0.1849419642857143,Low
ID,"plan, evaluate, and revise curricula, course content, course materials, and methods of instruction.",0.1418216199180586,0.7542,0.6123783800819413,"plan, evaluate, and revise curricula, course content, course materials, and methods of instruction.",25-1066.00,"Psychology Teachers, Postsecondary",25-1066,"Education, Training, and Library",Educational Instruction and Library Occupations,0.3219,0.2599445238095238,Low
ID,"plan, evaluate, and revise curricula, course content, course materials, and methods of instruction.",0.1418216199180586,0.7542,0.6123783800819413,"plan, evaluate, and revise curricula, course content, course materials, and methods of instruction.",25-1067.00,"Sociology Teachers, Postsecondary",25-1067,"Education, Training, and Library",Educational Instruction and Library Occupations,0.0,0.19461458333333334,Low
ID,"plan, evaluate, and revise curricula, course content, course materials, and methods of instruction.",0.1418216199180586,0.7542,0.6123783800819413,"plan, evaluate, and revise curricula, course content, course materials, and methods of instruction.",25-1071.00,"Health Specialties Teachers, Postsecondary",25-1071,"Education, Training, and Library",Educational Instruction and Library Occupations,0.3045,0.16295476190476194,Low
ID,"plan, evaluate, and revise curricula, course content, course materials, and methods of instruction.",0.1418216199180586,0.7542,0.6123783800819413,"plan, evaluate, and revise curricula, course content, course materials, and methods of instruction.",25-1072.00,"Nursing Instructors and Teachers, Postsecondary",25-1072,"Education, Training, and Library",Educational Instruction and Library Occupations,0.1909,0.18131684523809521,Low
ID,"plan, evaluate, and revise curricula, course content, course materials, and methods of instruction.",0.1418216199180586,0.7542,0.6123783800819413,"plan, evaluate, and revise curricula, course content, course materials, and methods of instruction.",25-1081.00,"Education Teachers, Postsecondary",25-1081,"Education, Training, and Library",Educational Instruction and Library Occupations,0.2621,0.2129590476190476,Low
ID,"plan, evaluate, and revise curricula, course content, course materials, and methods of instruction.",0.1418216199180586,0.7542,0.6123783800819413,"plan, evaluate, and revise curricula, course content, course materials, and methods of instruction.",25-1082.00,"Library Science Teachers, Postsecondary",25-1082,"Education, Training, and Library",Educational Instruction and Library Occupations,0.018,0.23994702380952382,Low
ID,"plan, evaluate, and revise curricula, course content, course materials, and methods of instruction.",0.1418216199180586,0.7542,0.6123783800819413,"plan, evaluate, and revise curricula, course content, course materials, and methods of instruction.",25-1111.00,"Criminal Justice and Law Enforcement Teachers, Postsecondary",25-1111,"Education, Training, and Library",Educational Instruction and Library Occupations,0.0,0.19126636904761904,Low
ID,"plan, evaluate, and revise curricula, course content, course materials, and methods of instruction.",0.1418216199180586,0.7542,0.6123783800819413,"plan, evaluate, and revise curricula, course content, course materials, and methods of instruction.",25-1112.00,"Law Teachers, Postsecondary",25-1112,"Education, Training, and Library",Educational Instruction and Library Occupations,0.0,0.17638541666666668,Low
ID,"plan, evaluate, and revise curricula, course content, course materials, and methods of instruction.",0.1418216199180586,0.7542,0.6123783800819413,"plan, evaluate, and revise curricula, course content, course materials, and methods of instruction.",25-1113.00,"Social Work Teachers, Postsecondary",25-1113,"Education, Training, and Library",Educational Instruction and Library Occupations,0.0,0.19833482142857142,Low
ID,"plan, evaluate, and revise curricula, course content, course materials, and methods of instruction.",0.1418216199180586,0.7542,0.6123783800819413,"plan, evaluate, and revise curricula, course content, course materials, and methods of instruction.",25-1121.00,"Art, Drama, and Music Teachers, Postsecondary",25-1121,"Education, Training, and Library",Educational Instruction and Library Occupations,0.2142,0.17036154761904762,Low
ID,"plan, evaluate, and revise curricula, course content, course materials, and methods of instruction.",0.1418216199180586,0.7542,0.6123783800819413,"plan, evaluate, and revise curricula, course content, course materials, and methods of instruction.",25-1122.00,"Communications Teachers, Postsecondary",25-1122,"Education, Training, and Library",Educational Instruction and Library Occupations,0.2111,0.23943404761904763,Low
ID,"plan, evaluate, and revise curricula, course content, course materials, and methods of instruction.",0.1418216199180586,0.7542,0.6123783800819413,"plan, evaluate, and revise curricula, course content, course materials, and methods of instruction.",25-1123.00,"English Language and Literature Teachers, Postsecondary",25-1123,"Education, Training, and Library",Educational Instruction and Library Occupations,0.3618,0.253955119047619,Low
ID,"plan, evaluate, and revise curricula, course content, course materials, and methods of instruction.",0.1418216199180586,0.7542,0.6123783800819413,"plan, evaluate, and revise curricula, course content, course materials, and methods of instruction.",25-1124.00,"Foreign Language and Literature Teachers, Postsecondary",25-1124,"Education, Training, and Library",Educational Instruction and Library Occupations,0.2403,0.2539042261904762,Low
ID,"plan, evaluate, and revise curricula, course content, course materials, and methods of instruction.",0.1418216199180586,0.7542,0.6123783800819413,"plan, evaluate, and revise curricula, course content, course materials, and methods of instruction.",25-1125.00,"History Teachers, Postsecondary",25-1125,"Education, Training, and Library",Educational Instruction and Library Occupations,0.0994,0.21112309523809525,Low
ID,"plan, evaluate, and revise curricula, course content, course materials, and methods of instruction.",0.1418216199180586,0.7542,0.6123783800819413,"plan, evaluate, and revise curricula, course content, course materials, and methods of instruction.",25-1126.00,"Philosophy and Religion Teachers, Postsecondary",25-1126,"Education, Training, and Library",Educational Instruction and Library Occupations,0.2197,0.24454815476190478,Low
ID,"plan, evaluate, and revise curricula, course content, course materials, and methods of instruction.",0.1418216199180586,0.7542,0.6123783800819413,"plan, evaluate, and revise curricula, course content, course materials, and methods of instruction.",25-1192.00,"Home Economics Teachers, Postsecondary",25-1192,"Education, Training, and Library",Educational Instruction and Library Occupations,0.0,0.24390773809523808,Low
ID,"plan, evaluate, and revise curricula, course content, course materials, and methods of instruction.",0.1418216199180586,0.7542,0.6123783800819413,"plan, evaluate, and revise curricula, course content, course materials, and methods of instruction.",25-1193.00,"Recreation and Fitness Studies Teachers, Postsecondary",25-1193,"Education, Training, and Library",Educational Instruction and Library Occupations,0.1138,0.23362416666666666,Low
ID,"develop teaching materials, such as syllabi, visual aids, answer keys, supplementary notes, or course web sites.",0.267885282067444,0.8646,0.596714717932556,"develop teaching materials, such as syllabi, visual aids, answer keys, supplementary notes, or course web sites.",25-1191.00,Graduate Teaching Assistants,25-1191,,,,,
ID,"review instructional content, methods, and student evaluations to assess strengths and weaknesses, and to develop recommendations for course revision, development, or elimination.",0.1812165143397415,0.7636,0.5823834856602584,"review instructional content, methods, and student evaluations to assess strengths and weaknesses, and to develop recommendations for course revision, development, or elimination.",25-3011.00,Adult Basic and Secondary Education and Literacy Teachers and Instructors,25-3011,"Education, Training, and Library",Educational Instruction and Library Occupations,0.0636,0.2096974404761905,Low
ID,"review instructional content, methods, and student evaluations to assess strengths and weaknesses, and to develop recommendations for course revision, development, or elimination.",0.1812165143397415,0.7636,0.5823834856602584,"review instructional content, methods, and student evaluations to assess strengths and weaknesses, and to develop recommendations for course revision, development, or elimination.",25-3021.00,Self-Enrichment Education Teachers,25-3021,"Education, Training, and Library",Educational Instruction and Library Occupations,0.0662,0.13889369047619046,Low
ID,"read manuals, periodicals, and technical reports to learn how to develop programs that meet staff and user requirements.",0.3151591553734635,0.8945,0.5793408446265365,"read manuals, periodicals, and technical reports to learn how to develop programs that meet staff and user requirements.",15-1121.00,Computer Systems Analysts,15-1121,,,,,
ID,"review and analyze computer printouts and performance indicators to locate code problems, and correct errors by correcting codes.",0.3466750709108099,0.9237,0.57702492908919,"review and analyze computer printouts and performance indicators to locate code problems, and correct errors by correcting codes.",15-1121.00,Computer Systems Analysts,15-1121,,,,,
ID,provide feedback and recommendations to developers on software usability and functionality.,0.307280176489127,0.852,0.544719823510873,provide feedback and recommendations to developers on software usability and functionality.,15-1199.01,Software Quality Assurance Engineers and Testers,15-1199,,,,,
ID,consult with multiple stakeholders to define requirements and implement online features.,0.1812165143397415,0.725,0.5437834856602585,consult with multiple stakeholders to define requirements and implement online features.,15-1199.11,Video Game Designers,15-1199,,,,,
ID,provide assistance to students in college writing centers.,0.2442483454144343,0.7847,0.5404516545855657,provide assistance to students in college writing centers.,25-1123.00,"English Language and Literature Teachers, Postsecondary",25-1123,"Education, Training, and Library",Educational Instruction and Library Occupations,0.3618,0.253955119047619,Low
ID,"read written materials, such as legal documents, scientific works, or news reports, and rewrite material into specified languages.",0.3781909864481563,0.8909,0.5127090135518437,"read written materials, such as legal documents, scientific works, or news reports, and rewrite material into specified languages.",27-3091.00,Interpreters and Translators,27-3091,"Arts, Design, Entertainment, Sports, and Media","Arts, Design, Entertainment, Sports, and Media Occupations",0.4304,0.3722820238095238,Medium
ID,"use computers for various applications, such as database management or word processing.",0.4727387330601954,0.9607,0.48796126693980457,"use computers for various applications, such as database management or word processing.",43-6014.00,"Secretaries and Administrative Assistants, Except Legal, Medical, and Executive",43-6014,Office and Administrative Support,Office and Administrative Support Occupations,0.4528,0.4664682142857143,Medium
ID,"answer customers' questions, and provide information on procedures or policies.",0.4569807752915222,0.942,0.48501922470847775,"answer customers' questions, and provide information on procedures or policies.",41-2011.00,Cashiers,41-2011,Sales and Related,Sales and Related Occupations,0.0846,0.31784,Low
ID,advise and teach students.,0.2757642609517807,0.7479,0.4721357390482193,advise and teach students.,25-9031.00,Instructional Coordinators,25-9031,"Education, Training, and Library",Educational Instruction and Library Occupations,0.3043,0.1771976785714286,Low
ID,analyze user needs and software requirements to determine feasibility of design within time and cost constraints.,0.441222817522849,0.9097,0.468477182477151,analyze user needs and software requirements to determine feasibility of design within time and cost constraints.,15-1132.00,"Software Developers, Applications",15-1132,,,,,
ID,"reformat documents, moving paragraphs or columns.",0.5121336274818784,0.9266,0.4144663725181216,"reformat documents, moving paragraphs or columns.",43-9022.00,Word Processors and Typists,43-9022,Office and Administrative Support,Office and Administrative Support Occupations,0.2385,0.49118720238095237,Medium
ID,prepare and deliver lectures to undergraduate or graduate students on topics such as how to speak and write a foreign language and the cultural aspects of areas where a particular language is used.,0.5515285219035614,0.9016,0.35007147809643857,prepare and deliver lectures to undergraduate or graduate students on topics such as how to speak and write a foreign language and the cultural aspects of areas where a particular language is used.,25-1124.00,"Foreign Language and Literature Teachers, Postsecondary",25-1124,"Education, Training, and Library",Educational Instruction and Library Occupations,0.2403,0.2539042261904762,Low
ID,write supporting code for web applications or web sites.,0.5594075007878979,0.8944,0.33499249921210206,write supporting code for web applications or web sites.,15-1134.00,Web Developers,15-1134,,,,,
ID,develop or apply data mining and machine learning algorithms.,0.6381972896312638,0.9628,0.3246027103687362,develop or apply data mining and machine learning algorithms.,43-9111.01,Bioinformatics Technicians,43-9111,Office and Administrative Support,Office and Administrative Support Occupations,0.5099,0.5560641666666667,Medium
ID,"develop teaching or training materials, such as handouts, study materials, or quizzes.",0.5436495430192246,0.8561,0.31245045698077534,"develop teaching or training materials, such as handouts, study materials, or quizzes.",25-3099.02,Tutors,25-3099,,,,,
ID,confer with clients regarding the nature of the information processing or computation needs a computer program is to address.,0.4727387330601954,0.7448,0.2720612669398046,confer with clients regarding the nature of the information processing or computation needs a computer program is to address.,15-1121.00,Computer Systems Analysts,15-1121,,,,,
ID,"write original or adapted material for dramas, comedies, puppet shows, narration, or other performances.",0.6775921840529467,0.9313,0.2537078159470533,"write original or adapted material for dramas, comedies, puppet shows, narration, or other performances.",27-2011.00,Actors,27-2011,"Arts, Design, Entertainment, Sports, and Media","Arts, Design, Entertainment, Sports, and Media Occupations",0.1011,0.3113968452380952,Low
ID,"compile and write documentation of program development and subsequent revisions, inserting comments in the coded instructions so others can understand the program.",0.7012291207059566,0.8916,0.1903708792940434,"compile and write documentation of program development and subsequent revisions, inserting comments in the coded instructions so others can understand the program.",15-1131.00,Computer Programmers,15-1131,,,,,
ID,advise students on academic and vocational curricula and on career issues.,0.6145603529782541,0.7735,0.1589396470217459,advise students on academic and vocational curricula and on career issues.,25-1021.00,"Computer Science Teachers, Postsecondary",25-1021,"Education, Training, and Library",Educational Instruction and Library Occupations,0.2414,0.2461597023809524,Low
ID,advise students on academic and vocational curricula and on career issues.,0.6145603529782541,0.7735,0.1589396470217459,advise students on academic and vocational curricula and on career issues.,25-1022.00,"Mathematical Science Teachers, Postsecondary",25-1022,"Education, Training, and Library",Educational Instruction and Library Occupations,0.4305,0.2983622023809524,Low
ID,advise students on academic and vocational curricula and on career issues.,0.6145603529782541,0.7735,0.1589396470217459,advise students on academic and vocational curricula and on career issues.,25-1031.00,"Architecture Teachers, Postsecondary",25-1031,"Education, Training, and Library",Educational Instruction and Library Occupations,0.0,0.22195833333333334,Low
ID,advise students on academic and vocational curricula and on career issues.,0.6145603529782541,0.7735,0.1589396470217459,advise students on academic and vocational curricula and on career issues.,25-1032.00,"Engineering Teachers, Postsecondary",25-1032,"Education, Training, and Library",Educational Instruction and Library Occupations,0.3589,0.27641863095238095,Low
ID,advise students on academic and vocational curricula and on career issues.,0.6145603529782541,0.7735,0.1589396470217459,advise students on academic and vocational curricula and on career issues.,25-1041.00,"Agricultural Sciences Teachers, Postsecondary",25-1041,"Education, Training, and Library",Educational Instruction and Library Occupations,0.0,0.20670535714285715,Low
ID,advise students on academic and vocational curricula and on career issues.,0.6145603529782541,0.7735,0.1589396470217459,advise students on academic and vocational curricula and on career issues.,25-1042.00,"Biological Science Teachers, Postsecondary",25-1042,"Education, Training, and Library",Educational Instruction and Library Occupations,0.2914,0.23230553571428572,Low
ID,advise students on academic and vocational curricula and on career issues.,0.6145603529782541,0.7735,0.1589396470217459,advise students on academic and vocational curricula and on career issues.,25-1043.00,"Forestry and Conservation Science Teachers, Postsecondary",25-1043,"Education, Training, and Library",Educational Instruction and Library Occupations,0.0206,0.2521477380952381,Low
ID,advise students on academic and vocational curricula and on career issues.,0.6145603529782541,0.7735,0.1589396470217459,advise students on academic and vocational curricula and on career issues.,25-1051.00,"Atmospheric, Earth, Marine, and Space Sciences Teachers, Postsecondary",25-1051,"Education, Training, and Library",Educational Instruction and Library Occupations,0.0396,0.22254535714285714,Low
ID,advise students on academic and vocational curricula and on career issues.,0.6145603529782541,0.7735,0.1589396470217459,advise students on academic and vocational curricula and on career issues.,25-1052.00,"Chemistry Teachers, Postsecondary",25-1052,"Education, Training, and Library",Educational Instruction and Library Occupations,0.2185,0.25876309523809526,Low
ID,advise students on academic and vocational curricula and on career issues.,0.6145603529782541,0.7735,0.1589396470217459,advise students on academic and vocational curricula and on career issues.,25-1053.00,"Environmental Science Teachers, Postsecondary",25-1053,"Education, Training, and Library",Educational Instruction and Library Occupations,0.0232,0.23626065476190478,Low
ID,advise students on academic and vocational curricula and on career issues.,0.6145603529782541,0.7735,0.1589396470217459,advise students on academic and vocational curricula and on career issues.,25-1054.00,"Physics Teachers, Postsecondary",25-1054,"Education, Training, and Library",Educational Instruction and Library Occupations,0.0,0.19461458333333334,Low
ID,advise students on academic and vocational curricula and on career issues.,0.6145603529782541,0.7735,0.1589396470217459,advise students on academic and vocational curricula and on career issues.,25-1063.00,"Economics Teachers, Postsecondary",25-1063,"Education, Training, and Library",Educational Instruction and Library Occupations,0.0,0.19833482142857142,Low
ID,advise students on academic and vocational curricula and on career issues.,0.6145603529782541,0.7735,0.1589396470217459,advise students on academic and vocational curricula and on career issues.,25-1064.00,"Geography Teachers, Postsecondary",25-1064,"Education, Training, and Library",Educational Instruction and Library Occupations,0.0,0.23683928571428572,Low
ID,advise students on academic and vocational curricula and on career issues.,0.6145603529782541,0.7735,0.1589396470217459,advise students on academic and vocational curricula and on career issues.,25-1065.00,"Political Science Teachers, Postsecondary",25-1065,"Education, Training, and Library",Educational Instruction and Library Occupations,0.0,0.1849419642857143,Low
ID,advise students on academic and vocational curricula and on career issues.,0.6145603529782541,0.7735,0.1589396470217459,advise students on academic and vocational curricula and on career issues.,25-1066.00,"Psychology Teachers, Postsecondary",25-1066,"Education, Training, and Library",Educational Instruction and Library Occupations,0.3219,0.2599445238095238,Low
ID,advise students on academic and vocational curricula and on career issues.,0.6145603529782541,0.7735,0.1589396470217459,advise students on academic and vocational curricula and on career issues.,25-1067.00,"Sociology Teachers, Postsecondary",25-1067,"Education, Training, and Library",Educational Instruction and Library Occupations,0.0,0.19461458333333334,Low
ID,advise students on academic and vocational curricula and on career issues.,0.6145603529782541,0.7735,0.1589396470217459,advise students on academic and vocational curricula and on career issues.,25-1071.00,"Health Specialties Teachers, Postsecondary",25-1071,"Education, Training, and Library",Educational Instruction and Library Occupations,0.3045,0.16295476190476194,Low
ID,advise students on academic and vocational curricula and on career issues.,0.6145603529782541,0.7735,0.1589396470217459,advise students on academic and vocational curricula and on career issues.,25-1072.00,"Nursing Instructors and Teachers, Postsecondary",25-1072,"Education, Training, and Library",Educational Instruction and Library Occupations,0.1909,0.18131684523809521,Low
ID,advise students on academic and vocational curricula and on career issues.,0.6145603529782541,0.7735,0.1589396470217459,advise students on academic and vocational curricula and on career issues.,25-1081.00,"Education Teachers, Postsecondary",25-1081,"Education, Training, and Library",Educational Instruction and Library Occupations,0.2621,0.2129590476190476,Low
ID,advise students on academic and vocational curricula and on career issues.,0.6145603529782541,0.7735,0.1589396470217459,advise students on academic and vocational curricula and on career issues.,25-1082.00,"Library Science Teachers, Postsecondary",25-1082,"Education, Training, and Library",Educational Instruction and Library Occupations,0.018,0.23994702380952382,Low
ID,advise students on academic and vocational curricula and on career issues.,0.6145603529782541,0.7735,0.1589396470217459,advise students on academic and vocational curricula and on career issues.,25-1111.00,"Criminal Justice and Law Enforcement Teachers, Postsecondary",25-1111,"Education, Training, and Library",Educational Instruction and Library Occupations,0.0,0.19126636904761904,Low
ID,advise students on academic and vocational curricula and on career issues.,0.6145603529782541,0.7735,0.1589396470217459,advise students on academic and vocational curricula and on career issues.,25-1112.00,"Law Teachers, Postsecondary",25-1112,"Education, Training, and Library",Educational Instruction and Library Occupations,0.0,0.17638541666666668,Low
ID,advise students on academic and vocational curricula and on career issues.,0.6145603529782541,0.7735,0.1589396470217459,advise students on academic and vocational curricula and on career issues.,25-1113.00,"Social Work Teachers, Postsecondary",25-1113,"Education, Training, and Library",Educational Instruction and Library Occupations,0.0,0.19833482142857142,Low
ID,advise students on academic and vocational curricula and on career issues.,0.6145603529782541,0.7735,0.1589396470217459,advise students on academic and vocational curricula and on career issues.,25-1121.00,"Art, Drama, and Music Teachers, Postsecondary",25-1121,"Education, Training, and Library",Educational Instruction and Library Occupations,0.2142,0.17036154761904762,Low
ID,advise students on academic and vocational curricula and on career issues.,0.6145603529782541,0.7735,0.1589396470217459,advise students on academic and vocational curricula and on career issues.,25-1122.00,"Communications Teachers, Postsecondary",25-1122,"Education, Training, and Library",Educational Instruction and Library Occupations,0.2111,0.23943404761904763,Low
ID,advise students on academic and vocational curricula and on career issues.,0.6145603529782541,0.7735,0.1589396470217459,advise students on academic and vocational curricula and on career issues.,25-1123.00,"English Language and Literature Teachers, Postsecondary",25-1123,"Education, Training, and Library",Educational Instruction and Library Occupations,0.3618,0.253955119047619,Low
ID,advise students on academic and vocational curricula and on career issues.,0.6145603529782541,0.7735,0.1589396470217459,advise students on academic and vocational curricula and on career issues.,25-1124.00,"Foreign Language and Literature Teachers, Postsecondary",25-1124,"Education, Training, and Library",Educational Instruction and Library Occupations,0.2403,0.2539042261904762,Low
ID,advise students on academic and vocational curricula and on career issues.,0.6145603529782541,0.7735,0.1589396470217459,advise students on academic and vocational curricula and on career issues.,25-1125.00,"History Teachers, Postsecondary",25-1125,"Education, Training, and Library",Educational Instruction and Library Occupations,0.0994,0.21112309523809525,Low
ID,advise students on academic and vocational curricula and on career issues.,0.6145603529782541,0.7735,0.1589396470217459,advise students on academic and vocational curricula and on career issues.,25-1126.00,"Philosophy and Religion Teachers, Postsecondary",25-1126,"Education, Training, and Library",Educational Instruction and Library Occupations,0.2197,0.24454815476190478,Low
ID,advise students on academic and vocational curricula and on career issues.,0.6145603529782541,0.7735,0.1589396470217459,advise students on academic and vocational curricula and on career issues.,25-1192.00,"Home Economics Teachers, Postsecondary",25-1192,"Education, Training, and Library",Educational Instruction and Library Occupations,0.0,0.24390773809523808,Low
ID,advise students on academic and vocational curricula and on career issues.,0.6145603529782541,0.7735,0.1589396470217459,advise students on academic and vocational curricula and on career issues.,25-1193.00,"Recreation and Fitness Studies Teachers, Postsecondary",25-1193,"Education, Training, and Library",Educational Instruction and Library Occupations,0.1138,0.23362416666666666,Low
ID,"troubleshoot problems involving office equipment, such as computer hardware and software.",0.7642609517806492,0.8875,0.12323904821935072,"troubleshoot problems involving office equipment, such as computer hardware and software.",43-9061.00,"Office Clerks, General",43-9061,Office and Administrative Support,Office and Administrative Support Occupations,0.4504,0.4640201190476191,Medium
ID,"prepare, rewrite and edit copy to improve readability, or supervise others who do this work.",0.7327450362433029,0.7908,0.05805496375669705,"prepare, rewrite and edit copy to improve readability, or supervise others who do this work.",27-3041.00,Editors,27-3041,"Arts, Design, Entertainment, Sports, and Media","Arts, Design, Entertainment, Sports, and Media Occupations",0.246,0.2192690476190476,Low
ID,correct errors by making appropriate changes and rechecking the program to ensure that the desired results are produced.,0.8666876772770249,0.9214,0.054712322722975104,correct errors by making appropriate changes and rechecking the program to ensure that the desired results are produced.,15-1131.00,Computer Programmers,15-1131,,,,,
ID,"instruct through lectures, discussions, and demonstrations in one or more subjects, such as english, mathematics, or social studies.",0.8903246139300347,0.8533,-0.037024613930034755,"instruct through lectures, discussions, and demonstrations in one or more subjects, such as english, mathematics, or social studies.",25-2022.00,"Middle School Teachers, Except Special and Career/Technical Education",25-2022,"Education, Training, and Library",Educational Instruction and Library Occupations,0.2972,0.17440976190476193,Low
ID,"instruct through lectures, discussions, and demonstrations in one or more subjects, such as english, mathematics, or social studies.",0.8903246139300347,0.8533,-0.037024613930034755,"instruct through lectures, discussions, and demonstrations in one or more subjects, such as english, mathematics, or social studies.",25-2031.00,"Secondary School Teachers, Except Special and Career/Technical Education",25-2031,"Education, Training, and Library",Educational Instruction and Library Occupations,0.2901,0.16078107142857143,Low
ID,"instruct through lectures, discussions, and demonstrations in one or more subjects, such as english, mathematics, or social studies.",0.8903246139300347,0.8533,-0.037024613930034755,"instruct through lectures, discussions, and demonstrations in one or more subjects, such as english, mathematics, or social studies.",25-2053.00,"Special Education Teachers, Middle School",25-2053,,,,,
ID,"instruct through lectures, discussions, and demonstrations in one or more subjects, such as english, mathematics, or social studies.",0.8903246139300347,0.8533,-0.037024613930034755,"instruct through lectures, discussions, and demonstrations in one or more subjects, such as english, mathematics, or social studies.",25-2054.00,"Special Education Teachers, Secondary School",25-2054,,,,,
ID,"edit, standardize, or make changes to material prepared by other writers or establishment personnel.",0.8824456350456981,0.8294,-0.053045635045698036,"edit, standardize, or make changes to material prepared by other writers or establishment personnel.",27-3042.00,Technical Writers,27-3042,"Arts, Design, Entertainment, Sports, and Media","Arts, Design, Entertainment, Sports, and Media Occupations",0.4747,0.5176716666666668,Medium
ID,participate in the work of subordinates to facilitate productivity or to overcome difficult aspects of work.,0.1497005988023952,0.0,-0.1497005988023952,participate in the work of subordinates to facilitate productivity or to overcome difficult aspects of work.,43-1011.00,First-Line Supervisors of Office and Administrative Support Workers,43-1011,Office and Administrative Support,Office and Administrative Support Occupations,0.1856,0.14410845238095238,Low
ID,"counsel and provide guidance to students regarding personal, academic, vocational, or behavioral issues.",0.1654585565710684,0.0,-0.1654585565710684,"counsel and provide guidance to students regarding personal, academic, vocational, or behavioral issues.",11-9032.00,"Education Administrators, Elementary and Secondary School",11-9032,Management,Management Occupations,0.0525,0.07278125,Low
ID,help children with homework and school work.,0.1812165143397415,0.0,-0.1812165143397415,help children with homework and school work.,39-9011.00,Childcare Workers,39-9011,Personal Care and Service,Personal Care and Service Occupations,0.0122,0.11646035714285716,Low
ID,"diagnose, troubleshoot, and resolve hardware, software, or other network and system problems, and replace defective components when necessary.",1.2921525370312008,0.9351,-0.35705253703120077,"diagnose, troubleshoot, and resolve hardware, software, or other network and system problems, and replace defective components when necessary.",15-1142.00,Network and Computer Systems Administrators,15-1142,,,,,
ID,"provide private instruction to individual or small groups of students to improve academic performance, improve occupational skills, or prepare for academic or occupational tests.",1.284273558146864,0.9154,-0.36887355814686407,"provide private instruction to individual or small groups of students to improve academic performance, improve occupational skills, or prepare for academic or occupational tests.",25-3099.02,Tutors,25-3099,,,,,
ID,"write, update, and maintain computer programs or software packages to handle specific jobs such as tracking inventory, storing or retrieving data, or controlling other equipment.",1.36306334699023,0.9269,-0.43616334699023007,"write, update, and maintain computer programs or software packages to handle specific jobs such as tracking inventory, storing or retrieving data, or controlling other equipment.",15-1131.00,Computer Programmers,15-1131,,,,,
ID,guide clients in the development of skills or strategies for dealing with their problems.,0.4884966908288686,0.0,-0.4884966908288686,guide clients in the development of skills or strategies for dealing with their problems.,21-1014.00,Mental Health Counselors,21-1014,,,,,
ID,"conduct classes, workshops, and demonstrations to teach principles, techniques, or methods in subjects, such as basic english language skills, life skills, and workforce entry skills.",0.5909234163252443,0.0,-0.5909234163252443,"conduct classes, workshops, and demonstrations to teach principles, techniques, or methods in subjects, such as basic english language skills, life skills, and workforce entry skills.",25-3011.00,Adult Basic and Secondary Education and Literacy Teachers and Instructors,25-3011,"Education, Training, and Library",Educational Instruction and Library Occupations,0.0636,0.2096974404761905,Low
ID,"design, build, or maintain web sites, using authoring or scripting languages, content creation tools, management tools, and digital media.",1.575795776867318,0.9054,-0.6703957768673181,"design, build, or maintain web sites, using authoring or scripting languages, content creation tools, management tools, and digital media.",15-1134.00,Web Developers,15-1134,,,,,
ID,"develop instructional materials, such as lesson plans, handouts, or examinations.",2.686731799558777,0.8444,-1.842331799558777,"develop instructional materials, such as lesson plans, handouts, or examinations.",25-9031.01,Instructional Designers and Technologists,25-9031,"Education, Training, and Library",Educational Instruction and Library Occupations,0.3043,0.1771976785714286,Low
ID,"review class material with students by discussing text, working solutions to problems, or reviewing worksheets or other assignments.",2.883706271667192,0.9368,-1.946906271667192,"review class material with students by discussing text, working solutions to problems, or reviewing worksheets or other assignments.",25-3099.02,Tutors,25-3099,,,,,
ID,"write new programs or modify existing programs to meet customer requirements, using current programming languages and technologies.",3.4903876457611096,0.9306,-2.5597876457611095,"write new programs or modify existing programs to meet customer requirements, using current programming languages and technologies.",15-1199.07,Data Warehousing Specialists,15-1199,,,,,
ID,"modify existing software to correct errors, allow it to adapt to new hardware, or to improve its performance.",5.444374409076583,0.9592,-4.485174409076583,"modify existing software to correct errors, allow it to adapt to new hardware, or to improve its performance.",15-1132.00,"Software Developers, Applications",15-1132,,,,,
ID,assist students who need extra help with their coursework outside of class.,6.248030255278915,0.9421,-5.305930255278915,assist students who need extra help with their coursework outside of class.,25-1042.00,"Biological Science Teachers, Postsecondary",25-1042,"Education, Training, and Library",Educational Instruction and Library Occupations,0.2914,0.23230553571428572,Low
ID,assist students who need extra help with their coursework outside of class.,6.248030255278915,0.9421,-5.305930255278915,assist students who need extra help with their coursework outside of class.,25-1123.00,"English Language and Literature Teachers, Postsecondary",25-1123,"Education, Training, and Library",Educational Instruction and Library Occupations,0.3618,0.253955119047619,Low
