occ_code,task,penetration
41-1012.00,"Listen to and resolve customer complaints regarding services, products, or personnel.",1.0
17-2061.00,Analyze user needs and recommend appropriate hardware.,1.0
17-3027.01,"Read and interpret blueprints, schematics, work specifications, drawings, or charts.",1.0
43-4181.00,"Plan routes, itineraries, and accommodation details, and compute fares and fees, using schedules, rate books, and computers.",1.0
35-9031.00,Answer telephone calls and respond to inquiries or transfer calls.,1.0
15-1121.00,Specify inputs accessed by the system and plan the distribution and use of the results.,1.0
19-3032.00,"Analyze job requirements and content to establish criteria for classification, selection, training, and other related personnel functions.",1.0
13-1111.00,Gather and organize information on problems or procedures.,1.0
29-1011.00,Obtain and record patients' medical histories.,1.0
43-4181.00,Confer with customers to determine their service requirements and travel preferences.,1.0
19-1023.00,Analyze characteristics of animals to identify and classify them.,1.0
19-4091.00,"Examine and analyze material for presence and concentration of contaminants, such as asbestos, using variety of microscopes.",1.0
39-6012.00,Make travel arrangements for sightseeing or other tours.,1.0
41-2031.00,"Ticket, arrange, and display merchandise to promote sales.",1.0
43-2011.00,"Answer incoming calls, greeting callers, providing information, transferring calls or taking messages as necessary.",1.0
35-1011.00,Record production or operational data on specified forms.,1.0
41-9011.00,Learn about competitors' products or consumers' interests or concerns to answer questions or provide more complete information.,1.0
25-1052.00,"Evaluate and grade students' class work, laboratory performance, assignments, and papers.",1.0
27-2012.02,Study and research scripts to determine how they should be directed.,1.0
13-2071.00,"Maintain or update records of client account activity, including financial transactions, counseling session notes, correspondence, document images, or client inquiries.",1.0
43-4171.00,Analyze data to determine answers to questions from customers or members of the public.,1.0
47-1011.00,"Read specifications, such as blueprints, to determine construction requirements or to plan procedures.",1.0
15-1111.00,Assign or schedule tasks to meet work priorities and goals.,1.0
35-1012.00,Resolve customer complaints regarding food service.,1.0
25-1052.00,"Prepare and deliver lectures to undergraduate or graduate students on topics such as organic chemistry, analytical chemistry, and chemical separation.",1.0
17-2071.00,"Collect data relating to commercial or residential development, population, or power system interconnection to determine operating efficiency of electrical systems.",1.0
43-4171.00,Hear and resolve complaints from customers or the public.,1.0
29-1141.03,Document patients' medical histories and assessment findings.,1.0
21-1022.00,"Monitor, evaluate, and record client progress according to measurable goals described in treatment and care plan.",1.0
43-4051.00,Solicit sales of new or additional services or products.,1.0
29-2031.00,"Obtain and record patient identification, medical history, or test results.",1.0
29-1066.00,"Gather and maintain patient information and records, including social or medical history obtained from patients, relatives, or other professionals.",1.0
43-4051.00,Refer unresolved customer grievances to designated departments for further investigation.,1.0
25-1121.00,"Evaluate and grade students' class work, performances, projects, assignments, and papers.",1.0
51-8093.00,"Record and compile operating data, instrument readings, documentation, and results of laboratory analyses.",1.0
25-2051.00,Organize and display students' work in a manner appropriate for their perceptual skills.,1.0
39-9041.00,"Answer telephones, and route calls or deliver messages.",1.0
51-9121.00,Record operational data on specified forms.,1.0
29-2071.00,"Retrieve patient medical records for physicians, technicians, or other medical personnel.",1.0
33-3021.06,"Gather intelligence information by field observation, confidential information sources, or public records.",1.0
41-4012.00,"Recommend products to customers, based on customers' needs and interests.",1.0
13-1023.00,"Write and review product specifications, maintaining a working technical knowledge of the goods or services to be purchased.",1.0
49-2098.00,"Prepare documents, such as invoices or warranties.",1.0
27-4032.00,"Edit films and videotapes to insert music, dialogue, and sound effects, to arrange films into sequences, and to correct errors, using editing equipment.",1.0
25-1124.00,"Conduct research in a particular field of knowledge and publish findings in scholarly journals, books, or electronic media.",1.0
43-9041.02,"Examine letters from policyholders or agents, original insurance applications, and other company documents to determine if changes are needed and effects of changes.",1.0
41-4012.00,Consult with clients after sales or contract signings to resolve problems and to provide ongoing support.,1.0
13-1081.00,Develop an understanding of customers' needs and take actions to ensure that such needs are met.,1.0
27-2012.03,Review information about programs and schedules to ensure accuracy and provide such information to local media outlets.,1.0
15-1199.12,"Assist in the assessment, acquisition, or deployment of new electronic document management systems.",1.0
43-4021.00,Read incoming correspondence to ascertain nature of writers' concerns and to determine disposition of correspondence.,1.0
43-4171.00,Schedule appointments and maintain and update appointment calendars.,1.0
13-1199.02,Test security measures for final acceptance and implement or provide procedures for ongoing monitoring and evaluation of the measures.,1.0
43-9111.01,"Develop or maintain applications that process biologically based data into searchable databases for purposes of analysis, calculation, or presentation.",1.0
25-1043.00,"Conduct research in a particular field of knowledge and publish findings in books, professional journals, or electronic media.",1.0
13-1199.03,Monitor or trace the location of goods.,1.0
19-2041.00,"Process and review environmental permits, licenses, or related materials.",1.0
17-3025.00,"Record laboratory or field data, including numerical data, test results, photographs, or summaries of visual observations.",1.0
41-9041.00,Schedule appointments for sales representatives to meet with prospective customers or for customers to attend sales presentations.,1.0
27-2011.00,Learn about characters in scripts and their relationships to each other to develop role interpretations.,1.0
25-4011.00,"Create and maintain accessible, retrievable computer archives and databases, incorporating current advances in electronic information storage technology.",1.0
17-1021.00,Determine guidelines that specify which source material is acceptable for use.,1.0
11-3031.02,Establish and maintain relationships with individual or business customers or provide assistance with problems these customers may encounter.,1.0
13-1023.00,Monitor and follow applicable laws and regulations.,1.0
39-6011.00,"Supply guests or travelers with directions, travel information, and other information, such as available services and points of interest.",1.0
51-2093.00,"Review blueprints, sketches, or work orders to gather information about tasks to be completed.",1.0
19-3011.00,"Study economic and statistical data in area of specialization, such as finance, labor, or agriculture.",1.0
49-1011.00,"Examine objects, systems, or facilities and analyze information to determine needed installations, services, or repairs.",1.0
47-4011.00,Estimate cost of completed work or of needed renovations or upgrades.,1.0
39-5092.00,Schedule client appointments and accept payments.,1.0
41-1012.00,Monitor sales staff performance to ensure that goals are met.,1.0
17-1022.00,Develop criteria for the design and modification of survey instruments.,1.0
41-9041.00,"Contact businesses or private individuals by telephone to solicit sales for goods or services, or to request donations for charitable causes.",1.0
43-9111.00,"Code data prior to computer entry, using lists of codes.",1.0
51-4011.00,"Enter commands or load control media, such as tapes, cards, or disks, into machine controllers to retrieve programmed instructions.",1.0
43-9111.00,Interview people and keep track of their responses.,1.0
29-2033.00,Record and process results of procedures.,1.0
13-2099.01,"Identify, track, or maintain metrics for trading system operations.",1.0
19-4061.00,Perform needs assessments or consult with clients to determine the types of research and information required.,1.0
43-4151.00,Recommend merchandise or services that will meet customers' needs.,1.0
15-1199.12,"Implement electronic document processing, retrieval, and distribution systems in collaboration with other information technology specialists.",1.0
43-4171.00,"Operate telephone switchboard to answer, screen, or forward calls, providing information, taking messages, or scheduling appointments.",1.0
13-2099.04,"Design, implement, or maintain fraud detection tools or procedures.",1.0
19-1013.00,"Identify or classify species of insects or allied forms, such as mites or spiders.",1.0
43-9061.00,"Answer telephones, direct calls, and take messages.",1.0
15-1199.08,"Maintain or update business intelligence tools, databases, dashboards, systems, or methods.",1.0
43-4111.00,"Ask questions in accordance with instructions to obtain various specified information, such as person's name, address, age, religious preference, or state of residency.",1.0
15-1199.08,"Maintain library of model documents, templates, or other reusable knowledge assets.",1.0
13-1071.00,Analyze employment-related data and prepare required reports.,1.0
43-9061.00,"Compile, copy, sort, and file records of office activities, business transactions, and other activities.",1.0
13-2051.00,"Recommend investments and investment timing to companies, investment firm staff, or the public.",1.0
29-1141.01,Assist patients in organizing their health care system activities.,1.0
27-2012.01,"Coordinate the activities of writers, directors, managers, and other personnel throughout the production process.",1.0
13-2051.00,Evaluate and compare the relative quality of various securities in a given industry.,1.0
53-2022.00,Provide aircrews with information and services needed for airfield management and flight planning.,1.0
43-9061.00,"Complete work schedules, manage calendars, and arrange appointments.",1.0
17-3027.00,"Record test procedures and results, numerical and graphical data, and recommendations for changes in product or test methods.",1.0
43-4151.00,Receive and respond to customer complaints.,1.0
43-4151.00,"Inform customers by mail or telephone of order information, such as unit prices, shipping dates, and any anticipated delays.",1.0
25-2012.00,"Prepare, administer, and grade tests and assignments to evaluate children's progress.",1.0
25-1061.00,"Advise students on academic and vocational curricula, career issues, and laboratory and field research.",1.0
51-8092.00,"Record, review, and compile operations records, test results, and gauge readings such as temperatures, pressures, concentrations, and flows.",1.0
11-2011.01,Analyze the effectiveness of marketing tactics or channels.,1.0
29-2071.00,"Enter data, such as demographic characteristics, history and extent of disease, diagnostic procedures, or treatment into computer.",1.0
29-2035.00,Write reports or notes to summarize testing procedures or outcomes for physicians or other medical professionals.,1.0
19-4041.01,"Create photographic recordings of information, using equipment.",1.0
13-1151.00,"Assess training needs through surveys, interviews with employees, focus groups, or consultation with managers, instructors, or customer representatives.",1.0
19-4099.01,Compile laboratory test data and perform appropriate analyses.,1.0
43-6011.00,Make travel arrangements for executives.,1.0
27-3042.00,Analyze developments in specific field to determine need for revisions in previously published materials and development of new material.,1.0
41-4011.00,Prepare and submit sales contracts for orders.,1.0
53-2031.00,"Answer passengers' questions about flights, aircraft, weather, travel routes and services, arrival times, or schedules.",1.0
49-9061.00,Record test data and document fabrication techniques on reports.,1.0
41-4011.00,"Maintain customer records, using automated systems.",1.0
29-2052.00,"Answer telephones, responding to questions or requests.",1.0
15-1152.00,Document help desk requests and resolutions.,1.0
11-9111.00,"Prepare activity reports to inform management of the status and implementation plans of programs, services, and quality initiatives.",1.0
39-7012.00,"Resolve any problems with itineraries, service, or accommodations.",1.0
11-9199.03,Identify group or individual target investors for a specific fund.,1.0
25-1022.00,"Conduct research in a particular field of knowledge and publish findings in books, professional journals, or electronic media.",1.0
43-6012.00,Schedule and make appointments.,1.0
19-3031.01,Conduct research to generate new knowledge that can be used to address learning and behavior issues.,1.0
31-9094.00,"Transcribe dictation for a variety of medical reports, such as patient histories, physical examinations, emergency room visits, operations, chart reviews, consultation, or discharge summaries.",1.0
19-4041.01,"Interview individuals, and research public databases in order to obtain information.",1.0
43-6013.00,Answer telephones and direct calls to appropriate staff.,1.0
51-9198.00,"Record information, such as the number of products tested, meter readings, or dates and times of product production.",1.0
29-2071.00,Process and prepare business or government forms.,1.0
21-1021.00,Conduct social research.,1.0
39-5012.00,Schedule client appointments.,1.0
27-3041.00,"Read material to determine index items and arrange them alphabetically or topically, indicating page or chapter location.",1.0
13-1199.06,Determine location for product listings to maximize exposure to online traffic.,1.0
43-3031.00,"Operate computers programmed with accounting software to record, store, and analyze information.",1.0
25-2052.00,Organize and display students' work in a manner appropriate for their perceptual skills.,1.0
41-3031.03,"Buy or sell stocks, bonds, commodity futures, foreign currencies, or other securities on behalf of investment dealers.",1.0
29-2011.00,Enter data from analysis of medical tests or clinical results into computer for storage.,1.0
43-3021.02,Contact customers to obtain or relay account information.,1.0
15-2021.00,Develop new principles and new relationships between existing mathematical principles to advance mathematical science.,1.0
15-2021.00,"Conduct research to extend mathematical knowledge in traditional areas, such as algebra, geometry, probability, and logic.",1.0
19-3091.01,"Create data records for use in describing and analyzing social patterns and processes, using photography, videography, and audio recordings.",1.0
43-3021.02,Keep records of invoices and support documents.,1.0
41-2021.00,Advise customers on use and care of merchandise.,1.0
15-1134.00,Create searchable indices for Web page content.,1.0
15-1134.00,Identify or maintain links to and from other Web sites and check links to ensure proper functioning.,1.0
41-1011.00,Monitor sales activities to ensure that customers receive satisfactory service and quality goods.,1.0
25-2022.00,"Assist students who need extra help, such as by tutoring and preparing and implementing remedial programs.",1.0
15-1134.00,"Respond to user email inquiries, or set up automated systems to send responses.",1.0
13-2072.00,Handle customer complaints and take appropriate action to resolve them.,1.0
13-1023.00,"Review catalogs, industry periodicals, directories, trade journals, and Internet sites and consult with other department personnel to locate necessary goods and services.",1.0
51-9032.00,"Review work orders, blueprints, specifications, or job samples to determine components, settings, and adjustments for cutting and slicing machines.",1.0
41-3041.00,"Converse with customer to determine destination, mode of transportation, travel dates, financial considerations, and accommodations required.",1.0
31-9092.00,Schedule appointments for patients.,1.0
15-1143.01,Provide user support by diagnosing network and device problems and implementing technical or procedural solutions.,1.0
15-1143.01,Prepare system activity and performance reports.,1.0
41-3041.00,"Provide customer with brochures and publications containing travel information, such as local customs, points of interest, or foreign country regulations.",1.0
13-2021.01,Maintain familiarity with aspects of local real estate markets.,1.0
43-6013.00,"Schedule and confirm patient diagnostic appointments, surgeries, or medical consultations.",1.0
13-1199.06,Create or maintain database of customer accounts.,1.0
43-9021.00,"Read source documents such as canceled checks, sales reports, or bills, and enter data in specific data fields or onto tapes or disks for subsequent entry, using keyboards or scanners.",1.0
51-9151.00,"Examine drawings, negatives, or photographic prints to determine coloring, shading, accenting, or other changes required for retouching or restoration.",1.0
41-4011.00,"Inform customers of estimated delivery schedules, service contracts, warranties, or other information pertaining to purchased products.",1.0
11-9031.00,"Collect and analyze survey data, regulatory information, and demographic and employment trends to forecast enrollment patterns and the need for curriculum changes.",1.0
13-1041.02,"Evaluate applications, records, or documents to gather information about eligibility or liability issues.",1.0
11-9199.02,"Verify that all firm and regulatory policies and procedures have been documented, implemented, and communicated.",1.0
19-3011.01,"Develop economic models, forecasts, or scenarios to predict future economic and environmental outcomes.",1.0
23-1023.00,Read documents on pleadings and motions to ascertain facts and issues.,1.0
19-3094.00,Teach political science.,1.0
29-1069.12,Document or review patients' histories.,1.0
19-3094.00,"Develop and test theories, using information from interviews, newspapers, periodicals, case law, historical papers, polls, or statistical sources.",1.0
43-9022.00,"Search for specific sets of stored, typed characters to make changes.",1.0
25-4021.00,Analyze patrons' requests to determine needed information and assist in furnishing or locating that information.,1.0
15-1199.02,"Verify stability, interoperability, portability, security, or scalability of system architecture.",1.0
51-9023.00,Record operational or production data on specified forms.,1.0
15-2041.02,"Process clinical data, including receipt, entry, verification, or filing of information.",1.0
43-3061.00,"Track the status of requisitions, contracts, and orders.",1.0
43-3061.00,"Respond to customer and supplier inquiries about order status, changes, or cancellations.",1.0
43-9031.00,"Convert various types of files for printing or for the Internet, using computer software.",1.0
33-9099.02,"Monitor compliance with standard operating procedures for loss prevention, physical security, or risk management.",1.0
11-9051.00,"Investigate and resolve complaints regarding food quality, service, or accommodations.",1.0
43-5011.01,Monitor or record locations of goods in transit.,1.0
43-3061.00,"Locate suppliers, using sources such as catalogs and the internet, and interview them to gather information about products to be ordered.",1.0
11-3051.01,Confer with marketing and sales departments to define client requirements and expectations.,1.0
19-2011.00,"Study celestial phenomena, using a variety of ground-based and space-borne telescopes and scientific instruments.",1.0
13-2053.00,Decline excessive risks.,1.0
15-1199.01,Investigate customer problems referred by technical support.,1.0
43-6014.00,"Provide services to customers, such as order placement or account information.",1.0
15-1199.01,Monitor bug resolution efforts and track successes.,1.0
19-3041.00,"Collect data about the attitudes, values, and behaviors of people in groups, using observation, interviews, and review of documents.",1.0
43-6014.00,"Answer telephones and give information to callers, take messages, or transfer calls to appropriate individuals.",1.0
11-9199.03,Select or direct the execution of trades.,1.0
33-3051.01,Record facts to prepare reports that document incidents and activities.,1.0
31-9094.00,"Receive patients, schedule appointments, and maintain patient records.",1.0
51-8013.00,"Record and compile operational data by completing and maintaining forms, logs, or reports.",1.0
43-6014.00,Greet visitors or callers and handle their inquiries or direct them to the appropriate persons according to their needs.,1.0
15-2041.01,Collect data through surveys or experimentation.,1.0
41-9022.00,Solicit and compile listings of available rental properties.,1.0
49-2022.00,"Diagnose and correct problems from remote locations, using special switchboards to find the sources of problems.",1.0
11-9199.03,Manage investment funds to maximize return on client investments.,1.0
27-1022.00,"Identify target markets for designs, looking at factors such as age, gender, and socioeconomic status.",1.0
43-4071.00,"Input data, such as file numbers, new or updated information, or document information codes into computer systems to support document and information retrieval.",1.0
43-5032.00,"Schedule or dispatch workers, work crews, equipment, or service vehicles to appropriate locations, according to customer requests, specifications, or needs, using radios or telephones.",1.0
41-4011.00,"Select or assist customers in selecting products based on customer needs, product specifications, and applicable regulations.",1.0
43-5031.00,Read and effectively interpret small-scale maps and information from a computer screen to determine locations and provide directions.,1.0
19-3093.00,"Determine which topics to research, or pursue research topics specified by clients or employers.",1.0
43-6014.00,"Arrange conference, meeting, or travel reservations for office personnel.",1.0
17-3012.01,"Locate files relating to specified design project in database library, load program into computer, and record completed job data.",1.0
39-1021.00,Apply customer feedback to service improvement efforts.,0.9979
43-9111.00,Enter data into computers for use in analyses or reports.,0.9979
43-4081.00,Make and confirm reservations.,0.9971
19-3022.00,"Review, classify, and record survey data in preparation for computer analysis.",0.9971
19-4061.00,Code data in preparation for computer entry.,0.997
11-3071.01,"Monitor operations to ensure that staff members comply with administrative policies and procedures, safety rules, union contracts, environmental policies, or government regulations.",0.9962
43-9041.02,Process and record new insurance policies and claims.,0.996
15-1199.04,"Create, analyze, report, convert, or transfer data, using specialized applications program software.",0.9958
43-4111.00,"Collect and analyze data, such as studying old records, tallying the number of outpatients entering each day or week, or participating in federal, state, or local population surveys as a Census Enumerator.",0.9956
43-4051.00,"Keep records of customer interactions or transactions, recording details of inquiries, complaints, or comments, as well as actions taken.",0.9951
19-4041.02,"Test and analyze samples to determine their content and characteristics, using laboratory apparatus or testing equipment.",0.9949
13-1199.06,Cancel orders based on customer requests or inventory or delivery problems.,0.9947
41-9041.00,"Obtain customer information such as name, address, and payment method, and enter orders into computers.",0.9943
41-1012.00,"Examine merchandise to ensure correct pricing and display, and that it functions as advertised.",0.994
13-1031.02,Examine claims forms and other records to determine insurance coverage.,0.9938
25-3099.02,"Administer, proctor, or score academic or diagnostic assessments.",0.9936
41-2031.00,"Recommend, select, and help locate or obtain merchandise based on customer needs and desires.",0.9936
23-2091.00,Record symbols on computer storage media and use computer aided transcription to translate and display them as text.,0.9935
15-1199.01,Test system modifications to prepare for implementation.,0.9935
29-1141.00,"Monitor, record, and report symptoms or changes in patients' conditions.",0.9934
29-1069.10,"Document the performance, interpretation, or outcomes of all procedures performed.",0.9929
15-2021.00,"Address the relationships of quantities, magnitudes, and forms through the use of numbers and symbols.",0.9928
43-4131.00,Interview loan applicants to obtain personal and financial data and to assist in completing applications.,0.9928
41-9091.00,Write and record orders for merchandise or enter orders into computers.,0.9925
41-4012.00,"Contact regular and prospective customers to demonstrate products, explain product features, and solicit orders.",0.9923
43-9022.00,"Use data entry devices, such as optical scanners, to input data into computers for revision or editing.",0.9923
43-4111.00,"Compile, record, and code results or data from interview or survey, using computer or specified form.",0.9919
43-4121.00,Classify and catalog items according to content and purpose.,0.9918
41-9022.00,Interview clients to determine what kinds of properties they are seeking.,0.9917
41-9022.00,Coordinate appointments to show homes to prospective buyers.,0.9916
19-3091.02,"Record the exact locations and conditions of artifacts uncovered in diggings or surveys, using drawings and photographs as necessary.",0.9915
41-1011.00,Examine merchandise to ensure that it is correctly priced and displayed and that it functions as advertised.,0.9915
43-4051.00,Contact customers to respond to inquiries or to notify them of claim investigation results or any planned adjustments.,0.9913
43-4021.00,"Gather records pertinent to specific problems, review them for completeness and accuracy, and attach records to correspondence as necessary.",0.9911
15-1199.07,"Perform system analysis, data analysis or programming, using a variety of computer languages and procedures.",0.991
43-4051.00,"Confer with customers by telephone or in person to provide information about products or services, take or enter orders, cancel accounts, or obtain details of complaints.",0.991
15-1199.01,Update automated test scripts to ensure currency.,0.9909
15-1199.02,Perform security analyses of developed or packaged software components.,0.9909
17-3027.01,"Document test results, using cameras, spreadsheets, documents, or other tools.",0.9908
19-1021.00,Study the mutations in organisms that lead to cancer or other diseases.,0.9907
43-6014.00,"Schedule and confirm appointments for clients, customers, or supervisors.",0.9907
23-2091.00,Transcribe recorded proceedings in accordance with established formats.,0.9898
43-9111.01,Conduct quality analyses of data inputs and resulting analyses or predictions.,0.9892
19-3032.00,"Study consumers' reactions to new products and package designs, and to advertising efforts, using surveys and tests.",0.9892
51-9021.00,"Record data from operations, testing, and production on specified forms.",0.989
37-1012.00,"Monitor project activities to ensure that instructions are followed, deadlines are met, and schedules are maintained.",0.9885
11-9131.00,Resolve customer complaints.,0.9881
19-4041.02,"Compile, log, or record testing or operational data for review and further analysis.",0.9879
43-4181.00,"Make and confirm reservations for transportation and accommodations, using telephones, faxes, mail, and computers.",0.9876
41-4011.00,Contact new or existing customers to discuss how specific products or services can meet their needs.,0.9868
13-1081.01,"Analyze or interpret logistics data involving customer service, forecasting, procurement, manufacturing, inventory, transportation, or warehousing.",0.9867
11-2011.00,Contact organizations to explain services and facilities offered.,0.9863
41-3021.00,"Interview prospective clients to obtain data about their financial resources and needs, the physical condition of the person or property to be insured, and to discuss any existing coverage.",0.9861
31-9094.00,"Perform data entry and data retrieval services, providing data for inclusion in medical records and for transmission to physicians.",0.9858
41-3031.02,Contact prospective customers to present information and explain available services.,0.9853
41-4012.00,"Identify prospective customers by using business directories, following leads from existing clients, participating in organizations and clubs, and attending trade shows and conferences.",0.9852
15-1131.00,"Investigate whether networks, workstations, the central processing unit of the system, or peripheral equipment are responding to a program's instructions.",0.9848
51-9198.00,"Read gauges or charts, and record data obtained.",0.9848
19-2099.01,Compile and format image data to increase its usefulness.,0.9847
11-3071.03,"Resolve problems concerning transportation, logistics systems, imports or exports, or customer issues.",0.9847
31-9094.00,"Take dictation using shorthand, a stenotype machine, or headsets and transcribing machines.",0.9846
11-3031.02,Review reports of securities transactions or price lists to analyze market conditions.,0.9844
41-3011.00,"Obtain and study information about clients' products, needs, problems, advertising history, and business practices to offer effective sales presentations and appropriate product assistance.",0.9844
15-1199.02,"Perform ongoing hardware and software maintenance operations, including installing or upgrading hardware or software.",0.9842
27-3031.00,Respond to requests for information from the media or designate an appropriate spokesperson or information source.,0.9841
43-1011.00,Resolve customer complaints or answer customers' questions regarding policies and procedures.,0.9838
51-6061.00,Key in processing instructions to program electronic equipment.,0.9838
41-9022.00,Generate lists of properties that are compatible with buyers' needs and financial resources.,0.9837
15-1131.00,Perform systems analysis and programming tasks to maintain and control the use of computer systems software as a systems programmer.,0.9833
11-3061.00,Administer online purchasing systems.,0.983
15-1143.01,"Implement controls to provide security for operating systems, software, and data.",0.9828
53-3031.00,Listen to and resolve customers' complaints regarding products or services.,0.9827
25-9041.00,"Type, file, and duplicate materials.",0.9825
15-1134.00,"Evaluate code to ensure that it is valid, is properly structured, meets industry standards, and is compatible with browsers, devices, or operating systems.",0.9824
29-1141.03,Compile and analyze data obtained from monitoring or diagnostic tests.,0.982
41-4012.00,"Answer customers' questions about products, prices, availability, product uses, and credit terms.",0.9818
51-2011.00,"Read blueprints, illustrations, or specifications to determine layouts, sequences of operations, or identities or relationships of parts.",0.9816
29-2071.00,Transcribe medical reports.,0.9814
29-2012.00,"Analyze and record test data to issue reports that use charts, graphs, or narratives.",0.9812
15-1141.00,"Test programs or databases, correct errors, and make necessary modifications.",0.9809
39-1021.01,Respond to customer inquiries or complaints.,0.9807
11-9081.00,"Answer inquiries pertaining to hotel policies and services, and resolve occupants' complaints.",0.9807
15-2041.02,Prepare appropriate formatting to data sets as requested.,0.9805
11-9121.01,"Code, evaluate, or interpret collected study data.",0.9804
11-2022.00,Resolve customer complaints regarding sales and service.,0.9804
15-1199.10,"Coordinate sales or other promotional strategies with merchandising, operations, or inventory control staff to ensure product catalogs are current, accurate, and organized for best findability against user intent.",0.9801
43-1011.00,"Coordinate or perform activities associated with shipping, receiving, distribution, or transportation.",0.9801
41-3031.03,Monitor markets or positions.,0.9801
15-1199.12,"Implement scanning or other automated data entry procedures, using imaging devices and document imaging software.",0.9799
25-9041.00,Tutor and assist children individually or in small groups to help them master assignments and to reinforce learning concepts presented by teachers.,0.9798
27-1014.00,Use models to simulate the behavior of animated objects in the finished sequence.,0.9797
19-4031.00,Compile and interpret results of tests and analyses.,0.9795
13-1081.02,"Interpret data on logistics elements, such as availability, maintainability, reliability, supply chain management, strategic sourcing or distribution, supplier management, or transportation.",0.9793
13-1161.00,Seek and provide information to help companies determine their position in the marketplace.,0.9792
17-2141.00,"Read and interpret blueprints, technical drawings, schematics, or computer-generated reports.",0.9792
15-2041.02,"Prepare data analysis listings and activity, performance, or progress reports.",0.9789
27-4021.00,"Manipulate and enhance scanned or digital images to create desired effects, using computers and specialized software.",0.9786
15-1199.09,Direct or coordinate activities of project personnel.,0.9785
11-3031.02,"Examine, evaluate, or process loan applications.",0.9784
13-2052.00,"Manage client portfolios, keeping client plans up-to-date.",0.9784
27-3043.05,"Write narrative, dramatic, lyric, or other types of poetry for publication.",0.9784
19-4011.02,"Examine chemical or biological samples to identify cell structures or to locate bacteria or extraneous material, using a microscope.",0.9782
13-1071.00,"Interview job applicants to obtain information on work history, training, education, or job skills.",0.978
15-1199.07,"Implement business rules via stored procedures, middleware, or other technologies.",0.978
15-1151.00,Enter commands and observe system functioning to verify correct operations and detect errors.,0.9777
37-1012.00,"Answer inquiries from current or prospective customers regarding methods, materials, or price ranges.",0.9777
29-2071.00,"Identify, compile, abstract, and code patient data, using standard classification systems.",0.9776
43-4041.01,"Receive charge slips or credit applications by mail, or receive information from salespeople or merchants by telephone.",0.9771
33-1011.00,"Maintain knowledge of, comply with, and enforce all institutional policies, rules, procedures, and regulations.",0.9769
11-9199.07,"Analyze and evaluate security operations to identify risks or opportunities for improvement through auditing, review, or assessment.",0.9768
13-1141.00,"Analyze organizational, occupational, and industrial data to facilitate organizational functions and provide technical information to business, industry, and government.",0.9764
11-9199.07,"Identify, investigate, or resolve security breaches.",0.9764
51-9061.00,"Analyze test data, making computations as necessary, to determine test results.",0.9763
17-3012.01,Key and program specified commands and engineering specifications into computer system to change functions and test final layout.,0.9762
27-3011.00,"Select program content, in conjunction with producers and assistants, based on factors such as program specialties, audience tastes, or requests from the public.",0.976
13-1071.00,"Perform searches for qualified job candidates, using sources such as computer databases, networking, Internet recruiting resources, media advertisements, job fairs, recruiting firms, or employee referrals.",0.9758
19-3022.00,"Prepare and present summaries and analyses of survey data, including tables, graphs, and fact sheets that describe survey techniques and results.",0.9757
11-9081.00,"Show, rent, or assign accommodations.",0.9756
15-1199.01,"Document software defects, using a bug tracking system, and report defects to software developers.",0.9753
19-2012.00,"Perform complex calculations as part of the analysis and evaluation of data, using computers.",0.9752
27-1013.00,"Use materials such as pens and ink, watercolors, charcoal, oil, or computer software to create artwork.",0.9751
13-1031.01,Prepare reports to be submitted to company's data processing department.,0.9751
15-1199.03,"Monitor systems for intrusions or denial of service attacks, and report security breaches to appropriate personnel.",0.9751
17-2071.00,Investigate customer or public complaints to determine the nature and extent of problems.,0.9748
41-9021.00,"Generate lists of properties for sale, their locations, descriptions, and available financing options, using computers.",0.9746
15-1199.08,"Collect business intelligence data from available industry reports, public information, field reports, or purchased sources.",0.974
15-1152.00,Analyze and report computer network security breaches or attempted breaches.,0.9736
15-1122.00,Monitor use of data files and regulate access to safeguard information in computer files.,0.9735
15-1151.00,"Read technical manuals, confer with users, or conduct computer diagnostics to investigate and resolve problems or to provide technical assistance and support.",0.9733
15-1199.12,Administer document and system access rights and revision control to ensure security of system and integrity of master documents.,0.9731
19-4099.03,Document methods used and write technical reports containing information collected.,0.9729
41-9031.00,"Document account activities, generate reports, and keep records of business transactions with customers and suppliers.",0.9726
43-9111.00,"Compile reports, charts, or graphs that describe and interpret findings of analyses.",0.9725
11-9199.03,Select specific investments or investment mixes for purchase by an investment fund.,0.9724
13-2051.00,"Monitor fundamental economic, industrial, and corporate developments by analyzing information from financial publications and services, investment banking firms, government agencies, trade publications, company sources, or personal interviews.",0.9723
15-1121.00,"Test, maintain, and monitor computer programs and systems, including coordinating the installation of computer programs and systems.",0.9722
27-3021.00,Analyze and interpret news and information received from various sources to broadcast the information.,0.9722
13-2021.02,"Search public records for transactions such as sales, leases, and assessments.",0.9722
43-9041.02,"Process, prepare, and submit business or government forms, such as submitting applications for coverage to insurance carriers.",0.9721
19-4099.03,Develop specialized computer software routines to customize and integrate image analysis.,0.972
41-9031.00,"Collaborate with sales teams to understand customer requirements, to promote the sale of company products, and to provide sales support.",0.972
41-9031.00,Research and identify potential customers for products or services.,0.972
19-1029.03,"Review, approve, or interpret genetic laboratory results.",0.972
13-2052.00,"Recommend financial products, such as stocks, bonds, mutual funds, or insurance.",0.971
17-2141.00,Solicit new business.,0.9709
27-1024.00,Use computer software to generate new images.,0.9707
17-3022.00,Prepare reports and document project activities and data.,0.9702
11-9199.03,Monitor financial or operational performance of individual investments to ensure portfolios meet risk goals.,0.9699
19-2041.00,Determine data collection methods to be employed in research projects or surveys.,0.9698
13-1161.00,"Conduct research on consumer opinions and marketing strategies, collaborating with marketing professionals, statisticians, pollsters, and other professionals.",0.9697
15-1199.03,"Gather, analyze, or document user feedback to locate or resolve sources of problems.",0.9697
19-4011.01,Respond to general inquiries or requests from the public.,0.9697
19-4091.00,"Record test data and prepare reports, summaries, or charts that interpret test results.",0.9696
25-4021.00,Locate unusual or unique information in response to specific requests.,0.9691
15-1152.00,Configure security settings or access permissions for groups or individuals.,0.969
41-9091.00,Answer questions about product features and benefits.,0.9689
43-9061.00,"Review files, records, and other documents to obtain information to respond to requests.",0.9688
41-3031.03,"Track and analyze factors that affect price movement, such as trade policies, weather conditions, political developments, or supply and demand changes.",0.9688
51-2022.00,"Read and interpret schematic drawings, diagrams, blueprints, specifications, work orders, or reports to determine materials requirements or assembly instructions.",0.9687
43-4011.00,"Document security transactions, such as purchases, sales, conversions, redemptions, or payments, using computers, accounting ledgers, or certificate records.",0.9687
25-4021.00,"Respond to customer complaints, taking action as necessary.",0.9686
37-1011.00,"Screen job applicants, and hire new employees.",0.9682
31-9096.00,"Write reports, maintain research information, or perform clerical duties.",0.9682
13-1199.06,Deliver e-mail confirmation of completed transactions and shipment.,0.9681
41-3031.01,Review all securities transactions to ensure accuracy of information and conformance to governing agency regulations.,0.9681
51-4012.00,"Revise programs or tapes to eliminate errors, and retest programs to check that problems have been solved.",0.9679
43-9061.00,"Process and prepare documents, such as business or government forms and expense reports.",0.9676
29-2011.02,Examine specimens to detect abnormal hormone conditions.,0.9676
25-1021.00,"Compile, administer, and grade examinations or assign this work to others.",0.9669
11-9141.00,"Maintain records of sales, rental or usage activity, special permits issued, maintenance and operating costs, or property availability.",0.9668
43-9111.01,"Extend existing software programs, web-based interactive tools, or database queries as sequence management and analysis needs evolve.",0.9667
47-2132.00,Read blueprints and specifications to determine job requirements.,0.9667
43-3031.00,"Classify, record, and summarize numerical and financial data to compile and keep financial records, using journals and ledgers or computers.",0.9664
41-9021.00,Obtain agreements from property owners to place properties for sale with real estate firms.,0.9663
13-1199.03,"Prepare and process import and export documentation according to customs regulations, laws, or procedures.",0.9659
13-2021.02,Examine income records and operating costs of income properties.,0.9658
41-2021.00,"Provide information about rental items, such as availability, operation, or description.",0.9658
43-9022.00,"Electronically sort and compile text and numerical data, retrieving, updating, and merging documents as required.",0.9658
19-3022.00,"Analyze data from surveys, old records, or case studies, using statistical software.",0.9657
37-2021.00,Record work activities performed.,0.9657
27-3091.00,"Adapt translations to students' cognitive and grade levels, collaborating with educational team members as necessary.",0.9655
11-9199.10,Review or evaluate proposals or bids to make recommendations regarding awarding of contracts.,0.9653
11-3061.00,"Review, evaluate, and approve specifications for issuing and awarding bids.",0.9653
11-9199.01,Investigate product complaints and prepare documentation and submissions to appropriate regulatory agencies as necessary.,0.9648
43-9071.00,"Compute prices for services and receive payment, or provide supervisors with billing information.",0.9647
15-1199.09,Monitor or track project milestones and deliverables.,0.9646
13-1023.00,"Monitor changes affecting supply and demand, tracking market conditions, price trends, or futures markets.",0.9645
43-9111.00,"Compute and analyze data, using statistical formulas and computers or calculators.",0.9636
41-9041.00,"Explain products or services and prices, and answer questions from customers.",0.9636
41-3021.00,Seek out new clients and develop clientele by networking to find new customers and generate lists of prospective clients.,0.9633
41-2031.00,"Describe merchandise and explain use, operation, and care of merchandise to customers.",0.9632
43-3041.00,Provide customers with information about casino operations.,0.9632
15-1199.11,"Determine supplementary virtual features, such as currency, item catalog, menu design, and audio direction.",0.9631
43-9111.01,Develop or apply data mining and machine learning algorithms.,0.9628
43-4131.00,"Assemble and compile documents for loan closings, such as title abstracts, insurance forms, loan forms, and tax receipts.",0.9627
11-3031.02,Analyze and classify risks and investments to determine their potential impacts on companies.,0.9625
43-3061.00,"Prepare, maintain, and review purchasing files, reports and price lists.",0.962
27-1013.00,"Integrate and develop visual elements, such as line, space, mass, color, and perspective, to produce desired effects, such as the illustration of ideas, emotions, or moods.",0.961
15-1131.00,"Perform or direct revision, repair, or expansion of existing programs to increase operating efficiency or adapt to new requirements.",0.9605
25-1192.00,"Evaluate and grade students' class work, laboratory work, projects, assignments, and papers.",0.9604
25-4031.00,Compose explanatory summaries of contents of books and other reference materials.,0.9604
11-3021.00,Provide users with technical support for computer problems.,0.9603
43-5011.01,"Verify adherence of documentation to customs, insurance, or regulatory requirements.",0.9603
19-3022.00,"Conduct surveys and collect data, using methods such as interviews, questionnaires, focus groups, market analysis surveys, public opinion polls, literature reviews, and file reviews.",0.9603
13-1199.06,"Upload digital media, such as photos, video, or scanned images to online storefront, auction sites, or other shopping Web sites.",0.9602
29-1064.00,"Analyze records, reports, test results, or examination information to diagnose medical condition of patient.",0.9595
29-1063.00,"Analyze records, reports, test results, or examination information to diagnose medical condition of patient.",0.9595
15-1132.00,"Modify existing software to correct errors, allow it to adapt to new hardware, or to improve its performance.",0.9592
13-2099.02,Maintain input or data quality of risk management systems.,0.959
29-2051.00,"Conduct nutritional assessments of individuals, including obtaining and evaluating individuals' dietary histories, to plan nutritional programs.",0.9584
15-1143.01,Manage user access to systems and equipment through account management and password administration.,0.9583
27-1013.00,"Create finished art work as decoration, or to elucidate or substitute for spoken or written messages.",0.958
41-9091.00,Develop prospect lists.,0.9573
27-1021.00,Advise corporations on issues involving corporate image projects or problems.,0.9572
17-2199.08,Debug robotics programs.,0.957
15-1199.05,"Confer with users to analyze, configure, or troubleshoot applications.",0.9569
29-2011.03,"Identify tissue structures or cell components to be used in the diagnosis, prevention, or treatment of diseases.",0.9568
41-3031.01,"Supply the latest price quotes on any security, as well as information on the activities or financial positions of the corporations issuing these securities.",0.9567
13-2051.00,"Interpret data on price, yield, stability, future investment-risk trends, economic influences, and other factors affecting investment programs.",0.9565
41-1011.00,Provide customer service by greeting and assisting customers and responding to customer inquiries and complaints.,0.9562
27-3042.00,"Select photographs, drawings, sketches, diagrams, and charts to illustrate material.",0.9561
17-2061.00,"Store, retrieve, and manipulate data for analysis of system capabilities and requirements.",0.9561
15-1132.00,"Store, retrieve, and manipulate data for analysis of system capabilities and requirements.",0.9561
13-2051.00,"Inform investment decisions by analyzing financial information to forecast business, industry, or economic conditions.",0.9561
15-1133.00,"Store, retrieve, and manipulate data for analysis of system capabilities and requirements.",0.9561
49-2011.00,Reinstall software programs or adjust settings on existing software to fix machine malfunctions.,0.956
43-4121.00,"Locate library materials for patrons, including books, periodicals, tape cassettes, Braille volumes, and pictures.",0.9559
41-9011.00,"Develop lists of prospective clients from sources such as newspaper items, company records, local merchants, or customers.",0.9558
25-4031.00,Retrieve information from central databases for storage in a library's computer.,0.9554
15-1122.00,"Modify computer security files to incorporate new software, correct errors, or change individual access status.",0.955
53-1021.00,Evaluate employee performance and prepare performance appraisals.,0.9548
13-1161.00,"Collect and analyze data on customer demographics, preferences, needs, and buying habits to identify potential markets and factors affecting product demand.",0.9548
15-2041.00,"Identify relationships and trends in data, as well as any factors that could affect the results of research.",0.9542
13-2099.01,Produce written summary reports of financial research results.,0.9541
25-1072.00,"Evaluate and grade students' class work, laboratory and clinic work, assignments, and papers.",0.954
13-1011.00,Keep informed of industry trends and deals.,0.954
13-2011.02,Examine records and interview workers to ensure recording of transactions and compliance with laws and regulations.,0.954
17-2199.02,"Create, populate, or maintain databases for tracking validation activities, test results, or validated systems.",0.9533
43-4071.00,Answer questions about records or files.,0.9529
43-4041.02,Relay credit report information to subscribers by mail or by telephone.,0.9526
41-2031.00,Answer questions regarding the store and its merchandise.,0.9519
41-9022.00,"Answer clients' questions regarding construction work, financing, maintenance, repairs, and appraisals.",0.9517
53-6061.00,"Provide customers with information on routes, gates, prices, timetables, terminals, or concourses.",0.9516
11-9199.07,"Conduct threat or vulnerability analyses to determine probable frequency, criticality, consequence, or severity of natural or man-made disasters or criminal activity on the organization's profitability or delivery of products or services.",0.9515
43-3011.00,Record information about financial status of customers and status of collection efforts.,0.951
15-1199.02,Develop application-specific software.,0.9508
39-7012.00,"Plan tour itineraries, applying knowledge of travel routes and destination sites.",0.9506
29-2011.02,"Examine cell samples to detect abnormalities in the color, shape, or size of cellular components and patterns.",0.9503
27-4032.00,Organize and string together raw footage into a continuous whole according to scripts or the instructions of directors and producers.,0.9502
49-2022.00,"Perform database verifications, using computers.",0.9497
27-4032.00,Study scripts to become familiar with production concepts and requirements.,0.9495
49-2011.00,"Read specifications, such as blueprints, charts, or schematics, to determine machine settings or adjustments.",0.9493
43-4081.00,"Answer inquiries pertaining to hotel services, guest registration, and travel directions, or make recommendations regarding shopping, dining, or entertainment.",0.9493
25-4012.00,"Study, examine, and test acquisitions to authenticate their origin, composition, history, and to assess their current value.",0.9493
47-2152.02,"Review blueprints, building codes, or specifications to determine work details or procedures.",0.9492
13-1199.02,Perform risk analyses so that appropriate countermeasures can be developed.,0.9492
43-3021.02,Verify accuracy of billing data and revise any errors.,0.9491
43-2011.00,"Perform administrative tasks, such as accepting orders, scheduling appointments or meeting rooms, or sending and receiving faxes.",0.9489
11-9121.00,Conduct own research in field of expertise.,0.9486
17-2141.00,Provide technical customer service.,0.9484
25-1081.00,"Evaluate and grade students' class work, assignments, and papers.",0.9483
25-1022.00,"Evaluate and grade students' class work, assignments, and papers.",0.9483
25-1071.00,"Evaluate and grade students' class work, assignments, and papers.",0.9483
25-1011.00,"Evaluate and grade students' class work, assignments, and papers.",0.9483
25-1067.00,"Evaluate and grade students' class work, assignments, and papers.",0.9483
25-1111.00,"Evaluate and grade students' class work, assignments, and papers.",0.9483
25-1126.00,"Evaluate and grade students' class work, assignments, and papers.",0.9483
25-1124.00,"Evaluate and grade students' class work, assignments, and papers.",0.9483
25-1122.00,"Evaluate and grade students' class work, assignments, and papers.",0.9483
25-1061.00,"Evaluate and grade students' class work, assignments, and papers.",0.9483
25-1113.00,"Evaluate and grade students' class work, assignments, and papers.",0.9483
25-1062.00,"Evaluate and grade students' class work, assignments, and papers.",0.9483
25-1051.00,"Evaluate and grade students' class work, assignments, and papers.",0.9483
25-1123.00,"Evaluate and grade students' class work, assignments, and papers.",0.9483
25-1043.00,"Evaluate and grade students' class work, assignments, and papers.",0.9483
25-1193.00,"Evaluate and grade students' class work, assignments, and papers.",0.9483
25-1064.00,"Evaluate and grade students' class work, assignments, and papers.",0.9483
25-1063.00,"Evaluate and grade students' class work, assignments, and papers.",0.9483
25-1082.00,"Evaluate and grade students' class work, assignments, and papers.",0.9483
25-1125.00,"Evaluate and grade students' class work, assignments, and papers.",0.9483
25-1065.00,"Evaluate and grade students' class work, assignments, and papers.",0.9483
41-9031.00,"Provide technical and non-technical support and services to clients or other staff members regarding the use, operation, and maintenance of equipment.",0.9482
51-7032.00,"Compute dimensions, areas, volumes, and weights.",0.9482
11-9039.02,"Use computer skills and software to manage Web sites or databases, publish newsletters, or provide webinars.",0.9476
41-3031.03,"Devise trading, option, or hedge strategies.",0.9476
13-1121.00,Evaluate and select providers of services according to customer requirements.,0.9475
19-2032.00,"Prepare reports, manuscripts, proposals, and technical manuals for use by other scientists and requestors, such as sponsors and customers.",0.9475
43-4111.00,Identify and report problems in obtaining valid data.,0.9473
15-1122.00,Perform risk assessments and execute tests of data processing system to ensure functioning of data processing activities and security measures.,0.947
11-9199.01,"Review all regulatory agency submission materials to ensure timeliness, accuracy, comprehensiveness, or compliance with regulatory standards.",0.9467
41-3031.03,"Inform other traders, managers, or customers of market conditions, including volume, price, competition, or dynamics.",0.9467
29-1161.00,Write information in medical records or provide narrative summaries to communicate patient information to other health care providers.,0.9464
19-4011.02,"Compute moisture or salt content, percentages of ingredients, formulas, or other product factors, using mathematical and chemical procedures.",0.9462
41-3041.00,"Plan, describe, arrange, and sell itinerary tour packages and promotional travel incentives offered by various travel carriers.",0.9462
13-2052.00,Monitor financial market trends to ensure that client plans are responsive.,0.9462
47-2061.00,"Read plans, instructions, or specifications to determine work activities.",0.9461
29-2011.00,Analyze laboratory findings to check the accuracy of the results.,0.946
39-6012.00,"Provide information about local features, such as shopping, dining, nightlife, or recreational destinations.",0.9458
43-4161.00,Process and review employment applications to evaluate qualifications or eligibility of applicants.,0.9456
15-1199.10,"Improve search-related activities through ongoing analysis, experimentation, or optimization tests, using A/B or multivariate methods.",0.945
13-1081.02,Maintain databases of logistics information.,0.9449
43-9031.00,"Enter text into computer keyboard and select the size and style of type, column width, and appropriate spacing for printed materials.",0.9448
15-2041.00,"Report results of statistical analyses, including information in the form of graphs, charts, and tables.",0.9446
15-1199.07,Create or implement metadata processes and frameworks.,0.9444
25-2054.00,"Prepare, administer, and grade tests and assignments to evaluate students' progress.",0.9441
25-2023.00,"Prepare, administer, and grade tests and assignments to evaluate students' progress.",0.9441
25-2032.00,"Prepare, administer, and grade tests and assignments to evaluate students' progress.",0.9441
25-2053.00,"Prepare, administer, and grade tests and assignments to evaluate students' progress.",0.9441
25-2022.00,"Prepare, administer, and grade tests and assignments to evaluate students' progress.",0.9441
25-2031.00,"Prepare, administer, and grade tests and assignments to evaluate students' progress.",0.9441
25-2021.00,"Prepare, administer, and grade tests and assignments to evaluate students' progress.",0.9441
11-9121.00,"Review project activities and prepare and review research, testing, or operational reports.",0.944
15-1121.00,"Use object-oriented programming languages, as well as client and server applications development processes and multimedia and Internet technology.",0.9439
13-2071.00,"Create debt management plans, spending plans, or budgets to assist clients to meet financial goals.",0.9436
19-1029.01,Develop new software applications or customize existing applications to meet specific scientific project needs.,0.9433
41-2021.00,Recommend and provide advice on a wide variety of products and services.,0.9431
19-2043.00,"Prepare written and oral reports describing research results, using illustrations, maps, appendices, and other information.",0.943
25-2054.00,"Observe and evaluate students' performance, behavior, social development, and physical health.",0.9429
25-2023.00,"Observe and evaluate students' performance, behavior, social development, and physical health.",0.9429
25-2022.00,"Observe and evaluate students' performance, behavior, social development, and physical health.",0.9429
25-2051.00,"Observe and evaluate students' performance, behavior, social development, and physical health.",0.9429
25-2031.00,"Observe and evaluate students' performance, behavior, social development, and physical health.",0.9429
25-2052.00,"Observe and evaluate students' performance, behavior, social development, and physical health.",0.9429
25-2053.00,"Observe and evaluate students' performance, behavior, social development, and physical health.",0.9429
25-2021.00,"Observe and evaluate students' performance, behavior, social development, and physical health.",0.9429
25-2032.00,"Observe and evaluate students' performance, behavior, social development, and physical health.",0.9429
25-2051.00,"Present information in audio-visual or interactive formats, using computers, television, audio-visual aids, or other equipment, materials, or technologies.",0.9423
25-1123.00,Assist students who need extra help with their coursework outside of class.,0.9421
43-3011.00,"Locate and notify customers of delinquent accounts by mail, telephone, or personal visits to solicit payment.",0.9421
25-1042.00,Assist students who need extra help with their coursework outside of class.,0.9421
41-2011.00,"Answer customers' questions, and provide information on procedures or policies.",0.942
27-2012.04,Read scripts and confer with producers to determine the types and numbers of performers required for a given production.,0.9414
13-1071.00,"Evaluate recruitment or selection criteria to ensure conformance to professional, statistical, or testing standards, recommending revisions, as needed.",0.9414
27-1013.00,"Monitor events, trends, and other circumstances, research specific subject areas, attend art exhibitions, and read art publications to develop ideas and keep current on art world activities.",0.941
19-2011.00,"Analyze research data to determine its significance, using computers.",0.941
39-3091.00,"Provide information about facilities, entertainment options, and rules and regulations.",0.941
15-1143.00,"Maintain networks by performing activities such as file addition, deletion, or backup.",0.9408
19-2041.00,"Collect, synthesize, analyze, manage, and report environmental data, such as pollution emission measurements, atmospheric monitoring measurements, meteorological or mineralogical information, or soil or water samples.",0.9407
43-9111.01,Write computer programs or scripts to be used in querying databases.,0.9406
15-1199.10,Optimize Web site exposure by analyzing search engine patterns to direct online placement of keywords or other content.,0.9405
29-2051.00,"Plan menus or diets or guide individuals or families in food selection, preparation, or menu planning, based upon nutritional needs and established guidelines.",0.9401
13-1161.00,"Gather data on competitors and analyze their prices, sales, and method of marketing and distribution.",0.9399
41-3031.01,Offer advice on the purchase or sale of particular securities.,0.9398
27-3031.00,"Plan or conduct market or public opinion research to test products or determine potential for product success, communicating results to client or management.",0.9393
19-3022.00,Conduct research to gather information about survey topics.,0.938
19-3092.00,Write and present reports of research findings.,0.9377
19-3031.03,"Collect information about individuals or clients, using interviews, case histories, observational techniques, and other assessment methods.",0.9375
13-2011.01,Establish tables of accounts and assign entries to proper accounts.,0.9373
23-2011.00,"Gather and analyze research data, such as statutes, decisions, and legal articles, codes, and documents.",0.937
13-1071.00,Review employment applications and job orders to match applicants with job requirements.,0.9369
25-3099.02,"Review class material with students by discussing text, working solutions to problems, or reviewing worksheets or other assignments.",0.9368
13-1081.01,"Provide logistics technology or information for effective and efficient support of product, equipment, or system manufacturing or service.",0.936
13-2041.00,Analyze credit data and financial statements to determine the degree of risk involved in extending credit or lending money.,0.9359
11-3071.03,Analyze all aspects of corporate logistics to determine the most cost-effective or efficient means of transporting products or supplies.,0.9354
29-1171.00,"Analyze and interpret patients' histories, symptoms, physical findings, or diagnostic information to develop appropriate diagnoses.",0.9354
15-1199.12,"Search electronic sources, such as databases or repositories, or manual sources for information.",0.9353
15-1199.07,"Map data between source systems, data warehouses, and data marts.",0.9351
15-1142.00,"Diagnose, troubleshoot, and resolve hardware, software, or other network and system problems, and replace defective components when necessary.",0.9351
19-4021.00,Analyze experimental data and interpret results to write reports and summaries of findings.,0.935
43-9031.00,"Import text and art elements, such as electronic clip art or electronic files from photographs that have been scanned or produced with a digital camera, using computer software.",0.9347
25-1112.00,"Evaluate and grade students' class work, assignments, papers, and oral presentations.",0.9345
25-1054.00,"Prepare and deliver lectures to undergraduate or graduate students on topics such as quantum mechanics, particle physics, and optics.",0.9345
27-1011.00,Create custom illustrations or other graphic elements.,0.9341
27-4032.00,Program computerized graphic effects.,0.934
27-1014.00,"Design complex graphics and animation, using independent judgment, creativity, and computer equipment.",0.934
15-1199.08,"Generate standard or custom reports summarizing business, financial, or economic data for review by executives, managers, clients, and other stakeholders.",0.9337
27-4031.00,"Compose and frame each shot, applying the technical aspects of light, lenses, film, filters, and camera settings to achieve the effects sought by directors.",0.9335
43-9031.00,"Edit graphics and photos, using pixel or bitmap editing, airbrushing, masking, or image retouching.",0.9332
19-4061.00,Design and create special programs for tasks such as statistical analysis and data entry and cleaning.,0.9327
25-9031.01,"Analyze performance data to determine effectiveness of instructional systems, courses, or instructional materials.",0.9326
19-1029.01,Test new and updated bioinformatics tools and software.,0.9325
41-3031.02,"Sell services or equipment, such as trusts, investments, or check processing services.",0.9323
13-1081.01,Propose logistics solutions for customers.,0.932
49-1011.00,Develop or implement electronic maintenance programs or computer information management systems.,0.9319
43-3031.00,"Compile statistical, financial, accounting, or auditing reports and tables pertaining to such matters as cash receipts, expenditures, accounts payable and receivable, and profits and losses.",0.9318
15-1199.10,Optimize shopping cart experience or Web site conversion rates against Key Performance Indicators (KPIs).,0.9315
27-3031.00,"Study the objectives, promotional policies, or needs of organizations to develop public relations strategies that will influence public opinion or promote ideas, products, or services.",0.9314
27-2011.00,"Write original or adapted material for dramas, comedies, puppet shows, narration, or other performances.",0.9313
27-1014.00,"Script, plan, and create animated narrative sequences under tight deadlines, using computer software and hand drawing techniques.",0.9312
49-9041.00,Enter codes and instructions to program computer-controlled machinery.,0.9311
15-1199.07,"Write new programs or modify existing programs to meet customer requirements, using current programming languages and technologies.",0.9306
15-1199.10,"Collect and analyze Web metrics, such as visits, time on site, page views per visit, transaction volume and revenue, traffic mix, click-through rates, conversion rates, cost per acquisition, or cost per click.",0.9304
11-9199.01,Review materials such as marketing literature or user manuals to ensure that regulatory agency requirements are met.,0.9301
13-2071.01,"Counsel clients on personal and family financial problems, such as excessive spending or borrowing of funds.",0.9301
11-9039.02,Provide individual support or counseling in general wellness or nutrition.,0.9299
43-4061.00,Answer applicants' questions about benefits and claim procedures.,0.9294
27-2032.00,"Develop ideas for creating dances, keeping notes and sketches to record influences.",0.9293
15-1152.00,"Analyze network data to determine network usage, disk space availability, or server function.",0.9292
13-1041.07,Interpret regulatory rules or rule changes and ensure that they are communicated through corporate policies and procedures.,0.9287
19-2012.00,Design computer simulations to model physical data so that it can be better understood.,0.9286
11-1021.00,"Review financial statements, sales or activity reports, or other performance data to measure productivity or goal achievement or to identify areas needing cost reduction or program improvement.",0.9284
25-1051.00,"Review papers or serve on editorial boards for scientific journals, and review grant proposals for federal agencies.",0.9279
19-4061.00,"Prepare, manipulate, and manage extensive databases.",0.9277
17-2199.03,Promote awareness or use of alternative or renewable energy sources.,0.9275
25-1051.00,Answer questions from the public and media.,0.9273
15-1121.01,"Develop or implement policies or practices to ensure the privacy, confidentiality, or security of patient information.",0.9269
15-1131.00,"Write, update, and maintain computer programs or software packages to handle specific jobs such as tracking inventory, storing or retrieving data, or controlling other equipment.",0.9269
43-9022.00,"Reformat documents, moving paragraphs or columns.",0.9266
25-4031.00,Compile bibliographies and prepare abstracts on subjects of interest to particular organizations or groups.,0.9264
19-2031.00,"Analyze organic or inorganic compounds to determine chemical or physical properties, composition, structure, relationships, or reactions, using chromatography, spectroscopy, or spectrophotometry techniques.",0.9262
21-1014.00,"Collect information about clients through interviews, observation, or tests.",0.9251
15-1151.00,Answer user inquiries regarding computer software or hardware operation to resolve problems.,0.925
13-1121.00,"Monitor event activities to ensure compliance with applicable regulations and laws, satisfaction of participants, and resolution of any problems that arise.",0.9249
19-4061.00,"Prepare tables, graphs, fact sheets, and written reports summarizing research results.",0.9247
11-3031.02,Recruit staff members.,0.9241
25-4031.00,"Conduct reference searches, using printed materials and in-house and online databases.",0.9241
15-1121.00,"Review and analyze computer printouts and performance indicators to locate code problems, and correct errors by correcting codes.",0.9237
15-2041.00,Report results of statistical analyses in peer-reviewed papers and technical manuals.,0.9237
29-1069.07,Examine microscopic samples to identify diseases or other abnormalities.,0.9234
19-1029.03,Search scientific literature to select and modify methods and procedures most appropriate for genetic research goals.,0.9231
25-4012.00,Provide information from the institution's holdings to other curators and to the public.,0.923
51-4012.00,Modify existing programs to enhance efficiency.,0.9224
15-1199.08,"Create business intelligence tools or systems, including design of related databases, spreadsheets, or outputs.",0.9223
15-2041.00,"Process large amounts of data for statistical modeling and graphic analysis, using computers.",0.9223
15-1199.04,"Perform computer programming, data analysis, or software development for Geographic Information Systems (GIS) applications, including the maintenance of existing systems or research and development for future enhancements.",0.9221
15-2031.00,"Formulate mathematical or simulation models of problems, relating constants and variables, restrictions, alternatives, conflicting objectives, and their numerical parameters.",0.9221
13-1161.00,"Measure the effectiveness of marketing, advertising, and communications programs and strategies.",0.9216
19-2041.03,Examine societal issues and their relationship with both technical systems and the environment.,0.9216
41-3021.00,Confer with clients to obtain and provide information when claims are made on a policy.,0.9216
51-6062.00,Program electronic equipment.,0.9215
51-6063.00,Program electronic equipment.,0.9215
15-1131.00,Correct errors by making appropriate changes and rechecking the program to ensure that the desired results are produced.,0.9214
13-1199.04,"Analyze corporate intelligence data to identify trends, patterns, or warnings indicating threats to security of people, assets, information, or infrastructure.",0.9213
27-1022.00,Read scripts and consult directors and other production staff to develop design concepts and plan productions.,0.9206
17-1021.00,Build and update digital databases.,0.9206
41-3011.00,Prepare and deliver sales presentations to new and existing customers to sell new advertising programs and to protect and increase existing advertising.,0.9203
25-4021.00,"Search standard reference materials, including online sources and the Internet, to answer patrons' reference questions.",0.9202
11-3031.01,"Prepare or direct preparation of financial statements, business activity reports, financial position forecasts, annual budgets, or reports required by regulatory agencies.",0.9197
29-1069.01,"Develop individualized treatment plans for patients, considering patient preferences, clinical data, or the risks and benefits of therapies.",0.9194
43-5021.00,Plan and follow the most efficient routes for delivering goods.,0.9192
27-2012.01,Write and edit news stories from information collected by reporters and other sources.,0.9186
15-1199.06,Plan and install upgrades of database management system software to enhance database performance.,0.9184
19-3032.00,"Develop new business by contacting potential clients, making sales presentations, and writing proposals.",0.9179
27-3031.00,"Plan or direct development or communication of programs to maintain favorable public or stockholder perceptions of an organization's accomplishments, agenda, or environmental responsibility.",0.9177
15-1199.11,Collaborate with artists to achieve appropriate visual style.,0.9177
11-9199.07,"Write or review security-related documents, such as incident reports, proposals, and tactical or strategic initiatives.",0.9176
43-5061.00,"Examine documents, materials, or products and monitor work processes to assess completeness, accuracy, and conformance to standards and specifications.",0.9175
25-2052.00,"Present information in audio-visual or interactive formats, using computers, televisions, audio-visual aids, or other equipment, materials, or technologies.",0.9171
15-1143.00,Develop and implement solutions for network problems.,0.9166
11-2021.00,Conduct economic or commercial surveys to identify potential markets for products or services.,0.9165
11-9061.00,"Review financial statements, sales or activity reports, or other performance data to identify opportunities for cost reductions or service improvements.",0.9164
19-4061.01,"Research, compile, analyze and organize information from maps, reports, investigations, and books for use in reports and special projects.",0.9162
41-9021.00,Act as an intermediary in negotiations between buyers and sellers over property prices and settlement details and during the closing of sales.,0.9162
25-1062.00,"Conduct research in a particular field of knowledge and publish findings in professional journals, books, or electronic media.",0.9157
25-1054.00,"Conduct research in a particular field of knowledge and publish findings in professional journals, books, or electronic media.",0.9157
25-1123.00,"Conduct research in a particular field of knowledge and publish findings in professional journals, books, or electronic media.",0.9157
25-1011.00,"Conduct research in a particular field of knowledge and publish findings in professional journals, books, or electronic media.",0.9157
25-1051.00,"Conduct research in a particular field of knowledge and publish findings in professional journals, books, or electronic media.",0.9157
25-1067.00,"Conduct research in a particular field of knowledge and publish findings in professional journals, books, or electronic media.",0.9157
25-1126.00,"Conduct research in a particular field of knowledge and publish findings in professional journals, books, or electronic media.",0.9157
25-1193.00,"Conduct research in a particular field of knowledge and publish findings in professional journals, books, or electronic media.",0.9157
25-1112.00,"Conduct research in a particular field of knowledge and publish findings in professional journals, books, or electronic media.",0.9157
25-1125.00,"Conduct research in a particular field of knowledge and publish findings in professional journals, books, or electronic media.",0.9157
25-1122.00,"Conduct research in a particular field of knowledge and publish findings in professional journals, books, or electronic media.",0.9157
25-1065.00,"Conduct research in a particular field of knowledge and publish findings in professional journals, books, or electronic media.",0.9157
25-1072.00,"Conduct research in a particular field of knowledge and publish findings in professional journals, books, or electronic media.",0.9157
25-1052.00,"Conduct research in a particular field of knowledge and publish findings in professional journals, books, or electronic media.",0.9157
25-1021.00,"Conduct research in a particular field of knowledge and publish findings in professional journals, books, or electronic media.",0.9157
25-1121.00,"Conduct research in a particular field of knowledge and publish findings in professional journals, books, or electronic media.",0.9157
25-1053.00,"Conduct research in a particular field of knowledge and publish findings in professional journals, books, or electronic media.",0.9157
25-1064.00,"Conduct research in a particular field of knowledge and publish findings in professional journals, books, or electronic media.",0.9157
25-1031.00,"Conduct research in a particular field of knowledge and publish findings in professional journals, books, or electronic media.",0.9157
25-1032.00,"Conduct research in a particular field of knowledge and publish findings in professional journals, books, or electronic media.",0.9157
25-1042.00,"Conduct research in a particular field of knowledge and publish findings in professional journals, books, or electronic media.",0.9157
25-1192.00,"Conduct research in a particular field of knowledge and publish findings in professional journals, books, or electronic media.",0.9157
25-1113.00,"Conduct research in a particular field of knowledge and publish findings in professional journals, books, or electronic media.",0.9157
25-1066.00,"Conduct research in a particular field of knowledge and publish findings in professional journals, books, or electronic media.",0.9157
25-1041.00,"Conduct research in a particular field of knowledge and publish findings in professional journals, books, or electronic media.",0.9157
25-1063.00,"Conduct research in a particular field of knowledge and publish findings in professional journals, books, or electronic media.",0.9157
25-1071.00,"Conduct research in a particular field of knowledge and publish findings in professional journals, books, or electronic media.",0.9157
25-1081.00,"Conduct research in a particular field of knowledge and publish findings in professional journals, books, or electronic media.",0.9157
25-1111.00,"Conduct research in a particular field of knowledge and publish findings in professional journals, books, or electronic media.",0.9157
25-3099.02,"Provide private instruction to individual or small groups of students to improve academic performance, improve occupational skills, or prepare for academic or occupational tests.",0.9154
13-2072.00,"Market bank products to individuals and firms, promoting bank services that may meet customers' needs.",0.9151
41-3021.00,"Customize insurance programs to suit individual customers, often covering a variety of risks.",0.9149
47-2181.00,Estimate materials and labor required to complete roofing jobs.,0.9147
25-2052.00,"Prepare, administer, or grade tests or assignments to evaluate students' progress.",0.9142
15-1142.00,"Design, configure, and test computer hardware, networking software and operating system software.",0.9137
25-1051.00,"Compile, administer, and grade examinations, or assign this work to others.",0.9134
25-1125.00,"Compile, administer, and grade examinations, or assign this work to others.",0.9134
25-1082.00,"Compile, administer, and grade examinations, or assign this work to others.",0.9134
25-1081.00,"Compile, administer, and grade examinations, or assign this work to others.",0.9134
25-1122.00,"Compile, administer, and grade examinations, or assign this work to others.",0.9134
25-1067.00,"Compile, administer, and grade examinations, or assign this work to others.",0.9134
27-4031.00,"Edit video for broadcast productions, including non-linear editing.",0.9134
25-1041.00,"Compile, administer, and grade examinations, or assign this work to others.",0.9134
25-1043.00,"Compile, administer, and grade examinations, or assign this work to others.",0.9134
25-1124.00,"Compile, administer, and grade examinations, or assign this work to others.",0.9134
25-1052.00,"Compile, administer, and grade examinations, or assign this work to others.",0.9134
25-1066.00,"Compile, administer, and grade examinations, or assign this work to others.",0.9134
25-1053.00,"Compile, administer, and grade examinations, or assign this work to others.",0.9134
25-1042.00,"Compile, administer, and grade examinations, or assign this work to others.",0.9134
25-1112.00,"Compile, administer, and grade examinations, or assign this work to others.",0.9134
25-1032.00,"Compile, administer, and grade examinations, or assign this work to others.",0.9134
25-1193.00,"Compile, administer, and grade examinations, or assign this work to others.",0.9134
25-1123.00,"Compile, administer, and grade examinations, or assign this work to others.",0.9134
25-1065.00,"Compile, administer, and grade examinations, or assign this work to others.",0.9134
25-1061.00,"Compile, administer, and grade examinations, or assign this work to others.",0.9134
25-1054.00,"Compile, administer, and grade examinations, or assign this work to others.",0.9134
25-1031.00,"Compile, administer, and grade examinations, or assign this work to others.",0.9134
25-1063.00,"Compile, administer, and grade examinations, or assign this work to others.",0.9134
25-1071.00,"Compile, administer, and grade examinations, or assign this work to others.",0.9134
25-1064.00,"Compile, administer, and grade examinations, or assign this work to others.",0.9134
25-1126.00,"Compile, administer, and grade examinations, or assign this work to others.",0.9134
25-1011.00,"Compile, administer, and grade examinations, or assign this work to others.",0.9134
25-1072.00,"Compile, administer, and grade examinations, or assign this work to others.",0.9134
25-1113.00,"Compile, administer, and grade examinations, or assign this work to others.",0.9134
25-1192.00,"Compile, administer, and grade examinations, or assign this work to others.",0.9134
25-1111.00,"Compile, administer, and grade examinations, or assign this work to others.",0.9134
25-1022.00,"Compile, administer, and grade examinations, or assign this work to others.",0.9134
25-1062.00,"Compile, administer, and grade examinations, or assign this work to others.",0.9134
25-1121.00,"Compile, administer, and grade examinations, or assign this work to others.",0.9134
29-1171.00,Provide patients or caregivers with assistance in locating health care resources.,0.9133
19-2021.00,"Gather data from sources such as surface or upper air stations, satellites, weather bureaus, or radar for use in meteorological reports or forecasts.",0.9127
29-1069.10,"Perform or interpret the outcomes of diagnostic imaging procedures including magnetic resonance imaging (MRI), computer tomography (CT), positron emission tomography (PET), nuclear cardiology treadmill studies, mammography, or ultrasound.",0.9126
15-1199.05,"Perform geospatial data building, modeling, or analysis, using advanced spatial analysis, data manipulation, or cartography software.",0.9125
19-4031.00,"Set up and conduct chemical experiments, tests, and analyses, using techniques such as chromatography, spectroscopy, physical or chemical separation techniques, or microscopy.",0.9124
13-2099.01,Interpret results of financial analysis procedures.,0.9108
13-2011.01,"Develop, implement, modify, and document recordkeeping and accounting systems, making use of current computer technology.",0.9107
17-2072.00,Provide technical support or instruction to staff or customers regarding electronics equipment standards.,0.9107
13-2071.01,Review billing for accuracy.,0.9103
17-2199.08,"Document robotic application development, maintenance, or changes.",0.9102
25-1123.00,"Prepare and deliver lectures to undergraduate or graduate students on topics such as poetry, novel structure, and translation and adaptation.",0.9101
15-1199.09,"Prepare project status reports by collecting, analyzing, and summarizing information and trends.",0.91
13-2011.02,"Collect and analyze data to detect deficient controls, duplicated effort, extravagance, fraud, or non-compliance with laws, regulations, and management policies.",0.9099
19-3041.00,Analyze and interpret data to increase the understanding of human social behavior.,0.9099
11-3061.00,Prepare reports regarding market conditions and merchandise costs.,0.9099
15-1132.00,Analyze user needs and software requirements to determine feasibility of design within time and cost constraints.,0.9097
45-2092.01,"Provide information and advice to the public regarding the selection, purchase, and care of products.",0.9095
13-1199.04,"Prepare reports summarizing operational results, financial performance, or accomplishments of specified objectives, goals, or plans.",0.9084
25-4011.00,"Select and edit documents for publication and display, applying knowledge of subject, literary expression, and presentation techniques.",0.9079
13-1151.00,"Evaluate training materials prepared by instructors, such as outlines, text, or handouts.",0.9079
33-1021.02,"Perform administrative duties, such as compiling and maintaining records, completing forms, preparing reports, or composing correspondence.",0.9074
15-1121.01,"Design, develop, select, test, implement, and evaluate new or modified informatics solutions, data structures, and decision-support mechanisms to support patients, health care professionals, and their information management and human-computer and human-technology interactions within health care contexts.",0.9072
21-1012.00,"Counsel students regarding educational issues, such as course and program selection, class scheduling and registration, school adjustment, truancy, study habits, and career planning.",0.9064
15-1134.00,"Design, build, or maintain Web sites, using authoring or scripting languages, content creation tools, management tools, and digital media.",0.9054
19-2041.00,"Plan or develop research models, using knowledge of mathematical and statistical concepts.",0.9053
11-3061.00,"Locate vendors of materials, equipment or supplies, and interview them to determine product availability and terms of sales.",0.9049
25-2021.00,Organize and label materials and display students' work.,0.9044
25-2053.00,Organize and label materials and display students' work.,0.9044
25-2022.00,Organize and label materials and display students' work.,0.9044
27-2012.01,"Research production topics using the internet, video archives, and other informational sources.",0.9042
27-3021.00,"Select material most pertinent to presentation, and organize this material into appropriate formats.",0.904
15-1151.00,Modify and customize commercial programs for internal needs.,0.9038
51-5111.00,"Enter, position, and alter text size, using computers, to make up and arrange pages so that printed materials can be produced.",0.9033
17-2072.00,"Design electronic components, software, products, or systems for commercial, industrial, medical, military, or scientific applications.",0.9032
29-1021.00,"Advise or instruct patients regarding preventive dental care, the causes and treatment of dental problems, or oral health care services.",0.9032
13-2082.00,"Check data input or verify totals on forms prepared by others to detect errors in arithmetic, data entry, or procedures.",0.903
11-9199.02,Verify that software technology is in place to adequately provide oversight and monitoring in all required areas.,0.9029
19-2042.00,"Locate and review research articles or environmental, historical, or technical reports.",0.9026
19-1029.02,"Conduct applied research aimed at improvements in areas such as disease testing, crop quality, pharmaceuticals, and the harnessing of microbes to recycle waste.",0.9024
25-1194.00,"Select and assemble books, materials, supplies, and equipment for training, courses, or projects.",0.9023
21-2021.00,"Locate and distribute resources, such as periodicals or curricula, to enhance the effectiveness of educational programs.",0.9023
11-9021.00,"Plan, organize, or direct activities concerned with the construction or maintenance of structures, facilities, or systems.",0.9021
15-1152.00,Troubleshoot network or connectivity problems for users or user groups.,0.9021
27-1012.00,Develop concepts or creative ideas for craft objects.,0.902
27-3042.00,Assist in laying out material for publication.,0.9019
33-3021.06,"Design, use, or maintain databases and software applications, such as geographic information systems (GIS) mapping and artificial intelligence tools.",0.9018
25-1124.00,Prepare and deliver lectures to undergraduate or graduate students on topics such as how to speak and write a foreign language and the cultural aspects of areas where a particular language is used.,0.9016
13-2021.01,"Analyze trends in sales prices, construction costs, and rents, to assess property values or determine the accuracy of assessments.",0.9015
13-2071.00,"Recommend strategies for clients to meet their financial goals, such as borrowing money through loans or loan programs, declaring bankruptcy, making budget adjustments, or enrolling in debt management plans.",0.9015
15-1199.09,"Identify, review, or select vendors or consultants to meet project needs.",0.9014
17-2199.08,"Design software to control robotic systems for applications, such as military defense or manufacturing.",0.9012
19-3031.01,"Collect and analyze data to evaluate the effectiveness of academic programs and other services, such as behavioral management systems.",0.9009
43-4161.00,"Process, verify, and maintain personnel related documentation, including staffing, recruitment, training, grievances, performance evaluations, classifications, and employee leaves of absence.",0.9009
19-1029.03,"Analyze determinants responsible for specific inherited traits, and devise methods for altering traits or producing new traits.",0.9008
25-4012.00,Plan and conduct special research projects in area of interest or expertise.,0.9006
13-2099.03,Analyze financial or operational performance of companies facing financial difficulties to identify or recommend remedies.,0.9006
43-3021.02,"Prepare itemized statements, bills, or invoices and record amounts due for items purchased or services rendered.",0.9002
19-1022.00,"Examine physiological, morphological, and cultural characteristics, using microscope, to identify and classify microorganisms in human, water, and food specimens.",0.9002
25-1021.00,"Evaluate and grade students' class work, laboratory work, assignments, and papers.",0.8997
25-1053.00,"Evaluate and grade students' class work, laboratory work, assignments, and papers.",0.8997
25-1032.00,"Evaluate and grade students' class work, laboratory work, assignments, and papers.",0.8997
25-1042.00,"Evaluate and grade students' class work, laboratory work, assignments, and papers.",0.8997
25-1041.00,"Evaluate and grade students' class work, laboratory work, assignments, and papers.",0.8997
25-1054.00,"Evaluate and grade students' class work, laboratory work, assignments, and papers.",0.8997
25-1066.00,"Evaluate and grade students' class work, laboratory work, assignments, and papers.",0.8997
13-2052.00,Explain to clients the personal financial advisor's responsibilities and the types of services to be provided.,0.8997
27-3043.05,"Write humorous material for publication, or for performances such as comedy routines, gags, and comedy shows.",0.8988
15-1111.00,"Conduct logical analyses of business, scientific, engineering, and other technical problems, formulating mathematical models of problems for solution by computers.",0.8987
13-1041.02,"Prepare reports of activities, evaluations, recommendations, or decisions.",0.8986
13-2099.01,"Apply mathematical or statistical techniques to address practical issues in finance, such as derivative valuation, securities trading, risk management, or financial market regulation.",0.8975
13-2052.00,Answer clients' questions about the purposes and details of financial plans and strategies.,0.8974
25-1082.00,"Conduct research in a particular field of knowledge and present findings in professional journals, books, electronic media, or at professional conferences.",0.8971
25-1061.00,"Conduct research in a particular field of knowledge and present findings in professional journals, books, electronic media, or at professional conferences.",0.8971
43-6013.00,"Compile and record medical charts, reports, or correspondence, using typewriter or personal computer.",0.8969
19-4093.00,Develop and maintain computer databases.,0.8967
49-2011.00,Analyze equipment performance records to assess equipment functioning.,0.8963
25-1193.00,"Prepare and deliver lectures to undergraduate or graduate students on topics such as anatomy, therapeutic recreation, and conditioning theory.",0.8962
11-9061.00,Conduct market research and analyze industry trends.,0.8955
25-1021.00,Compile bibliographies of specialized materials for outside reading assignments.,0.8954
25-1082.00,Compile bibliographies of specialized materials for outside reading assignments.,0.8954
25-1121.00,Compile bibliographies of specialized materials for outside reading assignments.,0.8954
25-1111.00,Compile bibliographies of specialized materials for outside reading assignments.,0.8954
25-1011.00,Compile bibliographies of specialized materials for outside reading assignments.,0.8954
25-1063.00,Compile bibliographies of specialized materials for outside reading assignments.,0.8954
25-1031.00,Compile bibliographies of specialized materials for outside reading assignments.,0.8954
25-1067.00,Compile bibliographies of specialized materials for outside reading assignments.,0.8954
25-1061.00,Compile bibliographies of specialized materials for outside reading assignments.,0.8954
25-1071.00,Compile bibliographies of specialized materials for outside reading assignments.,0.8954
25-1113.00,Compile bibliographies of specialized materials for outside reading assignments.,0.8954
25-1112.00,Compile bibliographies of specialized materials for outside reading assignments.,0.8954
25-1022.00,Compile bibliographies of specialized materials for outside reading assignments.,0.8954
25-1062.00,Compile bibliographies of specialized materials for outside reading assignments.,0.8954
25-1126.00,Compile bibliographies of specialized materials for outside reading assignments.,0.8954
25-1064.00,Compile bibliographies of specialized materials for outside reading assignments.,0.8954
25-1072.00,Compile bibliographies of specialized materials for outside reading assignments.,0.8954
25-1054.00,Compile bibliographies of specialized materials for outside reading assignments.,0.8954
25-1066.00,Compile bibliographies of specialized materials for outside reading assignments.,0.8954
25-1053.00,Compile bibliographies of specialized materials for outside reading assignments.,0.8954
25-1042.00,Compile bibliographies of specialized materials for outside reading assignments.,0.8954
25-1125.00,Compile bibliographies of specialized materials for outside reading assignments.,0.8954
25-1052.00,Compile bibliographies of specialized materials for outside reading assignments.,0.8954
25-1124.00,Compile bibliographies of specialized materials for outside reading assignments.,0.8954
25-1043.00,Compile bibliographies of specialized materials for outside reading assignments.,0.8954
25-1041.00,Compile bibliographies of specialized materials for outside reading assignments.,0.8954
25-1081.00,Compile bibliographies of specialized materials for outside reading assignments.,0.8954
25-1193.00,Compile bibliographies of specialized materials for outside reading assignments.,0.8954
25-1032.00,Compile bibliographies of specialized materials for outside reading assignments.,0.8954
25-1192.00,Compile bibliographies of specialized materials for outside reading assignments.,0.8954
25-1122.00,Compile bibliographies of specialized materials for outside reading assignments.,0.8954
25-1065.00,Compile bibliographies of specialized materials for outside reading assignments.,0.8954
15-1142.00,"Implement and provide technical support for voice services and equipment, such as private branch exchange, voice mail system, and telecom system.",0.8951
43-4051.03,"Explain policies, procedures, or services to patients using medical or administrative knowledge.",0.8951
15-1121.00,"Read manuals, periodicals, and technical reports to learn how to develop programs that meet staff and user requirements.",0.8945
13-1199.03,"Provide advice on transportation options, types of carriers, or shipping routes.",0.8938
13-1041.04,"Examine records, reports, or other documents to establish facts or detect discrepancies.",0.8938
43-4031.02,Record and edit the minutes of meetings and distribute to appropriate officials or staff members.,0.8937
13-2011.01,"Prepare, examine, or analyze accounting records, financial statements, or other financial reports to assess accuracy, completeness, and conformance to reporting and procedural standards.",0.8929
19-3099.01,Prepare or review engineering studies or specifications.,0.8928
13-1041.07,"Obtain and distribute updated information regarding domestic or international laws, guidelines, or standards.",0.8926
29-1125.01,"Review research or literature in art therapy, psychology, or related disciplines.",0.8922
19-1021.00,"Prepare reports or recommendations, based upon research outcomes.",0.8919
29-1131.00,"Advise animal owners regarding sanitary measures, feeding, general care, medical conditions, or treatment options.",0.8913
19-3011.00,"Compile, analyze, and report data to explain economic phenomena and forecast market trends, applying mathematical models and statistical techniques.",0.8913
25-3021.00,Write instructional articles on designated subjects.,0.8912
25-3011.00,Write instructional articles on designated subjects.,0.8912
43-9031.00,"Position text and art elements from a variety of databases in a visually appealing way to design print or web pages, using knowledge of type styles and size and layout patterns.",0.8911
27-3091.00,"Read written materials, such as legal documents, scientific works, or news reports, and rewrite material into specified languages.",0.8909
17-2199.03,"Analyze, interpret, or create graphical representations of energy data, using engineering software.",0.8899
15-1199.03,"Identify, standardize, and communicate levels of access and security.",0.8897
15-1141.00,Modify existing databases and database management systems or direct programmers and analysts to make changes.,0.8897
11-9199.07,Assess risks to mitigate potential consequences of incidents and develop a plan to respond to incidents.,0.8894
17-2121.01,Analyze data to determine feasibility of product proposals.,0.8894
11-2011.00,Monitor and analyze sales promotion results to determine cost effectiveness of promotion campaigns.,0.8893
25-3011.00,Observe and evaluate students' work to determine progress and make suggestions for improvement.,0.8892
49-2011.00,"Install and configure new equipment, including operating software or peripheral equipment.",0.8892
11-3131.00,Analyze training needs to develop new training programs or modify and improve existing programs.,0.8888
27-3022.00,"Check reference materials, such as books, news files, or public records, to obtain relevant facts.",0.8888
27-4012.00,"Prepare reports outlining past and future programs, including content.",0.8886
15-1199.06,"Document and communicate database schemas, using accepted notations.",0.8885
25-1194.00,"Observe and evaluate students' work to determine progress, provide feedback, and make suggestions for improvement.",0.8883
51-6052.00,"Develop, copy, or adapt designs for garments, and design patterns to fit measurements, applying knowledge of garment design, construction, styling, and fabric.",0.8883
15-1199.02,Configure servers to meet functional specifications.,0.8881
25-1041.00,"Participate in student recruitment, registration, and placement activities.",0.888
25-1032.00,"Participate in student recruitment, registration, and placement activities.",0.888
25-1062.00,"Participate in student recruitment, registration, and placement activities.",0.888
25-1111.00,"Participate in student recruitment, registration, and placement activities.",0.888
25-1112.00,"Participate in student recruitment, registration, and placement activities.",0.888
25-1021.00,"Participate in student recruitment, registration, and placement activities.",0.888
27-4021.00,"Determine desired images and picture composition, selecting and adjusting subjects, equipment, and lighting to achieve desired effects.",0.888
25-1053.00,"Participate in student recruitment, registration, and placement activities.",0.888
25-1113.00,"Participate in student recruitment, registration, and placement activities.",0.888
25-1121.00,"Participate in student recruitment, registration, and placement activities.",0.888
25-1066.00,"Participate in student recruitment, registration, and placement activities.",0.888
25-1031.00,"Participate in student recruitment, registration, and placement activities.",0.888
25-1122.00,"Participate in student recruitment, registration, and placement activities.",0.888
25-1082.00,"Participate in student recruitment, registration, and placement activities.",0.888
25-1065.00,"Participate in student recruitment, registration, and placement activities.",0.888
25-1064.00,"Participate in student recruitment, registration, and placement activities.",0.888
25-1067.00,"Participate in student recruitment, registration, and placement activities.",0.888
25-1071.00,"Participate in student recruitment, registration, and placement activities.",0.888
25-1126.00,"Participate in student recruitment, registration, and placement activities.",0.888
25-1022.00,"Participate in student recruitment, registration, and placement activities.",0.888
25-1011.00,"Participate in student recruitment, registration, and placement activities.",0.888
25-1072.00,"Participate in student recruitment, registration, and placement activities.",0.888
25-1125.00,"Participate in student recruitment, registration, and placement activities.",0.888
25-1063.00,"Participate in student recruitment, registration, and placement activities.",0.888
25-1192.00,"Participate in student recruitment, registration, and placement activities.",0.888
25-1081.00,"Participate in student recruitment, registration, and placement activities.",0.888
25-1043.00,"Participate in student recruitment, registration, and placement activities.",0.888
29-1141.04,Prepare reports to document patients' care activities.,0.8866
47-4011.00,"Review and interpret plans, blueprints, site layouts, specifications, or construction methods to ensure compliance to legal requirements and safety regulations.",0.886
41-2011.00,Assist customers by providing information and resolving their complaints.,0.8856
17-2112.01,"Investigate theoretical or conceptual issues, such as the human design considerations of lunar landers or habitats.",0.8856
19-1020.01,"Study basic principles of plant and animal life, such as origin, relationship, development, anatomy, and function.",0.8854
41-9021.00,"Appraise property values, assessing income potential when relevant.",0.8853
15-1199.06,"Develop or maintain archived procedures, procedural codes, or queries for applications.",0.8849
17-2051.01,Investigate or test specific construction project materials to determine compliance to specifications or standards.,0.8844
15-2031.00,Analyze information obtained from management to conceptualize and define operational problems.,0.8842
17-2199.07,Analyze system performance or operational requirements.,0.8842
25-9041.00,"Use computers, audio-visual aids, and other equipment and materials to supplement presentations.",0.8833
25-2053.00,"Use computers, audio-visual aids, and other equipment and materials to supplement presentations.",0.8833
25-2031.00,"Use computers, audio-visual aids, and other equipment and materials to supplement presentations.",0.8833
25-3021.00,"Use computers, audio-visual aids, and other equipment and materials to supplement presentations.",0.8833
25-2023.00,"Use computers, audio-visual aids, and other equipment and materials to supplement presentations.",0.8833
25-2021.00,"Use computers, audio-visual aids, and other equipment and materials to supplement presentations.",0.8833
25-2012.00,"Use computers, audio-visual aids, and other equipment and materials to supplement presentations.",0.8833
25-2032.00,"Use computers, audio-visual aids, and other equipment and materials to supplement presentations.",0.8833
25-2022.00,"Use computers, audio-visual aids, and other equipment and materials to supplement presentations.",0.8833
25-2054.00,"Use computers, audio-visual aids, and other equipment and materials to supplement presentations.",0.8833
25-3011.00,"Use computers, audio-visual aids, and other equipment and materials to supplement presentations.",0.8833
41-9021.00,Rent properties or manage rental properties.,0.8813
15-2041.01,Write detailed analysis plans and descriptions of analyses and findings for research protocols or reports.,0.8811
41-3011.00,Write sales outlines for use by staff.,0.8807
41-9031.00,"Develop, present, or respond to proposals for specific customer requirements, including request for proposal responses and industry-specific solutions.",0.8805
13-1199.03,"Stay abreast of changes in import or export laws or regulations by reading current literature, attending meetings or conferences, or conferring with colleagues.",0.8805
15-2041.02,"Contribute to the compilation, organization, and production of protocols, clinical study reports, regulatory submissions, or other controlled documentation.",0.8804
25-2051.00,"Prepare objectives, outlines, or other materials for courses of study, following curriculum guidelines or requirements.",0.8803
19-4011.02,"Provide assistance to food scientists or technologists in research and development, production technology, or quality control.",0.88
29-1125.02,Analyze or synthesize client data to draw conclusions or make recommendations for therapy.,0.8796
39-9041.00,Develop program plans for individuals or assist in plan development.,0.8793
15-1122.00,Coordinate implementation of computer system plan with establishment personnel and outside vendors.,0.8791
13-2099.01,Provide application or analytical support to researchers or traders on issues such as valuations or data.,0.8785
29-1023.00,Prepare diagnostic and treatment records.,0.8784
39-9011.00,Create developmentally appropriate lesson plans.,0.8779
27-1011.00,Prepare detailed storyboards showing sequence and timing of story development for television production.,0.8772
47-2221.00,"Read specifications or blueprints to determine the locations, quantities, or sizes of materials required.",0.8771
25-9031.01,Design instructional aids for stand-alone or instructor-led classroom or online use.,0.8771
15-2021.00,Develop mathematical or statistical models of phenomena to be used for analysis or for computational simulation.,0.8769
11-9032.00,"Collect and analyze survey data, regulatory information, and data on demographic and employment trends to forecast enrollment patterns and curriculum change needs.",0.8767
41-4011.07,"Provide technical information about solar power, solar systems, equipment, and services to potential customers or dealers.",0.8766
53-1021.00,"Participate in the hiring process by reviewing credentials, conducting interviews, or making hiring decisions or recommendations.",0.8762
17-2199.01,"Prepare technical reports, data summary documents, or research articles for scientific publication, regulatory submissions, or patent applications.",0.8757
39-6012.00,"Plan special events, parties, or meetings, which may include booking musicians or celebrities.",0.8757
21-1023.00,"Monitor, evaluate, and record client progress with respect to treatment goals.",0.8746
13-2099.02,Develop or implement risk-assessment models or methodologies.,0.8746
13-1199.02,"Prepare, maintain, or update security procedures, security system drawings, or related documentation.",0.8745
21-1011.00,"Provide clients or family members with information about addiction issues and about available services or programs, making appropriate referrals when necessary.",0.8741
41-3031.01,Prepare financial reports to monitor client or corporate finances.,0.8738
11-3051.04,Evaluate power production or demand trends to identify opportunities for improved operations.,0.8733
19-1029.01,Develop data models and databases.,0.8729
13-1199.04,Interpret government regulations and applicable codes to ensure compliance.,0.8728
21-1012.00,"Compile and study occupational, educational, and economic information to assist counselees in determining and carrying out vocational and educational objectives.",0.8727
15-1111.00,Analyze problems to develop solutions involving computer hardware and software.,0.8725
49-9021.01,"Study blueprints, design specifications, or manufacturers' recommendations to ascertain the configuration of heating or cooling equipment components and to ensure the proper installation of components.",0.8722
39-1021.01,Plan or direct spa services and programs.,0.8713
17-2081.00,"Provide administrative support for projects by collecting data, providing project documentation, training staff, or performing other general administrative duties.",0.8708
43-5061.00,"Calculate figures, such as required amounts of labor or materials, manufacturing costs, or wages, using pricing schedules, adding machines, calculators, or computers.",0.8706
25-3021.00,"Plan and conduct activities for a balanced program of instruction, demonstration, and work time that provides students with opportunities to observe, question, and investigate.",0.8702
25-3011.00,"Plan and conduct activities for a balanced program of instruction, demonstration, and work time that provides students with opportunities to observe, question, and investigate.",0.8702
25-2021.00,"Plan and conduct activities for a balanced program of instruction, demonstration, and work time that provides students with opportunities to observe, question, and investigate.",0.8702
25-2031.00,"Plan and conduct activities for a balanced program of instruction, demonstration, and work time that provides students with opportunities to observe, question, and investigate.",0.8702
25-2054.00,"Plan and conduct activities for a balanced program of instruction, demonstration, and work time that provides students with opportunities to observe, question, and investigate.",0.8702
25-2053.00,"Plan and conduct activities for a balanced program of instruction, demonstration, and work time that provides students with opportunities to observe, question, and investigate.",0.8702
25-2012.00,"Plan and conduct activities for a balanced program of instruction, demonstration, and work time that provides students with opportunities to observe, question, and investigate.",0.8702
25-2032.00,"Plan and conduct activities for a balanced program of instruction, demonstration, and work time that provides students with opportunities to observe, question, and investigate.",0.8702
25-2023.00,"Plan and conduct activities for a balanced program of instruction, demonstration, and work time that provides students with opportunities to observe, question, and investigate.",0.8702
25-2011.00,"Plan and conduct activities for a balanced program of instruction, demonstration, and work time that provides students with opportunities to observe, question, and investigate.",0.8702
19-1029.01,"Manipulate publicly accessible, commercial, or proprietary genomic, proteomic, or post-genomic databases.",0.8699
11-3071.01,"Analyze expenditures and other financial information to develop plans, policies, or budgets for increasing profits or improving services.",0.8697
43-3031.00,"Perform financial calculations, such as amounts due, interest charges, balances, discounts, equity, and principal.",0.8694
27-3042.00,"Organize material and complete writing assignment according to set standards regarding order, clarity, conciseness, style, and terminology.",0.8694
19-3091.01,Organize public exhibits and displays to promote public awareness of diverse and distinctive cultural traditions.,0.869
43-2011.00,"Perform various data entry or word processing tasks, such as updating phone directories, typing or proofreading documents, or creating schedules.",0.8685
27-3043.04,"Develop advertising campaigns for a wide range of clients, working with an advertising agency's creative director and art director to determine the best way to present advertising information.",0.8676
19-2011.00,Review scientific proposals and research papers.,0.8668
19-1029.01,Create or modify web-based bioinformatics tools.,0.8668
39-4021.00,"Perform various administrative tasks, such as typing documents or answering telephone calls.",0.8666
29-1069.05,Prepare comprehensive interpretive reports of findings.,0.8664
25-3021.00,"Prepare instructional program objectives, outlines, and lesson plans.",0.8664
29-1069.10,Prepare comprehensive interpretive reports of findings.,0.8664
27-1013.00,"Confer with clients, editors, writers, art directors, and other interested parties regarding the nature and content of artwork to be produced.",0.8662
11-2031.00,"Identify main client groups and audiences, determine the best way to communicate publicity information to them, and develop and implement a communication plan.",0.8656
31-9094.00,"Review and edit transcribed reports or dictated material for spelling, grammar, clarity, consistency, and proper medical terminology.",0.8655
21-1091.00,"Prepare and distribute health education materials, such as reports, bulletins, and visual aids, to address smoking, vaccines, and other public health concerns.",0.8654
23-1021.00,"Research and analyze laws, regulations, policies, and precedent decisions to prepare for hearings and to determine conclusions.",0.8653
25-1191.00,"Develop teaching materials, such as syllabi, visual aids, answer keys, supplementary notes, or course Web sites.",0.8646
43-3021.02,Resolve discrepancies in accounting records.,0.8645
27-3043.05,Adapt text to accommodate musical requirements of composers and singers.,0.8632
33-3021.05,"Examine immigration applications, visas, and passports and interview persons to determine eligibility for admission, residence, and travel in the U.S.",0.8632
19-3091.01,Write about and present research findings for a variety of specialized and general audiences.,0.863
19-1029.02,"Participate in all levels of bioproduct development, including proposing new products, performing market analyses, designing and performing experiments, and collaborating with operations and quality control teams during product launches.",0.863
19-3094.00,"Interpret and analyze policies, public issues, legislation, or the operations of governments, businesses, and organizations.",0.8627
25-1191.00,Prepare or proctor examinations.,0.8625
13-2099.03,Prepare all materials for transactions or execution of deals.,0.8623
19-1029.03,Prepare results of experimental findings for presentation at professional conferences or in scientific journals.,0.862
29-1069.01,"Educate patients about diagnoses, prognoses, or treatments.",0.8619
23-1022.00,"Research laws, regulations, policies, or precedent decisions to prepare for hearings.",0.8616
15-1133.00,"Analyze information to determine, recommend, and plan installation of a new system or modification of an existing system.",0.8614
29-9092.00,Identify funding sources and write grant proposals for eligible programs or services.,0.8611
11-9151.00,Research and analyze member or community needs to determine program directions and goals.,0.861
29-1031.00,Write research reports and other publications to document and communicate research findings.,0.8607
17-2199.09,"Provide technical guidance or support to customers on topics such as nanosystem start-up, maintenance, or use.",0.8602
23-1022.00,"Apply relevant laws, regulations, policies, or precedents to reach conclusions.",0.86
43-3051.00,"Provide information to employees and managers on payroll matters, tax issues, benefit plans, and collective agreement provisions.",0.8598
15-1141.00,Specify users and user access levels for each segment of database.,0.8595
27-2012.02,"Compile scripts, program notes, and other material related to productions.",0.8595
25-9031.01,Adapt instructional content or delivery methods for different levels or types of learners.,0.8585
19-2011.00,Develop instrumentation and software for astronomical observation and analysis.,0.8585
17-2031.00,"Conduct research, along with life scientists, chemists, and medical scientists, on the engineering aspects of the biological systems of humans and animals.",0.8582
43-6011.00,"Prepare invoices, reports, memos, letters, financial statements, and other documents, using word processing, spreadsheet, database, or presentation software.",0.8581
23-1023.00,Write decisions on cases.,0.8581
13-2099.03,Employ financial models to develop solutions to financial problems or to assess the financial or capital impact of transactions.,0.8572
13-2011.01,"Analyze business operations, trends, costs, revenues, financial commitments, and obligations to project future revenues and expenses or to provide advice.",0.8571
17-2071.00,"Conduct field surveys or study maps, graphs, diagrams, or other data to identify and correct power system problems.",0.8568
11-9199.08,Identify potential for loss and develop strategies to eliminate it.,0.8568
25-2031.00,"Prepare objectives and outlines for courses of study, following curriculum guidelines or requirements of states and schools.",0.8566
25-2032.00,"Prepare objectives and outlines for courses of study, following curriculum guidelines or requirements of states and schools.",0.8566
25-2012.00,"Prepare objectives and outlines for courses of study, following curriculum guidelines or requirements of states and schools.",0.8566
25-2023.00,"Prepare objectives and outlines for courses of study, following curriculum guidelines or requirements of states and schools.",0.8566
25-2054.00,"Prepare objectives and outlines for courses of study, following curriculum guidelines or requirements of states and schools.",0.8566
25-3011.00,"Prepare objectives and outlines for courses of study, following curriculum guidelines or requirements of states and schools.",0.8566
27-1014.00,"Develop briefings, brochures, multimedia presentations, web pages, promotional products, technical illustrations, and computer artwork for use in products, technical manuals, literature, newsletters, and slide shows.",0.8564
11-9031.00,"Inform businesses, community groups, and governmental agencies about educational needs, available programs, and program policies.",0.8562
25-3099.02,"Develop teaching or training materials, such as handouts, study materials, or quizzes.",0.8561
29-9091.00,"Perform general administrative tasks, such as keeping records or writing reports.",0.8557
43-3011.00,Advise customers of necessary actions and strategies for debt repayment.,0.8554
17-2071.00,"Estimate labor, material, or construction costs for budget preparation purposes.",0.855
11-9041.00,"Administer highway planning, construction, or maintenance.",0.855
43-4051.03,"Develop and distribute newsletters, brochures, or other printed materials to share information with patients or medical staff.",0.8543
17-2072.00,"Prepare, review, or maintain maintenance schedules, design documentation, or operational reports or charts.",0.8529
43-6011.00,"Conduct research, compile data, and prepare papers for consideration and presentation by executives, committees, and boards of directors.",0.8528
29-1062.00,Explain procedures and discuss test results or prescribed treatments with patients.,0.8522
29-1063.00,Explain procedures and discuss test results or prescribed treatments with patients.,0.8522
29-1064.00,Explain procedures and discuss test results or prescribed treatments with patients.,0.8522
27-1024.00,"Develop graphics and layouts for product illustrations, company logos, and Web sites.",0.8504
35-2014.00,Plan and price menu items.,0.8503
29-1199.05,Prepare diagnostic or treatment reports for other medical practitioners or therapists.,0.8495
19-3041.00,"Develop approaches to the solution of groups' problems, based on research findings in sociology and related disciplines.",0.8495
31-9095.00,"Provide customers with information about the uses, effects, or interactions of drugs.",0.8488
27-3043.05,"Plan project arrangements or outlines, and organize material accordingly.",0.8485
25-3099.02,"Research or recommend textbooks, software, equipment, or other learning materials to complement tutoring.",0.8476
29-2011.00,"Develop, standardize, evaluate, or modify procedures, techniques, or tests used in the analysis of specimens or in medical laboratory experiments.",0.8472
19-1029.03,"Plan or conduct basic genomic and biological research related to areas such as regulation of gene expression, protein interactions, metabolic networks, and nucleic acid or protein complexes.",0.8471
19-3011.01,Write technical documents or academic articles to communicate study results or economic forecasts.,0.8467
17-2199.08,Provide technical support for robotic systems.,0.8463
29-1123.00,"Provide educational information about physical therapy or physical therapists, injury prevention, ergonomics, or ways to promote health.",0.8457
29-1031.00,"Develop curriculum and prepare manuals, visual aids, course outlines, and other materials used in teaching.",0.8444
25-9031.01,"Develop instructional materials, such as lesson plans, handouts, or examinations.",0.8444
15-1199.05,"Provide technical support to users or clients regarding the maintenance, development, or operation of Geographic Information Systems (GIS) databases, equipment, or applications.",0.8438
17-2011.00,"Write technical reports or other documentation, such as handbooks or bulletins, for use by engineering staff, management, or customers.",0.8438
35-9031.00,Plan parties or other special events and services.,0.8433
15-2041.02,"Design forms for receiving, processing, or tracking data.",0.8421
17-3012.02,Review completed construction drawings and cost estimates for accuracy and conformity to standards and regulations.,0.842
43-4021.00,Complete form letters in response to requests or problems identified by correspondence.,0.8419
13-2061.00,"Review and analyze new, proposed, or revised laws, regulations, policies, and procedures to interpret their meaning and determine their impact.",0.8419
43-9081.00,"Mark copy to indicate and correct errors in type, arrangement, grammar, punctuation, or spelling, using standard printers' marks.",0.8418
23-1023.00,Research legal issues and write opinions on the issues.,0.8402
13-1151.00,"Obtain, organize, or develop training procedure manuals, guides, or course materials, such as handouts or visual materials.",0.8389
25-9031.00,"Research, evaluate, and prepare recommendations on curricula, instructional methods, and materials for school systems.",0.8387
29-1051.00,"Provide information and advice regarding drug interactions, side effects, dosage, and proper medication storage.",0.8384
15-1199.09,"Develop or update project plans for information technology projects including information such as project objectives, technologies, systems, information specifications, schedules, funding, and staffing.",0.8383
21-2011.00,"Share information about religious issues by writing articles, giving speeches, or teaching.",0.8378
41-1011.00,Plan and coordinate advertising campaigns and sales promotions and prepare merchandise displays and advertising copy.,0.8343
41-2021.00,"Explain rental fees, policies, and procedures.",0.8339
15-1199.06,"Develop data models for applications, metadata tables, views or related database structures.",0.8337
27-1021.00,"Read publications, attend showings, and study competing products and design styles and motifs to obtain perspective and generate design concepts.",0.8335
15-1199.04,"Document, design, code, or test Geographic Information Systems (GIS) models, internet mapping solutions, or other applications.",0.8335
29-9092.00,"Read current literature, talk with colleagues, or participate in professional organizations or conferences to keep abreast of developments in genetics.",0.8329
13-2072.00,"Explain to customers the different types of loans and credit options that are available, as well as the terms of those services.",0.8328
13-2099.02,"Produce reports or presentations that outline findings, explain risk positions, or recommend changes.",0.8324
17-2061.00,Write detailed functional specifications that document the hardware development process and support hardware introduction.,0.8322
27-1024.00,"Determine size and arrangement of illustrative material and copy, and select style and size of type.",0.8319
17-2061.00,"Analyze information to determine, recommend, and plan layout, including type of computers and peripheral equipment modifications.",0.8318
15-1122.00,"Document computer security and emergency measures policies, procedures, and tests.",0.8315
15-2041.01,"Read current literature, attend meetings or conferences, and talk with colleagues to keep abreast of methodological or conceptual developments in fields such as biostatistics, pharmacology, life sciences, and social sciences.",0.8312
41-9011.00,Prepare or alter presentation contents to target specific audiences.,0.831
11-9151.00,Evaluate the work of staff and volunteers to ensure that programs are of appropriate quality and that resources are used effectively.,0.831
11-1011.00,"Analyze operations to evaluate performance of a company or its staff in meeting objectives or to determine areas of potential cost reduction, program improvement, or policy change.",0.831
15-1142.00,"Plan, coordinate, and implement network security measures to protect data, software, and hardware.",0.8309
13-2021.02,"Prepare written reports that estimate property values, outline methods by which the estimations were made, and meet appraisal standards.",0.8306
27-3022.00,Revise work to meet editorial approval or to fit time or space requirements.,0.8303
43-2011.00,"Record messages, suggesting rewording for clarity or conciseness.",0.8297
27-3042.00,"Edit, standardize, or make changes to material prepared by other writers or establishment personnel.",0.8294
15-1199.06,Develop and document database architectures.,0.829
17-2141.00,Recommend design modifications to eliminate machine or system malfunctions.,0.8282
21-2021.00,Develop or direct study courses or religious education programs within congregations.,0.8279
19-3094.00,"Evaluate programs and policies, and make related recommendations to institutions and organizations.",0.8273
27-1011.00,"Mark up, paste, and complete layouts and write typography instructions to prepare materials for typesetting or printing.",0.8263
43-4031.02,Prepare meeting agendas or packets of related information.,0.8262
11-3131.00,"Plan, develop, and provide training and staff development programs, using knowledge of the effectiveness of methods such as classroom training, demonstrations, on-the-job training, meetings, conferences, and workshops.",0.8262
11-9141.00,"Negotiate the sale, lease, or development of property and complete or review appropriate documents and forms.",0.826
43-4161.00,"Answer questions regarding examinations, eligibility, salaries, benefits, and other pertinent information.",0.8259
21-1012.00,"Plan, direct, and participate in recruitment and enrollment activities.",0.8259
23-1021.00,Prepare written opinions and decisions.,0.8259
13-1041.07,"Prepare responses to customer requests for information, such as product data, written regulatory affairs statements, surveys, or questionnaires.",0.8255
29-1031.00,"Counsel individuals and groups on basic rules of good nutrition, healthy eating habits, and nutrition monitoring to improve their quality of life.",0.8254
11-9111.00,Develop instructional materials and conduct in-service and community-based educational programs.,0.8245
19-2032.00,"Perform experiments and computer modeling to study the nature, structure, and physical and chemical properties of metals and their alloys, and their responses to applied forces.",0.8242
11-3131.00,"Evaluate instructor performance and the effectiveness of training programs, providing recommendations for improvement.",0.8225
19-3041.00,Prepare publications and reports containing research findings.,0.8224
13-1151.00,"Design, plan, organize, or direct orientation and training programs for employees or customers.",0.8219
29-1141.02,"Educate patients and family members about mental health and medical conditions, preventive health measures, medications, or treatment plans.",0.8218
21-1091.00,"Develop educational materials and programs for community agencies, local government, and state government.",0.8217
25-9031.01,Develop measurement tools to evaluate the effectiveness of instruction or training interventions.,0.8213
23-1012.00,"Review complaints, petitions, motions, or pleadings that have been filed to determine issues involved or basis for relief.",0.8203
11-9032.00,"Plan and develop instructional methods and content for educational, vocational, or student activity programs.",0.8203
15-1141.00,"Establish and calculate optimum values for database parameters, using manuals and calculator.",0.8195
13-1081.01,"Develop or maintain cost estimates, forecasts, or cost models.",0.8194
17-2072.00,"Analyze electronics system requirements, capacity, cost, or customer needs to determine project feasibility.",0.8191
19-4031.00,Write technical reports or prepare graphs or charts to document experimental results.,0.8189
17-1011.00,"Prepare information regarding design, structure specifications, materials, color, equipment, estimated costs, or construction time.",0.8184
25-1194.00,Develop curricula and plan course content and methods of instruction.,0.8184
13-1141.00,"Prepare research results for publication in form of journals, books, manuals, and film.",0.8177
11-1021.00,"Develop or implement product-marketing strategies, including advertising campaigns or sales promotions.",0.8167
25-4012.00,"Plan and organize the acquisition, storage, and exhibition of collections and related materials, including the selection of exhibition themes and designs, and develop or install exhibit materials.",0.8163
25-2011.00,Adapt teaching methods and instructional materials to meet students' varying needs and interests.,0.8162
25-3021.00,Adapt teaching methods and instructional materials to meet students' varying needs and interests.,0.8162
29-1125.02,"Communicate client assessment findings and recommendations in oral, written, audio, video, or other forms.",0.8156
29-1125.01,"Communicate client assessment findings and recommendations in oral, written, audio, video, or other forms.",0.8156
27-3043.05,"Revise written material to meet personal standards and to satisfy needs of clients, publishers, directors, or producers.",0.8151
17-2199.01,"Read current scientific or trade literature to stay abreast of scientific, industrial, or technological advances.",0.8149
13-1141.00,Plan and develop curricula and materials for training programs and conduct training.,0.8141
11-2021.00,"Formulate, direct, or coordinate marketing activities or policies to promote products or services, working with advertising or promotion managers.",0.8136
17-2141.02,"Write, review, or maintain engineering documentation.",0.8133
27-3041.00,"Develop story or content ideas, considering reader or audience appeal.",0.8117
15-2041.00,"Develop and test experimental designs, sampling techniques, and analytical methods.",0.8104
23-2093.00,"Prepare real estate closing statements, using knowledge and expertise in real estate procedures.",0.8099
25-9011.00,Produce rough and finished graphics and graphic designs.,0.8081
27-4011.00,Produce rough and finished graphics and graphic designs.,0.8081
43-6011.00,Prepare responses to correspondence containing routine inquiries.,0.808
17-2121.01,"Prepare plans, estimates, design and construction schedules, and contract specifications, including any special provisions.",0.8067
17-2112.01,"Analyze complex systems to determine potential for further development, production, interoperability, compatibility, or usefulness in a particular area, such as aviation.",0.8064
19-3032.00,Provide advice on best practices and implementation for selection.,0.8064
17-2141.02,Prepare or present technical or project status reports.,0.8062
11-9032.00,"Write articles, manuals, and other publications, and assist in the distribution of promotional literature about facilities and programs.",0.804
41-3031.01,Explain stock market terms or trading practices to clients.,0.8036
17-3029.07,"Prepare specifications, designs, or sketches for machines, components, or systems related to the generation, transmission, or use of mechanical or fluid energy.",0.8034
15-1143.00,Prepare design presentations and proposals for staff or customers.,0.8032
11-2021.00,"Use sales forecasting or strategic planning to ensure the sale and profitability of products, lines, or services, analyzing business developments and monitoring market trends.",0.803
13-1081.02,Develop or maintain payment systems to ensure accuracy of vendor payments.,0.8009
11-9199.01,"Provide regulatory guidance to departments or development project teams regarding design, development, evaluation, or marketing of products.",0.8005
43-4161.00,Arrange for advertising or posting of job vacancies and notify eligible workers of position availability.,0.8005
15-1143.01,Document technical specifications and operating standards for telecommunications equipment.,0.7997
15-1133.00,"Prepare reports or correspondence concerning project specifications, activities, or status.",0.7988
43-4161.00,"Explain company personnel policies, benefits, and procedures to employees or job applicants.",0.7985
51-8099.02,"Analyze the layout, instrumentation, or function of electrical generation or transmission facilities.",0.7984
17-2199.09,"Prepare reports, deliver presentations, or participate in program review activities to communicate engineering results or recommendations.",0.7978
13-2071.00,"Explain general financial topics to clients, such as credit report ratings, bankruptcy laws, consumer protection laws, wage attachments, or collection actions.",0.7959
11-3031.01,"Analyze the financial details of past, present, and expected operations to identify development opportunities and areas where improvement is needed.",0.7956
27-1011.00,"Confer with clients to determine objectives, budget, background information, and presentation approaches, styles, and techniques.",0.7955
11-2011.00,"Plan and prepare advertising and promotional material to increase sales of products or services, working with customers, company officials, sales departments, and advertising agencies.",0.7943
19-4099.03,"Prepare documentation or presentations, including charts, photos, or graphs.",0.7941
33-9099.02,Prepare written reports on investigations.,0.7937
29-1141.04,Design patient education programs that include information required to make informed health care and treatment decisions.,0.7932
11-2011.01,"Devise or evaluate methods and procedures for collecting data, such as surveys, opinion polls, and questionnaires.",0.7924
11-3021.00,"Evaluate the organization's technology use and needs and recommend improvements, such as hardware and software upgrades.",0.7921
23-1021.00,"Determine existence and amount of liability according to current laws, administrative and judicial precedents, and available evidence.",0.792
27-3043.04,"Write articles, bulletins, sales letters, speeches, and other related informative, marketing and promotional material.",0.792
27-3041.00,"Prepare, rewrite and edit copy to improve readability, or supervise others who do this work.",0.7908
27-3041.00,Make manuscript acceptance or revision recommendations to the publisher.,0.7885
41-1011.00,"Confer with company officials to develop methods and procedures to increase sales, expand markets, and promote business.",0.7877
41-1012.00,"Confer with company officials to develop methods and procedures to increase sales, expand markets, and promote business.",0.7877
29-1122.01,"Provide consultation, support, or education to groups such as parents and teachers.",0.7871
39-1021.01,Develop or implement marketing strategies.,0.7864
21-2011.00,Prepare and deliver sermons or other talks.,0.7863
13-2099.03,Create client presentations of plan details.,0.7853
25-2059.01,"Write reports to summarize student performance, social growth, or physical development.",0.7848
11-9033.00,Formulate strategic plans for the institution.,0.7844
11-2031.00,"Develop and maintain the company's corporate image and identity, which includes the use of logos and signage.",0.784
25-1031.00,"Plan, evaluate, and revise curricula, course content, and course materials and methods of instruction.",0.7836
11-1011.00,"Interpret and explain policies, rules, regulations, or laws to organizations, government or corporate officials, or individuals.",0.7833
19-1020.01,"Study aquatic plants and animals and environmental conditions affecting them, such as radioactivity or pollution.",0.7826
43-1011.00,"Research, compile, and prepare reports, manuals, correspondence, or other information required by management or governmental agencies.",0.7822
27-3091.00,"Translate messages simultaneously or consecutively into specified languages, orally or by using hand signs, maintaining message content, context, and style as much as possible.",0.7814
23-1022.00,"Use mediation techniques to facilitate communication between disputants, to further parties' understanding of different perspectives, and to guide parties toward mutual agreement.",0.781
11-9021.00,"Interpret and explain plans and contract terms to representatives of the owner or developer, including administrative staff, workers, or clients.",0.7806
31-2012.00,"Observe patients' attendance, progress, attitudes, and accomplishments and record and maintain information in client records.",0.7796
13-2011.02,Prepare detailed reports on audit findings.,0.7793
27-3091.00,"Proofread, edit, and revise translated materials.",0.7792
17-1011.00,Prepare contract documents for building contractors.,0.7791
15-1143.00,"Communicate with vendors to gather information about products, alert them to future needs, resolve problems, or address system maintenance issues.",0.7788
13-1041.03,"Provide information, technical assistance, or training to supervisors, managers, or employees on topics such as employee supervision, hiring, grievance procedures, or staff development.",0.7786
11-9031.00,"Write articles, manuals, and other publications and assist in the distribution of promotional literature about programs and facilities.",0.7777
17-2141.02,"Develop calibration methodologies, test methodologies, or tools.",0.7773
23-1012.00,"Prepare briefs, legal memoranda, or statements of issues involved in cases, including appropriate suggestions or recommendations.",0.777
29-1071.00,Interpret diagnostic test results for deviations from normal.,0.776
27-3041.00,Review and approve proofs submitted by composing room prior to publication production.,0.7756
19-4031.00,Develop new chemical engineering processes or production techniques.,0.7742
43-9022.00,"Check completed work for spelling, grammar, punctuation, and format.",0.7741
43-4171.00,"Process and prepare memos, correspondence, travel vouchers, or other documents.",0.7739
43-3031.00,"Compile budget data and documents, based on estimated revenues and expenses and previous budgets.",0.7729
17-2199.06,Conduct experimental or virtual studies to investigate characteristics and processing principles of potential microelectromechanical systems (MEMS) technology.,0.7724
19-2031.00,"Confer with scientists or engineers to conduct analyses of research projects, interpret test results, or develop nonstandard tests.",0.7721
15-1151.00,"Prepare evaluations of software or hardware, and recommend improvements or upgrades.",0.772
11-3131.00,"Develop and organize training manuals, multimedia visual aids, and other educational materials.",0.7717
27-2041.01,"Perform administrative tasks such as applying for grants, developing budgets, negotiating contracts, and designing and printing programs and other promotional materials.",0.7699
15-2031.00,Prepare management reports defining and evaluating problems and recommending solutions.,0.7687
23-1011.00,"Advise clients concerning business transactions, claim liability, advisability of prosecuting or defending lawsuits, or legal rights and obligations.",0.7686
15-1199.03,Evaluate or recommend server hardware or software.,0.7677
27-4011.00,"Develop manuals, texts, workbooks, or related materials for use in conjunction with production materials or for training.",0.7675
29-1141.04,Teach patient education programs that include information required to make informed health care and treatment decisions.,0.7671
13-1081.00,"Develop and implement technical project management tools, such as plans, schedules, and responsibility and compliance matrices.",0.7665
11-9033.00,"Provide assistance to faculty and staff in duties such as teaching classes, conducting orientation programs, issuing transcripts, and scheduling events.",0.7647
27-2012.01,Compose and edit scripts or provide screenwriters with story outlines from which scripts can be written.,0.7635
43-2021.00,"Perform clerical duties such as typing, proofreading, and sorting mail.",0.7621
15-2031.00,"Develop business methods and procedures, including accounting systems, file systems, office systems, logistics systems, and production schedules.",0.762
15-2031.00,Study and analyze information about alternative courses of action to determine which plan will offer the best outcomes.,0.7602
13-2072.00,Analyze potential loan markets and develop referral networks to locate prospects for loans.,0.76
29-1069.01,Interpret diagnostic test results to make appropriate differential diagnoses.,0.7591
17-2199.06,"Investigate characteristics such as cost, performance, or process capability of potential microelectromechanical systems (MEMS) device designs, using simulation or modeling software.",0.7585
11-9151.00,"Prepare and maintain records and reports, such as budgets, personnel records, or training manuals.",0.7566
19-4031.00,Provide technical support or assistance to chemists or engineers.,0.756
13-1131.00,Compile or develop materials to submit to granting or other funding organizations.,0.7548
43-4021.00,"Compose letters in reply to correspondence concerning such items as requests for merchandise, damage claims, credit information requests, delinquent accounts, incorrect billing, or unsatisfactory service.",0.7537
23-1011.00,"Interpret laws, rulings and regulations for individuals and businesses.",0.7523
15-1143.00,"Prepare or monitor project schedules, budgets, or cost control systems.",0.7522
19-3094.00,"Write drafts of legislative proposals, and prepare speeches, correspondence, and policy papers for governmental use.",0.7481
25-9031.00,Advise and teach students.,0.7479
23-1011.00,"Prepare legal briefs and opinions, and file appeals in state and federal courts of appeal.",0.7477
21-1012.00,Teach classes and present self-help or information sessions on subjects related to education and career planning.,0.7474
15-2041.01,Prepare articles for publication or presentation at professional conferences.,0.7472
11-9081.00,Develop and implement policies and procedures for the operation of a department or establishment.,0.7453
19-1013.00,"Communicate research or project results to other professionals or the public or teach related courses, seminars, or workshops.",0.7451
23-1022.00,Prepare written opinions or decisions regarding cases.,0.743
27-3031.00,Write press releases or other media communications to promote clients.,0.7411
13-1111.00,"Document findings of study and prepare recommendations for implementation of new systems, procedures, or organizational changes.",0.7393
43-4011.00,"Perform clerical tasks, such as answering phones or distributing mail.",0.7357
11-3021.00,"Develop and interpret organizational goals, policies, and procedures.",0.7344
15-1111.00,"Develop and interpret organizational goals, policies, and procedures.",0.7344
13-1041.02,Prepare correspondence to inform concerned parties of licensing decisions or appeals processes.,0.7341
23-2011.00,"Prepare legal documents, including briefs, pleadings, appeals, wills, contracts, and real estate closing statements.",0.7341
17-2199.09,Write proposals to secure external funding or to partner with other companies.,0.7327
13-2082.00,Furnish taxpayers with sufficient information and advice to ensure correct tax form completion.,0.7323
11-2021.00,"Identify, develop, or evaluate marketing strategy, based on knowledge of establishment objectives, market characteristics, and cost and markup factors.",0.7316
39-9021.00,"Provide clients with communication assistance, typing their correspondence or obtaining information for them.",0.7315
13-2099.04,Prepare written reports of investigation findings.,0.7312
13-2082.00,Explain federal and state tax laws to individuals and companies.,0.7303
43-9041.02,"Compose business correspondence for supervisors, managers, and professionals.",0.7282
11-2031.00,"Write interesting and effective press releases, prepare information for media kits, and develop and maintain company internet or intranet web pages.",0.7263
11-2031.00,"Write interesting and effective press releases, prepare information for media kits, and develop and maintain company internet or intranet web pages.",0.7263
11-2031.00,"Write interesting and effective press releases, prepare information for media kits, and develop and maintain company internet or intranet web pages.",0.7263
15-1199.11,Consult with multiple stakeholders to define requirements and implement online features.,0.725
17-2051.01,Evaluate construction project materials for compliance with environmental standards.,0.7239
15-1121.01,"Read current literature, talk with colleagues, and participate in professional organizations or conferences to keep abreast of developments in informatics.",0.7239
29-1069.02,Record patients' health histories.,0.7239
29-1161.00,"Read current literature, talk with colleagues, or participate in professional organizations or conferences to keep abreast of developments in midwifery.",0.7239
17-2171.00,Write technical reports for engineering and management personnel.,0.7239
29-1069.02,"Read current literature, talk with colleagues, and participate in professional organizations or conferences to keep abreast of developments in dermatology.",0.7239
11-3051.04,Compile and record operational data on forms or in log books.,0.7239
29-2057.00,Take and document patients' medical histories.,0.7239
33-3021.03,Prepare reports that detail investigation findings.,0.7239
29-2031.00,"Perform general administrative tasks, such as scheduling appointments or ordering supplies or equipment.",0.7239
25-2012.00,"Collaborate with other teachers and administrators in the development, evaluation, and revision of kindergarten programs.",0.7239
43-4051.03,"Read current literature, talk with colleagues, continue education, or participate in professional organizations or conferences to keep abreast of developments in the field.",0.7239
25-2011.00,Organize and label materials and display students' work in a manner appropriate for their ages and perceptual skills.,0.7239
29-2011.01,"Recognize and report abnormalities in the color, size, shape, composition, or pattern of cells.",0.7239
29-9092.00,"Interview patients or review medical records to obtain comprehensive patient or family medical histories, and document findings.",0.7239
43-4121.00,"Perform clerical activities, such as answering phones, sorting mail, filing, typing, word processing, and photocopying and mailing out material.",0.7239
25-2052.00,"Plan or conduct activities for a balanced program of instruction, demonstration, and work time that provides students with opportunities to observe, question, and investigate.",0.7239
19-1042.00,"Consult with and advise physicians, educators, researchers, and others regarding medical applications of physics, biology, and chemistry.",0.7239
29-2021.00,Record and review patient medical histories.,0.7239
35-1012.00,"Record production, operational, and personnel data on specified forms.",0.7239
39-1021.01,Schedule guest appointments.,0.7239
29-1069.01,Document patients' medical histories.,0.7239
39-1021.00,Recruit and hire staff members.,0.7239
43-4141.00,Process loan applications.,0.7239
39-1021.01,Assess employee performance and suggest ways to improve work.,0.7239
29-2035.00,Take brief medical histories from patients.,0.7239
19-3032.00,Assess employee performance.,0.7239
31-9095.00,"Perform clerical tasks, such as filing, compiling and maintaining prescription records, or composing letters.",0.7239
29-1069.07,"Read current literature, talk with colleagues, or participate in professional organizations or conferences to keep abreast of developments in pathology.",0.7239
19-3039.01,Interview patients to obtain comprehensive medical histories.,0.7239
29-2034.00,Take thorough and accurate patient medical histories.,0.7239
31-9099.02,"Read current literature, talk with colleagues, or participate in professional organizations or conferences to keep abreast of developments in endoscopy.",0.7239
51-2021.00,Record production and operational data on specified forms.,0.7239
41-2031.00,Rent merchandise to customers.,0.7239
29-2035.00,Schedule appointments for research subjects or clinical patients.,0.7239
43-3071.00,"Perform clerical tasks, such as typing, filing, and microfilm photography.",0.7239
17-2199.07,"Read current literature, talk with colleagues, continue education, or participate in professional organizations or conferences to keep abreast of developments in the field.",0.7239
29-2092.00,"Read current literature, talk with colleagues, and participate in professional organizations or conferences to keep abreast of developments in audiology.",0.7239
19-3039.01,"Read current literature, talk with colleagues, and participate in professional organizations or conferences to keep abreast of developments in neuropsychology.",0.7239
13-1041.06,Collect and document any pertinent medical history information.,0.7239
33-3052.00,Prepare reports documenting investigation activities and results.,0.7239
33-1011.00,"Complete administrative paperwork or supervise the preparation or maintenance of records, forms, or reports.",0.7239
15-1142.00,Analyze equipment performance records to determine the need for repair or replacement.,0.7239
13-1041.03,Interpret civil rights laws and equal opportunity regulations for individuals or employers.,0.7239
31-2022.00,Schedule patient appointments with physical therapists and coordinate therapists' schedules.,0.7239
11-9031.00,"Plan, direct, and monitor instructional methods and content of educational, vocational, or student activity programs.",0.7239
49-1011.00,Counsel employees about work-related issues and assist employees to correct job-skill deficiencies.,0.7239
29-2099.05,Take and document patients' medical histories.,0.7239
21-1012.00,"Collaborate with teachers and administrators in the development, evaluation, and revision of school programs and in the preparation of master schedules for curriculum offerings.",0.7239
43-4031.01,"Perform administrative tasks, such as answering telephone calls, filing court documents, or maintaining office supplies or equipment.",0.7239
29-1069.06,Document or evaluate patients' medical histories.,0.7239
43-6011.00,"Review operating practices and procedures to determine whether improvements can be made in areas such as workflow, reporting procedures, or expenditures.",0.723
13-1199.02,Provide system design and integration recommendations.,0.7221
11-9121.00,Advise or assist in obtaining patents or meeting other legal requirements.,0.722
11-9141.00,"Manage and oversee operations, maintenance, administration, and improvement of commercial, industrial, or residential properties.",0.7184
11-9041.00,"Present and explain proposals, reports, or findings to clients.",0.7166
27-3043.04,"Invent names for products and write the slogans that appear on packaging, brochures and other promotional material.",0.7156
17-2199.04,Provide technical expertise or support related to manufacturing.,0.7131
17-2199.09,"Provide scientific or technical guidance or expertise to scientists, engineers, technologists, technicians, or others, using knowledge of chemical, analytical, or biological processes as applied to micro and nanoscale systems.",0.7107
13-1131.00,"Write speeches, press releases, or other promotional materials to increase awareness of the causes, missions, or goals of organizations seeking funds.",0.709
13-1011.00,"Confer with clients to develop strategies for their careers, and to explain actions taken on their behalf.",0.7081
15-1199.04,Provide technical expertise in Geographic Information Systems (GIS) technology to clients or users.,0.7078
11-3021.00,"Consult with users, management, vendors, and technicians to assess computing needs and system requirements.",0.7066
15-1111.00,"Consult with users, management, vendors, and technicians to determine computing needs and system requirements.",0.7063
27-2012.02,"Consult with writers, producers, or actors about script changes or ""workshop"" scripts, through rehearsal with writers and actors to create final drafts.",0.7043
43-6013.00,"Prepare correspondence or assist physicians or medical scientists with preparation of reports, speeches, articles, or conference proceedings.",0.6988
13-2081.00,"Maintain knowledge of tax code changes, and of accounting procedures and theory to properly evaluate financial information.",0.6988
11-3031.01,"Maintain current knowledge of organizational policies and procedures, federal and state policies and directives, and current accounting standards.",0.6943
43-1011.00,Evaluate employees' job performance and conformance to regulations and recommend appropriate personnel action.,0.6937
11-2011.00,Plan and execute advertising policies and strategies for organizations.,0.6879
43-1011.00,Provide employees with guidance in handling difficult or complex problems or in resolving escalated complaints or disputes.,0.685
25-2011.00,"Collaborate with other teachers and administrators in the development, evaluation, and revision of preschool programs.",0.6829
15-2011.00,"Provide advice to clients on a contract basis, working as a consultant.",0.6793
25-4012.00,"Write and review grant proposals, journal articles, institutional reports, and publicity materials.",0.6769
17-3023.01,"Provide user applications or engineering support or recommendations for new or existing equipment with regard to installation, upgrades, or enhancements.",0.6704
37-1011.00,Recommend changes that could improve service and increase operational efficiency.,0.6657
19-3011.00,"Provide advice and consultation on economic relationships to businesses, public and private agencies, and other employers.",0.6592
15-1133.00,"Consult with customers or other departments on project status, proposals, or technical issues, such as software system design or maintenance.",0.6464
19-1041.00,"Consult with and advise physicians, educators, researchers, government health officials and others regarding medical applications of sciences, such as physics, biology, and chemistry.",0.6335
11-2021.00,"Develop pricing strategies, balancing firm objectives and customer satisfaction.",0.6326
13-2031.00,"Provide advice and technical assistance with cost analysis, fiscal allocation, and budget preparation.",0.5938
13-2081.00,"Install systems of recording costs or other financial and budgetary data or provide advice on such systems, based on examination of current financial records.",0.573
29-1199.05,Interpret clinical or diagnostic test results.,0.5
29-1065.00,Explain procedures and discuss test results or prescribed treatments with patients and parents or guardians.,0.5
17-3012.02,Write technical reports and draw charts that display statistics and data.,0.5
45-2041.00,"Weigh products or estimate their weight, visually or by feel.",0.0
43-9051.00,Fold letters or circulars and insert them in envelopes.,0.0
43-9041.01,Contact insured or other involved persons to obtain missing information.,0.0
47-3014.00,Supply or hold tools and materials.,0.0
43-9051.00,"Add ink, fill paste reservoirs, and change machine ribbons when necessary.",0.0
47-3013.00,"Solder electrical connections, using soldering iron.",0.0
47-3014.00,Erect scaffolding.,0.0
47-3014.00,Fill cracks or breaks in surfaces of plaster articles or areas with putty or epoxy compounds.,0.0
43-9041.01,Post or attach information to claim file.,0.0
43-9041.01,Transmit claims for payment or further investigation.,0.0
47-4051.00,"Inspect, clean, and repair drainage systems, bridges, tunnels, and other structures.",0.0
47-3013.00,Trim trees and clear undergrowth along right-of-way.,0.0
47-3013.00,"Bolt component parts together to form tower assemblies, using hand tools.",0.0
43-9051.00,Mail merchandise samples or promotional literature in response to requests.,0.0
47-3013.00,Paint a variety of objects related to electrical functions.,0.0
47-3014.00,Clean work areas and equipment.,0.0
45-2041.00,"Separate fiber tufts between fingers to assess strength, uniformity, and cohesive quality of fibers.",0.0
45-2041.00,"Record grade or identification numbers on tags or on shipping, receiving, or sales sheets.",0.0
47-3014.00,"Perform support duties to assist painters, paperhangers, plasterers, or masons.",0.0
43-9051.00,Read production orders to determine types and sizes of items scheduled for printing and mailing.,0.0
47-4051.00,"Erect, install, or repair guardrails, road shoulders, berms, highway markers, warning signals, and highway lighting, using hand tools and power tools.",0.0
45-2091.00,"Adjust, repair, and service farm machinery and notify supervisors when machinery malfunctions.",0.0
45-2091.00,"Irrigate soil, using portable pipes or ditch systems, and maintain ditches or pipes and pumps.",0.0
45-2041.00,Place products in containers according to grade and mark grades on containers.,0.0
45-2091.00,Observe and listen to machinery operation to detect equipment malfunctions.,0.0
47-3013.00,"Operate cutting torches and welding equipment, while working with conduit and metal components to construct devices associated with electrical functions.",0.0
43-9051.00,"Start machines that automatically feed plates, stencils, or tapes through mechanisms, and observe machine operations to detect any malfunctions.",0.0
45-2041.00,"Discard inferior or defective products or foreign matter, and place acceptable products in containers for further processing.",0.0
47-4031.00,"Make rails for fences, by sawing lumber or by cutting metal tubing to required lengths.",0.0
47-4051.00,"Clean and clear debris from culverts, catch basins, drop inlets, ditches, and other drain structures.",0.0
47-3015.00,"Measure, cut, thread and assemble new pipe, placing the assembled pipe in hangers or other supports.",0.0
45-2021.00,"Select animals to be bred, and semen specimens to be used, according to knowledge of animals, genealogies, traits, and desired offspring characteristics.",0.0
47-3015.00,Cut or drill holes in walls or floors to accommodate the passage of pipes.,0.0
45-2021.00,"Place vaccines in drinking water, inject vaccines, or dust air with vaccine powder to protect animals from diseases.",0.0
47-3015.00,"Perform rough-ins, repair and replace fixtures and water heaters, and locate, repair, or remove leaking or broken pipes.",0.0
47-3015.00,"Assist pipe fitters in the layout, assembly, and installation of piping for air, ammonia, gas, and water systems.",0.0
45-2021.00,Examine animals to detect symptoms of illness or injury.,0.0
45-2021.00,"Feed and water animals, and clean and disinfect pens, cages, yards, and hutches.",0.0
45-2021.00,"Observe animals in heat to detect approach of estrus and exercise animals to induce or hasten estrus, if necessary.",0.0
47-3015.00,Cut pipe and lift up to fitters.,0.0
45-2011.00,Advise farmers or growers of development programs or new equipment or techniques to aid in quality production.,0.0
43-6012.00,"Mail, fax, or arrange for delivery of legal correspondence to clients, witnesses, and court officials.",0.0
43-6012.00,Receive and place telephone calls.,0.0
45-2011.00,Compare product recipes with government-approved formulas or recipes to determine acceptability.,0.0
47-4051.00,"Dump, spread, and tamp asphalt, using pneumatic tampers, to repair joints and patch broken pavement.",0.0
47-4031.00,"Mix and pour concrete around bases of posts, or tamp soil into postholes to embed posts.",0.0
43-9041.01,Calculate amount of claim.,0.0
45-2091.00,"Mix specified materials or chemicals, and dump solutions, powders, or seeds into planter or sprayer machinery.",0.0
47-4051.00,"Remove litter and debris from roadways, including debris from rock and mud slides.",0.0
47-4031.00,"Nail top and bottom rails to fence posts, or insert them in slots on posts.",0.0
47-4031.00,"Stretch wire, wire mesh, or chain link fencing between posts, and attach fencing to frames.",0.0
45-2091.00,"Guide products on conveyors to regulate flow through machines, and to discard diseased or rotten products.",0.0
43-9041.02,Interview clients and take their calls to provide customer service and obtain information on claims.,0.0
47-4031.00,Blast rock formations and rocky areas with dynamite to facilitate posthole digging.,0.0
47-3012.00,Install handrails under the direction of a carpenter.,0.0
43-5081.04,"Read orders to ascertain catalog numbers, sizes, colors, and quantities of merchandise.",0.0
47-3012.00,Glue and clamp edges or joints of assembled parts.,0.0
43-5081.04,Keep records of out-going orders.,0.0
45-2092.01,"Harvest plants, and transplant or pot and label them.",0.0
43-5081.04,Compute prices of items or groups of items.,0.0
43-5111.00,"Collect or prepare measurement, weight, or identification labels and attach them to products.",0.0
43-5111.00,"Document quantity, quality, type, weight, test result data, and value of materials or products to maintain shipping, receiving, and production records and files.",0.0
47-3012.00,"Smooth or sand surfaces to remove ridges, tool marks, glue, or caulking.",0.0
43-5111.00,"Compare product labels, tags, or tickets, shipping manifests, purchase orders, and bills of lading to verify accuracy of shipment contents, quality specifications, or weights.",0.0
47-3012.00,"Secure stakes to grids for constructions of footings, nail scabs to footing forms, and vibrate and float concrete.",0.0
43-5111.00,"Count or estimate quantities of materials, parts, or products received or shipped.",0.0
43-9041.01,Apply insurance rating systems.,0.0
43-5111.00,"Weigh or measure materials, equipment, or products to maintain relevant records, using volume meters, scales, rules, or calipers.",0.0
43-5081.04,Obtain merchandise from bins or shelves.,0.0
45-2092.01,Feel plants' leaves and note their coloring to detect the presence of insects or disease.,0.0
45-2092.01,Inspect plants and bud ties to assess quality.,0.0
45-2092.01,"Dig, cut, and transplant seedlings, cuttings, trees, and shrubs.",0.0
47-3012.00,"Position and hold timbers, lumber, or paneling in place for fastening or cutting.",0.0
43-5081.03,"Issue or distribute materials, products, parts, and supplies to customers or coworkers, based on information from incoming requisitions.",0.0
43-5081.03,"Provide assistance or direction to other stockroom, warehouse, or storage yard workers.",0.0
43-5081.03,"Dispose of damaged or defective items, or return them to vendors.",0.0
43-5081.03,"Clean and maintain supplies, tools, equipment, and storage areas to ensure compliance with safety regulations.",0.0
43-5081.03,"Recommend disposal of excess, defective, or obsolete stock.",0.0
43-5081.04,Complete order receipts.,0.0
45-2011.00,"Write reports of findings and recommendations and advise farmers, growers, or processors of corrective action to be taken.",0.0
47-4011.00,"Evaluate premises for cleanliness, such as proper garbage disposal or lack of vermin infestation.",0.0
47-4021.00,"Assemble, install, repair, and maintain elevators, escalators, moving sidewalks, and dumbwaiters, using hand and power tools, and testing devices such as test lamps, ammeters, and voltmeters.",0.0
47-4041.00,"Operate cranes to move or load baskets, casks, or canisters.",0.0
47-4021.00,"Cut prefabricated sections of framework, rails, and other components to specified dimensions.",0.0
47-4021.00,"Test newly installed equipment to ensure that it meets specifications, such as stopping at floors for set amounts of time.",0.0
47-4021.00,"Locate malfunctions in brakes, motors, switches, and signal and control systems, using test equipment.",0.0
47-4041.00,"Sort specialized hazardous waste at landfills or disposal centers, following proper disposal procedures.",0.0
47-4021.00,"Check that safety regulations and building codes are met, and complete service reports verifying conformance to standards.",0.0
47-4041.00,"Record numbers of containers stored at disposal sites, specifying amounts or types of equipment or waste disposed.",0.0
45-1011.05,"Train workers in tree felling or bucking, operation of tractors or loading machines, yarding or loading techniques, or safety regulations.",0.0
47-4041.00,Drive trucks or other heavy equipment to convey contaminated waste to designated sea or ground locations.,0.0
45-1011.05,"Monitor workers to ensure that safety regulations are followed, warning or disciplining those who violate safety regulations.",0.0
47-4011.00,Maintain daily logs and supplement inspection records with photographs.,0.0
47-4011.00,Evaluate project details to ensure adherence to environmental regulations.,0.0
47-4041.00,Upload baskets of irradiated elements onto machines that insert fuel elements into canisters and secure lids.,0.0
43-9071.00,"Prepare and process papers for use in scanning, microfilming, and microfiche.",0.0
43-9071.00,Deliver completed work.,0.0
43-9071.00,"Complete records of production, including work volumes and outputs, materials used, and any backlogs.",0.0
43-9071.00,"Operate auxiliary machines such as collators, pad and tablet making machines, staplers, and paper punching, folding, cutting, and perforating machines.",0.0
45-2092.02,Set up and operate irrigation equipment.,0.0
43-9021.00,"Compare data with source documents, or re-enter data in verification format to detect errors.",0.0
43-9081.00,"Read proof sheets aloud, calling out punctuation marks and spelling unusual words and proper names.",0.0
43-9021.00,Store completed documents in appropriate locations.,0.0
43-9081.00,"Route proofs with marked corrections to authors, editors, typists, or typesetters for correction or reprinting.",0.0
43-9081.00,Consult reference books or secure aid of readers to check references with rules of grammar and composition.,0.0
43-9021.00,"Resolve garbled or indecipherable messages, using cryptographic procedures and equipment.",0.0
43-9021.00,"Locate and correct data entry errors, or report them to supervisors.",0.0
43-9081.00,"Compare information or figures on one record against same data on other records, or with original copy, to detect errors.",0.0
47-3016.00,Sweep and clean roofs to prepare them for the application of new roofing materials.,0.0
45-2011.00,"Take emergency actions, such as closing production facilities, if product safety is compromised.",0.0
47-3016.00,Locate worn or torn areas in roofs.,0.0
47-3016.00,Clean work areas and equipment.,0.0
43-6012.00,"Complete various forms, such as accident reports, trial and courtroom requests, and applications for clients.",0.0
43-6012.00,Prepare and distribute invoices to bill clients or pay account expenses.,0.0
47-3016.00,Maintain tools and equipment.,0.0
47-3016.00,"Cover roofs with layers of roofing felt or asphalt strips before installing tile, slate, or composition materials.",0.0
45-2011.00,Monitor the operations and sanitary conditions of slaughtering or meat processing plants.,0.0
43-6013.00,"Operate office equipment, such as voice mail messaging systems, and use word processing, spreadsheet, or other software applications to prepare reports, invoices, financial statements, letters, case histories, or medical records.",0.0
45-1011.05,"Communicate with forestry personnel regarding forest harvesting or forest management plans, procedures, or schedules.",0.0
45-1011.07,"Monitor or oversee construction projects, such as horticultural buildings or irrigation systems.",0.0
45-1011.07,"Requisition or purchase supplies, such as insecticides, machine parts or lubricants, or tools.",0.0
45-1011.07,"Prepare and maintain time or payroll reports, as well as details of personnel actions, such as performance evaluations, hires, promotions, or disciplinary actions.",0.0
45-1011.07,Inspect facilities to determine maintenance needs.,0.0
45-1011.07,"Read inventory records, customer orders, or shipping schedules to determine required activities.",0.0
45-1011.06,"Perform both supervisory and management functions, such as accounting, marketing, and personnel work.",0.0
45-1011.06,"Train workers in spawning, rearing, cultivating, and harvesting methods, and in the use of equipment.",0.0
45-1011.06,"Record the numbers and types of fish or shellfish reared, harvested, released, sold, and shipped.",0.0
45-1011.06,"Observe fish and beds or ponds to detect diseases, monitor fish growth, determine quality of fish, or determine completeness of harvesting.",0.0
45-1011.05,"Schedule work crews, equipment, or transportation for several different work locations.",0.0
45-1011.05,"Coordinate the selection and movement of logs from storage areas, according to transportation schedules or production requirements.",0.0
45-1011.08,"Confer with managers to determine production requirements, conditions of equipment and supplies, and work schedules.",0.0
45-1011.08,"Transport or arrange for transport of animals, equipment, food, animal feed, and other supplies to and from work sites.",0.0
45-1011.08,"Inspect buildings, fences, fields or ranges, supplies, and equipment to determine work to be performed.",0.0
45-1011.08,"Assign tasks such as feeding and treatment of animals, and cleaning and maintenance of animal quarters.",0.0
45-1011.08,"Treat animal illnesses or injuries, following experience or instructions of veterinarians.",0.0
47-2081.00,"Inspect furrings, mechanical mountings, or masonry surfaces for plumbness and level, using spirit or water levels.",0.0
45-3021.00,Teach or guide individuals or groups unfamiliar with specific hunting methods or types of prey.,0.0
47-2132.00,"Move controls, buttons, or levers to start blowers, and to regulate flow of materials through nozzles.",0.0
47-2132.00,"Remove or seal off old asbestos insulation, following safety procedures.",0.0
47-2132.00,"Prepare surfaces for insulation application by brushing or spreading on adhesives, cement, or asphalt, or by attaching metal pins to surfaces.",0.0
47-2044.00,Level concrete and allow to dry.,0.0
47-2044.00,"Prepare surfaces for tiling by attaching lath or waterproof paper, or by applying a cement mortar coat to a metal screen.",0.0
47-2044.00,Mix and apply mortar or cement to edges and ends of drain tiles to seal halves and joints.,0.0
47-2044.00,Remove and replace cracked or damaged tile.,0.0
47-2044.00,Apply a sealer to make grout stain- and water-resistant.,0.0
47-2132.00,"Cover, seal, or finish insulated surfaces or access holes with plastic covers, canvas strips, sealants, tape, cement, or asphalt mastic.",0.0
47-2043.00,"Scrape and sand floor edges and areas inaccessible to floor sanders, using scrapers, disk-type sanders, and sandpaper.",0.0
47-2141.00,"Apply paint, stain, varnish, enamel, or other finishes to equipment, buildings, bridges, or other structures, using brushes, spray guns, or rollers.",0.0
47-2043.00,Guide sanding machines over surfaces of floors until surfaces are smooth.,0.0
47-2043.00,Attach sandpaper to rollers of sanding machines.,0.0
47-2141.00,"Apply primers or sealers to prepare new surfaces, such as bare wood or metal, for finish coats.",0.0
47-2043.00,Apply filler compound and coats of finish to floors to seal wood.,0.0
47-2043.00,"Remove excess glue from joints, using knives, scrapers, or wood chisels.",0.0
47-2141.00,Read work orders or receive instructions from supervisors or homeowners to determine work requirements.,0.0
47-2141.00,"Smooth surfaces, using sandpaper, scrapers, brushes, steel wool, or sanding machines.",0.0
47-2141.00,Cover surfaces with dropcloths or masking tape and paper to protect surfaces during painting.,0.0
47-2131.00,"Prepare surfaces for insulation application by brushing or spreading on adhesives, cement, or asphalt, or by attaching metal pins to surfaces.",0.0
45-2092.02,"Operate tractors, tractor-drawn machinery, and self-propelled machinery to plow, harrow and fertilize soil, or to plant, cultivate, spray and harvest crops.",0.0
47-2121.00,"Create patterns on glass by etching, sandblasting, or painting designs.",0.0
47-2121.00,Select the type or color of glass or mirror according to specifications.,0.0
47-2051.00,"Apply hardening and sealing compounds to cure surface of concrete, and waterproof or restore surface.",0.0
47-2051.00,Operate power vibrator to compact concrete.,0.0
47-2051.00,"Chip, scrape, and grind high spots, ridges, and rough projections to finish concrete, using pneumatic chisels, power grinders, or hand tools.",0.0
47-2051.00,"Cut out damaged areas, drill holes for reinforcing rods, and position reinforcing rods to repair concrete, using power saw and drill.",0.0
47-2051.00,"Waterproof or restore concrete surfaces, using appropriate compounds.",0.0
47-2121.00,Confer with customers to determine project requirements or to provide cost estimates.,0.0
47-2121.00,"Cut and attach mounting strips, metal or wood moldings, rubber gaskets, or metal clips to surfaces in preparation for mirror installation.",0.0
47-2121.00,"Assemble, erect, or dismantle scaffolds, rigging, or hoisting equipment.",0.0
47-2131.00,"Cover, seal, or finish insulated surfaces or access holes with plastic covers, canvas strips, sealants, tape, cement or asphalt mastic.",0.0
47-2131.00,Fill blower hoppers with insulating materials.,0.0
47-2131.00,"Move controls, buttons, or levers to start blowers and regulate flow of materials through nozzles.",0.0
47-2131.00,"Distribute insulating materials evenly into small spaces within floors, ceilings, or walls, using blowers and hose attachments, or cement mortars.",0.0
47-2042.00,"Heat and soften floor covering materials to patch cracks or fit floor coverings around irregular surfaces, using blowtorch.",0.0
47-2151.00,"Operate mechanized equipment, such as pickup trucks, rollers, tandem dump trucks, front-end loaders, or backhoes.",0.0
47-2151.00,"Lay out pipe routes, following written instructions or blueprints and coordinating layouts with supervisors.",0.0
47-2151.00,"Check slopes for conformance to requirements, using levels or lasers.",0.0
47-2151.00,Align and position pipes to prepare them for welding or sealing.,0.0
47-2151.00,Install or repair sanitary or stormwater sewer structures or pipe systems.,0.0
47-2041.00,"Plan the layout of the carpet, allowing for expected traffic patterns and placing seams for best appearance and longest wear.",0.0
47-2142.00,Apply acetic acid to damp plaster to prevent lime from bleeding through paper.,0.0
47-2041.00,"Stretch carpet to align with walls and ensure a smooth surface, and press carpet in place over tack strips or use staples, tape, tacks or glue to hold carpet in place.",0.0
47-2142.00,"Remove paint, varnish, dirt, and grease from surfaces, using paint remover and water soda solutions.",0.0
47-2142.00,"Staple or tack advertising posters onto fences, walls, billboards, or poles.",0.0
47-2142.00,"Mix paste, using paste powder and water, and brush paste onto surfaces.",0.0
47-2041.00,Take measurements and study floor sketches to calculate the area to be carpeted and the amount of material needed.,0.0
47-2142.00,"Apply thinned glue to waterproof porous surfaces, using brushes, rollers, or pasting machines.",0.0
47-2041.00,"Cut and trim carpet to fit along wall edges, openings, and projections, finishing the edges with a wall trimmer.",0.0
47-2041.00,"Join edges of carpet and seam edges where necessary, by sewing or by using tape with glue and heated carpet iron.",0.0
47-2031.01,Work with or remove hazardous material.,0.0
47-2031.02,"Anchor and brace forms and other structures in place, using nails, bolts, anchor rods, steel cables, planks, wedges, and timbers.",0.0
47-2031.02,"Bore boltholes in timber, masonry or concrete walls, using power drill.",0.0
47-2031.02,Maintain job records and schedule work crew.,0.0
47-2031.02,"Install rough door and window frames, subflooring, fixtures, or temporary supports in structures undergoing construction or repair.",0.0
47-2031.02,"Examine structural timbers and supports to detect decay, and replace timbers as required, using hand tools, nuts, and bolts.",0.0
47-2152.01,"Attach pipes to walls, structures, or fixtures, such as radiators or tanks, using brackets, clamps, tools, or welding equipment.",0.0
47-2152.01,"Plan pipe system layout, installation, or repair, according to specifications.",0.0
47-2152.01,"Inspect, examine, or test installed systems or pipe lines, using pressure gauge, hydrostatic testing, observation, or other methods.",0.0
47-2152.01,"Lay out full scale drawings of pipe systems, supports, or related equipment, according to blueprints.",0.0
47-2152.01,"Cut, thread, or hammer pipes to specifications, using tools such as saws, cutting torches, pipe threaders, or pipe benders.",0.0
47-2042.00,Cut flooring material to fit around obstructions.,0.0
47-2042.00,Inspect surface to be covered to ensure that it is firm and dry.,0.0
47-2042.00,"Trim excess covering materials, tack edges, and join sections of covering material to form tight joint.",0.0
47-2042.00,"Form a smooth foundation by stapling plywood or Masonite over the floor or by brushing waterproof compound onto surface and filling cracks with plaster, putty, or grout to seal pores.",0.0
47-2082.00,Mix sealing compounds by hand or with portable electric mixers.,0.0
47-2082.00,Sand or patch nicks or cracks in plasterboard or wallboard.,0.0
47-2082.00,"Spread and smooth cementing material over tape, using trowels or floating machines to blend joints with wall surfaces.",0.0
47-2071.00,"Cut or break up pavement and drive guardrail posts, using machines equipped with interchangeable hammers.",0.0
47-2071.00,"Install dies, cutters, and extensions to screeds onto machines, using hand tools.",0.0
47-2071.00,Drive and operate curbing machines to extrude concrete or asphalt curbing.,0.0
47-2082.00,Seal joints between plasterboard or other wallboard to prepare wall surfaces for painting or papering.,0.0
47-2072.00,"Move hand and foot levers of hoisting equipment to position piling leads, hoist piling into leads, and position hammers over pilings.",0.0
47-2072.00,Conduct pre-operational checks on equipment to ensure proper functioning.,0.0
47-2072.00,"Drive pilings to provide support for buildings or other structures, using heavy equipment with a pile driver head.",0.0
47-2072.00,"Move levers and turn valves to activate power hammers, or to raise and lower drophammers that drive piles to required depths.",0.0
47-2072.00,"Clean, lubricate, and refill equipment.",0.0
47-2073.00,Learn and follow safety regulations.,0.0
47-2073.00,"Take actions to avoid potential hazards or obstructions, such as utility lines, other equipment, other workers, or falling objects.",0.0
47-2073.00,"Locate underground services, such as pipes or wires, prior to beginning work.",0.0
47-2073.00,Monitor operations to ensure that health and safety standards are met.,0.0
47-2082.00,Apply additional coats to fill in holes and make surfaces smooth.,0.0
47-2073.00,"Adjust handwheels and depress pedals to control attachments, such as blades, buckets, scrapers, or swing booms.",0.0
47-2071.00,Operate machines that clean or cut expansion joints in concrete or asphalt and that rout out cracks in pavement.,0.0
47-2071.00,"Observe distribution of paving material to adjust machine settings or material flow, and indicate low spots for workers to add material.",0.0
47-2111.00,"Connect wires to circuit breakers, transformers, or other components.",0.0
47-2111.00,"Plan layout and installation of electrical wiring, equipment, or fixtures, based on job specifications and local codes.",0.0
47-2081.00,"Remove existing plaster, drywall, or paneling, using crowbars and hammers.",0.0
47-2081.00,"Apply or mount acoustical tile or blocks, strips, or sheets of shock-absorbing materials to ceilings or walls of buildings to reduce reflection of sound or to decorate rooms.",0.0
47-2081.00,"Suspend angle iron grids or channel irons from ceilings, using wire.",0.0
47-2081.00,"Fasten metal or rockboard lath to the structural framework of walls, ceilings, or partitions of buildings, using nails, screws, staples, or wire-ties.",0.0
47-2053.00,"Move terrazzo installation materials, tools, machines, or work devices to work areas, manually or using wheelbarrow.",0.0
47-2053.00,"Clean chipped area, using wire brush, and feel and observe surface to determine if it is rough or uneven.",0.0
47-2053.00,"Repair concrete by cutting out damaged areas, drilling holes for reinforcing rods, and positioning reinforcing rods, using power saw and drill.",0.0
47-2053.00,Precast terrazzo blocks in wooden forms.,0.0
47-2053.00,Wet concrete surface and rub with stone to smooth surface and obtain specified finish.,0.0
47-2061.00,"Control traffic passing near, in, or around work zones.",0.0
47-2061.00,Clean or prepare construction sites to eliminate possible hazards.,0.0
47-2061.00,Apply weather-stripping to reduce energy loss.,0.0
47-2111.00,Provide preliminary sketches or cost estimates for materials or services.,0.0
47-2061.00,"Signal equipment operators to facilitate alignment, movement, or adjustment of machinery, equipment, or materials.",0.0
47-2111.00,"Provide assistance during emergencies by operating floodlights or generators, placing flares, or driving needed vehicles.",0.0
47-2111.00,Advise management on whether continued operation of equipment could be hazardous.,0.0
47-2031.01,Construct forms or chutes for pouring concrete.,0.0
47-2031.01,Prepare cost estimates for clients or employers.,0.0
47-2031.01,"Perform minor plumbing, welding, or concrete mixing work.",0.0
45-4011.00,"Maintain campsites or recreational areas, replenishing firewood or other supplies and cleaning kitchens or restrooms.",0.0
47-2231.00,Examine designs to determine current requirements for all parts of the photovoltaic (PV) system electrical circuit.,0.0
47-2231.00,"Identify electrical, environmental, and safety hazards associated with photovoltaic (PV) installations.",0.0
45-4011.00,"Select tree seedlings, prepare the ground, or plant the trees in reforestation areas, using manual planting tools.",0.0
45-4011.00,"Prune or shear tree tops or limbs to control growth, increase density, or improve shape.",0.0
45-4021.00,"Stop saw engines, pull cutting bars from cuts, and run to safety as tree falls.",0.0
45-4021.00,"Appraise trees for certain characteristics, such as twist, rot, and heavy limb growth, and gauge amount and direction of lean, to determine how to control the direction of a tree's fall with the least damage.",0.0
47-2231.00,"Identify methods for laying out, orienting, and mounting modules or arrays to ensure efficient installation, electrical configuration, or system maintenance.",0.0
47-2231.00,"Install module array interconnect wiring, implementing measures to disable arrays during installation.",0.0
45-4021.00,"Saw back-cuts, leaving sufficient sound wood to control direction of fall.",0.0
47-2231.00,"Determine appropriate sizes, ratings, and locations for all system overcurrent devices, disconnect devices, grounding equipment, and surge suppression equipment.",0.0
47-2221.00,"Catch hot rivets in buckets and insert rivets in holes, using tongs.",0.0
45-4021.00,"Clear brush from work areas and escape routes, and cut saplings and other trees from direction of falls, using axes, chainsaws, or bulldozers.",0.0
47-2221.00,Place blocks under reinforcing bars used to reinforce floors.,0.0
45-4021.00,"Measure felled trees and cut them into specified log lengths, using chain saws and axes.",0.0
47-2221.00,"Insert sealing strips, wiring, insulating material, ladders, flanges, gauges, or valves, depending on types of structures being assembled.",0.0
47-2221.00,Hold rivets while riveters use air hammers to form heads on rivets.,0.0
45-4011.00,"Thin or space trees, using power thinning saws.",0.0
45-4011.00,"Select or cut trees according to markings or sizes, types, or grades.",0.0
47-2211.00,Construct components for high-performance wind turbine systems.,0.0
45-4022.00,"Inspect equipment for safety prior to use, and perform necessary basic maintenance tasks.",0.0
47-2211.00,"Install green architectural sheet metal components, such as cool roofs or hot or cold walls.",0.0
45-4022.00,Drive crawler or wheeled tractors to drag or transport logs from felling sites to log landing areas for processing and loading.,0.0
47-2211.00,Perform sheet metal work necessary for solar panel installations.,0.0
45-4022.00,"Grade logs according to characteristics such as knot size and straightness, and according to established industry or company standards.",0.0
45-4022.00,"Control hydraulic tractors equipped with tree clamps and booms to lift, swing, and bunch sheared trees.",0.0
47-2211.00,Fasten roof panel edges or machine-made moldings to structures by nailing or welding.,0.0
47-2211.00,"Perform building commissioning activities by completing mechanical inspections of a building's water, lighting, or heating, ventilating, and air conditioning (HVAC) systems.",0.0
45-4022.00,"Drive and maneuver tractors and tree harvesters to shear the tops off of trees, cut and limb the trees, and cut the logs into desired lengths.",0.0
45-4023.00,"Evaluate log characteristics and determine grades, using established criteria.",0.0
45-4023.00,Record data about individual trees or load volumes into tally books or hand-held collection terminals.,0.0
45-4023.00,"Paint identification marks of specified colors on logs to identify grades or species, using spray cans, or call out grades to log markers.",0.0
45-3021.00,Release quarry from traps or nets and transfer to cages.,0.0
45-4023.00,"Measure felled logs or loads of pulpwood to calculate volume, weight, dimensions, and marketable value, using measuring devices and conversion tables.",0.0
45-2093.00,"Examine animals to detect illness, injury, or disease, and to check physical characteristics, such as rate of weight gain.",0.0
47-3011.00,"Move or position materials such as marble slabs, using cranes, hoists, or dollies.",0.0
47-3011.00,"Clean installation surfaces, equipment, tools, work sites, or storage areas, using water, chemical solutions, oxygen lances, or polishing machines.",0.0
47-3011.00,"Arrange or store materials, machines, tools, or equipment.",0.0
47-3011.00,"Locate and supply materials to masons for installation, following drawings or numbered sequences.",0.0
47-3011.00,"Provide assistance in the preparation, installation, repair, or rebuilding of tile, brick, or stone surfaces.",0.0
45-2093.00,"Mix feed, additives, and medicines in prescribed portions.",0.0
45-2093.00,"Inspect, maintain, and repair equipment, machinery, buildings, pens, yards, and fences.",0.0
45-2093.00,"Move equipment, poultry, or livestock from one location to another, manually or using trucks or carts.",0.0
45-2093.00,"Clean stalls, pens, and equipment, using disinfectant solutions, brushes, shovels, water hoses, or pumps.",0.0
45-3021.00,"Wash and sort pelts according to species, color, and quality.",0.0
45-2092.02,"Repair and maintain farm vehicles, implements, and mechanical equipment.",0.0
45-2092.02,Harvest fruits and vegetables by hand.,0.0
45-2092.02,Inform farmers or farm managers of crop progress.,0.0
45-3011.00,"Load and unload vessel equipment and supplies, by hand or using hoisting equipment.",0.0
45-3011.00,"Harvest marine life for human or animal consumption, using diving or dredging equipment, traps, barges, rods, reels, or tackle.",0.0
45-3021.00,Maintain and repair trapping equipment.,0.0
45-3021.00,"Patrol trap lines or nets to inspect settings, remove catch, and reset or relocate traps.",0.0
45-3011.00,"Connect accessories such as floats, weights, flags, lights, or markers to nets, lines, or traps.",0.0
45-3011.00,"Wash decks, conveyors, knives, and other equipment, using brushes, detergents, and water.",0.0
45-3011.00,Interpret weather and vessel conditions to determine appropriate responses.,0.0
47-2031.01,"Fill cracks or other defects in plaster or plasterboard and sand patch, using patching plaster, trowel, and sanding tool.",0.0
47-2022.00,"Shape, trim, face and cut marble or stone preparatory to setting, using power saws, cutting equipment, and hand tools.",0.0
47-2022.00,"Mix mortar or grout and pour or spread mortar or grout on marble slabs, stone, or foundation.",0.0
47-2161.00,"Install guide wires on exterior surfaces of buildings to indicate thickness of plaster or stucco and nail wire mesh, lath, or similar materials to the outside surface to hold stucco in place.",0.0
47-2022.00,"Remove wedges, fill joints between stones, finish joints between stones, using a trowel, and smooth the mortar to an attractive finish, using a tuck pointer.",0.0
47-2022.00,"Set stone or marble in place, according to layout or pattern.",0.0
47-2161.00,Cure freshly plastered surfaces.,0.0
47-2022.00,"Clean excess mortar or grout from surface of marble, stone, or monument, using sponge, brush, water, or acid.",0.0
47-2161.00,Rough the undercoat surface with a scratcher so the finish coat will adhere.,0.0
47-2161.00,"Apply insulation to building exteriors by installing prefabricated insulation systems over existing walls or by covering the outer wall with insulation board, reinforcing mesh, and a base coat.",0.0
47-2161.00,"Create decorative textures in finish coat, using brushes or trowels, sand, pebbles, or stones.",0.0
47-2021.00,"Break or cut bricks, tiles, or blocks to size, using trowel edge, hammer, or power saw.",0.0
47-2021.00,Interpret blueprints and drawings to determine specifications and to calculate the materials required.,0.0
47-2181.00,"Remove snow, water, or debris from roofs prior to applying roofing materials.",0.0
47-2021.00,"Fasten or fuse brick or other building material to structure with wire clamps, anchor holes, torch, or cement.",0.0
47-2021.00,"Lay and align bricks, blocks, or tiles to build or repair structures or high temperature equipment, such as cupola, kilns, ovens, or furnaces.",0.0
47-2181.00,Inspect problem roofs to determine the best repair procedures.,0.0
47-2021.00,"Mix specified amounts of sand, clay, dirt, or mortar powder with water to form refractory mixtures.",0.0
47-2171.00,"Cut and fit wire mesh or fabric, using hooked rods, and position fabric or mesh in concrete to reinforce concrete.",0.0
47-2171.00,Place blocks under rebar to hold the bars off the deck when reinforcing floors.,0.0
47-2171.00,"Cut rods to required lengths, using metal shears, hacksaws, bar cutters, or acetylene torches.",0.0
47-2171.00,"Position and secure steel bars, rods, cables, or mesh in concrete forms, using fasteners, rod-bending machines, blowtorches, or hand tools.",0.0
47-2171.00,"Space and fasten together rods in forms according to blueprints, using wire and pliers.",0.0
47-2152.02,Fill pipes or plumbing fixtures with water or air and observe pressure gauges to detect and locate leaks.,0.0
47-2152.02,Keep records of work assignments.,0.0
47-2152.02,"Install pipe assemblies, fittings, valves, appliances such as dishwashers or water heaters, or fixtures such as sinks or toilets, using hand or power tools.",0.0
47-2152.02,"Assemble pipe sections, tubing, or fittings, using couplings, clamps, screws, bolts, cement, plastic solvent, caulking, or soldering, brazing, or welding equipment.",0.0
47-2181.00,Set up scaffolding to provide safe access to roofs.,0.0
45-4023.00,"Measure log lengths and mark boles for bucking into logs, according to specifications.",0.0
47-1011.00,Order or requisition materials or supplies.,0.0
47-1011.00,"Analyze worker or production problems and recommend solutions, such as improving production methods or implementing motivational plans.",0.0
47-1011.00,"Train workers in construction methods, operation of equipment, safety procedures, or company policies.",0.0
47-1011.00,"Provide assistance to workers engaged in construction or extraction activities, using hand tools or other equipment.",0.0
47-1011.03,"Supervise solar installers, technicians, and subcontractors for solar installation projects to ensure compliance with safety standards.",0.0
47-1011.03,"Estimate materials, equipment, and personnel needed for residential or commercial solar installation projects.",0.0
47-2181.00,"Install layers of vegetation-based green roofs, including protective membranes, drainage, aeration, water retention and filter layers, soil substrates, irrigation materials, and plants.",0.0
47-1011.03,"Prepare solar installation project proposals, quotes, budgets, or schedules.",0.0
47-1011.03,Plan and coordinate installations of photovoltaic (PV) solar and solar thermal systems to ensure conformance to codes.,0.0
47-1011.03,"Monitor work of contractors and subcontractors to ensure projects conform to plans, specifications, schedules, or budgets.",0.0
47-2011.00,"Shape or fabricate parts, such as stacks, uptakes, or chutes, to adapt pressure vessels, heat exchangers, or piping to premises, using heavy-metalworking machines such as brakes, rolls, or drill presses.",0.0
47-2011.00,Assemble large vessels in an on-site fabrication shop prior to installation to ensure proper fit.,0.0
47-2011.00,"Lay out plate, sheet steel, or other heavy metal and locate and mark bending and cutting lines, using protractors, compasses, and drawing instruments or templates.",0.0
47-2011.00,"Examine boilers, pressure vessels, tanks, or vats to locate defects, such as leaks, weak spots, or defective sections, so that they can be repaired.",0.0
47-2011.00,"Shape seams, joints, or irregular edges of pressure vessel sections or structural parts to attain specified fit of parts, using cutting torches, hammers, files, or metalworking machines.",0.0
11-1011.00,"Direct or coordinate an organization's financial or budget activities to fund operations, maximize investments, or increase efficiency.",0.0
39-3021.00,"Splice separate film reels, advertisements, and movie trailers together to form a feature-length presentation on one continuous reel.",0.0
39-3012.00,Inspect cards or equipment to be used in games to ensure they are in proper condition.,0.0
39-3012.00,Push dice to shooters and retrieve thrown dice.,0.0
39-3012.00,Record the number of tickets cashed and the amount paid out after each race or event.,0.0
39-3012.00,Prepare collection reports for submission to supervisors.,0.0
39-3012.00,Take the house percentage from each pot.,0.0
39-3021.00,"Insert film into top magazine reel, or thread film through a series of sprockets and guide rollers, attaching the end to a take-up reel.",0.0
39-3021.00,Start projectors and open shutters to project images onto screens.,0.0
39-3021.00,Monitor operations to ensure that standards for sound and image projection quality are met.,0.0
39-3021.00,Operate equipment to show films in a number of theaters simultaneously.,0.0
37-3012.00,"Mix pesticides, herbicides, or fungicides for application to trees, shrubs, lawns, or botanical crops.",0.0
39-3011.00,Pay winnings or collect losing bets as established by the rules and procedures of a specific game.,0.0
39-3011.00,Stand behind a gaming table and deal the appropriate number of cards to each player.,0.0
39-3011.00,"Deal cards to house hands, and compare these with players' hands to determine winners, as in black jack.",0.0
39-3011.00,Exchange paper currency for playing chips or coin money.,0.0
39-3011.00,Check to ensure that all players have placed bets before play begins.,0.0
39-3031.00,Greet patrons attending entertainment events.,0.0
39-3031.00,"Sell or collect admission tickets, passes, or facility memberships from patrons at entertainment events.",0.0
39-3031.00,Clean facilities.,0.0
39-3091.00,"Maintain inventories of equipment, storing and retrieving items and assembling and disassembling equipment as necessary.",0.0
39-3092.00,Distribute costumes or related equipment and keep records of item status.,0.0
39-3092.00,Arrange costumes in order of use to facilitate quick-change procedures for performances.,0.0
39-3092.00,Return borrowed or rented items when productions are complete and return other items to storage.,0.0
39-3092.00,Clean and press costumes before and after performances and perform any minor repairs.,0.0
39-3092.00,"Assign lockers to employees and maintain locker rooms, dressing rooms, wig rooms, or costume storage or laundry areas.",0.0
39-3093.00,"Provide towels and sheets to clients in public baths, steam rooms, and restrooms.",0.0
39-3093.00,"Assign dressing room facilities, locker space, or clothing containers to patrons of athletic or bathing establishments.",0.0
39-3093.00,"Check supplies to ensure adequate availability, and order new supplies when necessary.",0.0
39-3093.00,"Monitor patrons' facility use to ensure that rules and regulations are followed, and safety and order are maintained.",0.0
39-3093.00,"Answer customer inquiries or explain cost, availability, policies, and procedures of facilities.",0.0
39-3091.00,Announce or describe amusement park attractions to patrons to entice customers to games and other entertainment.,0.0
39-3091.00,"Fasten safety devices for patrons, or provide them with directions for fastening devices.",0.0
39-3031.00,Settle seating disputes or help solve other customer concerns.,0.0
39-3091.00,"Provide assistance to patrons entering or exiting amusement rides, boats, or ski lifts, or mounting or dismounting animals.",0.0
39-3031.00,"Examine tickets or passes to verify authenticity, using criteria such as color or date issued.",0.0
39-2021.00,Sell pet food and supplies.,0.0
39-2021.00,Train animals to perform certain tasks.,0.0
39-2021.00,Find homes for stray or unwanted animals.,0.0
37-3013.00,"Split logs or wooden blocks into bolts, pickets, posts, or stakes, using hand tools such as ax wedges, sledgehammers, and mallets.",0.0
39-1011.00,"Monitor game operations to ensure that house rules are followed, that tribal, state, and federal regulations are adhered to, and that employees provide prompt and courteous service.",0.0
39-1011.00,"Observe gamblers' behavior for signs of cheating, such as marking, switching, or counting cards, and notify security staff of suspected cheating.",0.0
39-1011.00,Greet customers and ask about the quality of service they are receiving.,0.0
39-1011.00,Perform paperwork required for monetary transactions.,0.0
39-1011.00,"Explain and interpret house rules, such as game rules or betting limits, for patrons.",0.0
39-1012.00,Monitor payment of hand-delivered jackpots to ensure promptness.,0.0
39-1012.00,Monitor functioning of slot machine coin dispensers and fill coin hoppers when necessary.,0.0
39-1012.00,Respond to and resolve patrons' complaints.,0.0
39-1012.00,Reset slot machines after payoffs.,0.0
39-1012.00,"Perform minor repairs or make adjustments to slot machines, resolving problems such as machine tilts and coin jams.",0.0
37-3013.00,Install lightning protection on trees.,0.0
37-3013.00,Scrape decayed matter from cavities in trees and fill holes with cement to promote healing and to prevent further deterioration.,0.0
39-1021.00,Observe and evaluate workers' appearance and performance to ensure quality service and compliance with specifications.,0.0
37-3013.00,"Harvest tanbark by cutting rings and slits in bark and stripping bark from trees, using spuds or axes.",0.0
37-3012.00,"Lift, push, and swing nozzles, hoses, and tubes to direct spray over designated areas.",0.0
37-3012.00,Identify lawn or plant diseases to determine the appropriate course of treatment.,0.0
37-3012.00,"Cover areas to specified depths with pesticides, applying knowledge of weather conditions, droplet sizes, elevation-to-distance ratios, and obstructions.",0.0
37-3012.00,"Start motors and engage machinery, such as sprayer agitators or pumps or portable spray equipment.",0.0
37-3013.00,Supervise others engaged in tree trimming work and train lower-level employees.,0.0
39-1021.00,"Assign work schedules, following work requirements, to ensure quality and timely delivery of service.",0.0
39-1021.00,Train workers in proper operational procedures and functions and explain company policies.,0.0
39-2021.00,Exercise animals to maintain their physical and mental health.,0.0
39-2011.00,Observe animals' physical conditions to detect illness or unhealthy conditions requiring medical care.,0.0
39-2011.00,Administer prescribed medications to animals.,0.0
39-2011.00,"Keep records documenting animal health, diet, or behavior.",0.0
39-2011.00,Evaluate animals for trainability and ability to perform.,0.0
39-2011.00,Advise animal owners regarding the purchase of specific animals.,0.0
39-2021.00,Feed and water animals according to schedules and feeding instructions.,0.0
39-5094.00,Advise clients about colors and types of makeup and instruct them in makeup application techniques.,0.0
39-5094.00,Sell makeup to clients.,0.0
39-5094.00,Tint eyelashes and eyebrows.,0.0
39-6011.00,"Transfer luggage, trunks, and packages to and from rooms, loading areas, vehicles, or transportation terminals, by hand or using baggage carts.",0.0
39-6011.00,Greet incoming guests and escort them to their rooms.,0.0
39-6011.00,Receive and mark baggage by completing and attaching claim checks.,0.0
39-6011.00,Assist physically challenged travelers and other guests with special needs.,0.0
39-6012.00,"Make reservations for patrons, such as for dinner, spa treatments, or golf tee times, and obtain tickets to special events.",0.0
39-6012.00,"Receive, store, or deliver luggage or mail.",0.0
39-5094.00,Collaborate with plastic surgeons and dermatologists to provide patients with preoperative and postoperative skin care.,0.0
39-5094.00,Apply chemical peels to reduce fine lines and age spots.,0.0
39-5092.00,"Prepare customers' nails in soapy water, using swabs, files, and orange sticks.",0.0
39-5092.00,"Remove previously applied nail polish, using liquid remover and swabs.",0.0
39-5092.00,Use rotary abrasive wheels to shape and smooth nails or artificial extensions.,0.0
39-5092.00,"Assess the condition of clients' hands, remove dead skin, and massage hands.",0.0
39-5093.00,"Massage, shampoo, and condition patron's hair and scalp to clean them and remove excess oil.",0.0
39-5093.00,Advise patrons with chronic or potentially contagious scalp conditions to seek medical treatment.,0.0
39-5093.00,"Treat scalp conditions and hair loss, using specialized lotions, shampoos, or equipment such as infrared lamps or vibrating equipment.",0.0
39-5093.00,Maintain treatment records.,0.0
39-7012.00,Explain hunting and fishing laws to groups to ensure compliance.,0.0
39-9011.00,Dress children and change diapers.,0.0
39-9011.00,Observe and monitor children's play activities.,0.0
39-9011.00,"Communicate with children's parents or guardians about daily activities, behaviors, and related issues.",0.0
39-9011.00,Sanitize toys and play equipment.,0.0
39-9011.01,Perform first aid or cardiopulmonary resuscitation (CPR) when required.,0.0
39-9011.01,Model appropriate social behaviors and encourage concern for others to cultivate development of interpersonal relationships and communication skills.,0.0
39-9011.01,"Observe children's behavior for irregularities, take temperature, transport children to doctor, or administer medications, as directed, to maintain children's health.",0.0
39-9011.01,"Assign appropriate chores and praise targeted behaviors to encourage development of self-control, self-confidence, and responsibility.",0.0
39-7012.00,"Sell or rent equipment, clothing, and supplies related to expeditions.",0.0
39-7011.00,"Describe tour points of interest to group members, and respond to questions.",0.0
39-7012.00,"Instruct novices in climbing techniques, mountaineering, and wilderness survival, and demonstrate use of hunting, fishing, and climbing equipment.",0.0
39-7011.00,Conduct educational activities for school children.,0.0
39-7011.00,Monitor visitors' activities to ensure compliance with establishment or tour regulations and safety practices.,0.0
39-7011.00,Provide directions and other pertinent information to visitors.,0.0
39-7011.00,"Greet and register visitors, and issue any required identification badges or safety devices.",0.0
39-4011.00,Direct casket and floral display placement and arrange guest seating.,0.0
39-4011.00,Press diaphragm to evacuate air from lungs.,0.0
39-4011.00,"Assist coroners at death scenes or at autopsies, file police reports, and testify at inquests or in court, if employed by a coroner.",0.0
39-4021.00,Greet people at the funeral home.,0.0
39-4021.00,Perform a variety of tasks during funerals to assist funeral directors and to ensure that services run smoothly and as planned.,0.0
39-4021.00,Transport the deceased to the funeral home.,0.0
39-4021.00,Direct or escort mourners to parlors or chapels in which wakes or funerals are being held.,0.0
39-4031.00,"Obtain information needed to complete legal documents, such as death certificates or burial permits.",0.0
39-4011.00,Supervise funeral attendants and other funeral home staff.,0.0
39-4011.00,Arrange for transporting the deceased to another state for interment.,0.0
39-4031.00,"Consult with families or friends of the deceased to arrange funeral details, such as obituary notice wording, casket selection, or plans for services.",0.0
39-4031.00,Oversee the preparation and care of the remains of people who have died.,0.0
39-4031.00,"Plan, schedule, or coordinate funerals, burials, or cremations, arranging details such as floral delivery or the time and place of services.",0.0
39-5011.00,"Measure, fit, and groom hairpieces.",0.0
39-5011.00,"Provide face, neck, and scalp massages.",0.0
39-5011.00,Provide skin care and nail treatments.,0.0
39-5011.00,"Identify hair problems, using microscopes and testing devices, or by sending clients' hair samples out to independent laboratories for analysis.",0.0
39-5012.00,Analyze patrons' hair and other physical features to determine and recommend beauty treatment or suggest hair styles.,0.0
39-5012.00,"Bleach, dye, or tint hair, using applicator or brush.",0.0
39-5012.00,"Update and maintain customer information records, such as beauty services provided.",0.0
39-5012.00,Operate cash registers to receive payments from patrons.,0.0
39-5091.00,"Establish budgets, and work within budgetary limits.",0.0
39-5091.00,Alter or maintain makeup during productions as necessary to compensate for lighting changes or to achieve continuity of effect.,0.0
39-5091.00,"Analyze a script, noting events that affect each character's appearance, so that plans can be made for each scene.",0.0
39-5091.00,"Requisition or acquire needed materials for special effects, including wigs, beards, and special cosmetics.",0.0
39-5091.00,Design rubber or plastic prostheses that can be used to change performers' appearances.,0.0
39-5011.00,"Recommend and sell lotions, tonics, or other cosmetic supplies.",0.0
39-4031.00,Arrange for clergy members to perform needed services.,0.0
37-3011.00,Build forms and mix and pour cement to form garden borders.,0.0
39-9011.01,"Instruct and assist children in the development of health and personal habits, such as eating, resting, and toilet behavior.",0.0
35-2013.00,"Prepare meals in private homes according to employers' recipes or tastes, handling all meals for the family and possibly for other household staff.",0.0
35-2012.00,"Apportion and serve food to facility residents, employees, or patrons.",0.0
35-2012.00,Direct activities of one or more workers who assist in preparing and serving meals.,0.0
35-2012.00,Compile and maintain records of food use and expenditures.,0.0
35-2012.00,Take inventory of supplies and equipment.,0.0
35-2012.00,Train new employees.,0.0
35-2013.00,Plan menus according to employers' needs and diet restrictions.,0.0
35-2013.00,Shop for or order food and kitchen supplies and equipment.,0.0
35-2013.00,"Peel, wash, trim, and cook vegetables and meats, and bake breads and pastries.",0.0
35-2013.00,"Stock, organize, and clean kitchens and cooking utensils.",0.0
37-3011.00,Advise customers on plant selection or care.,0.0
35-2014.00,"Ensure food is stored and cooked at correct temperature by regulating temperature of ovens, broilers, grills, and roasters.",0.0
35-2014.00,"Ensure freshness of food and ingredients by checking for quality, keeping track of old and new items, and rotating stock.",0.0
35-2014.00,Turn or stir foods to ensure even cooking.,0.0
35-2014.00,Season and cook food according to recipes or personal judgment and experience.,0.0
35-2011.00,Order and take delivery of supplies.,0.0
35-1012.00,"Specify food portions and courses, production and time sequences, and workstation and equipment arrangements.",0.0
35-1012.00,"Forecast staff, equipment, and supply requirements, based on a master menu.",0.0
35-1012.00,"Inspect supplies, equipment, and work areas to ensure efficient service and conformance to standards.",0.0
35-2011.00,"Maintain sanitation, health, and safety standards in work areas.",0.0
35-2011.00,"Clean food preparation areas, cooking surfaces, and utensils.",0.0
35-2011.00,Verify that prepared food meets requirements for quality and quantity.,0.0
35-2011.00,"Read food order slips or receive verbal instructions as to food required by patron, and prepare and cook food according to instructions.",0.0
35-2021.00,"Carry food supplies, equipment, and utensils to and from storage and work areas.",0.0
35-2021.00,"Inform supervisors when equipment is not working properly and when food and supplies are getting low, and order needed items.",0.0
35-2021.00,Make special dressings and sauces as condiments for sandwiches.,0.0
35-2021.00,Stir and strain soups and sauces.,0.0
35-2021.00,"Butcher and clean fowl, fish, poultry, and shellfish to prepare for cooking or serving.",0.0
35-3011.00,Collect money for drinks served.,0.0
35-3011.00,Check identification of customers to verify age requirements for purchase of alcohol.,0.0
35-3011.00,"Clean glasses, utensils, and bar equipment.",0.0
35-3011.00,Balance cash receipts.,0.0
35-3011.00,"Attempt to limit problems and liability related to customers' excessive drinking by taking steps such as persuading customers to stop drinking, or ordering taxis or other transportation for intoxicated patrons.",0.0
35-2015.00,"Grill, cook, and fry foods such as french fries, eggs, and pancakes.",0.0
35-2015.00,"Clean food preparation equipment, work areas, and counters or tables.",0.0
35-2015.00,"Take orders from customers and cook foods requiring short preparation times, according to customer requirements.",0.0
35-2015.00,"Grill and garnish hamburgers or other meats, such as steaks and chops.",0.0
35-2015.00,"Restock kitchen supplies, rotate food, and stamp the time and date on food in coolers.",0.0
33-9091.00,Monitor traffic flow to locate safe gaps through which pedestrians can cross streets.,0.0
33-9091.00,Communicate traffic and crossing rules and other information to students and adults.,0.0
33-9091.00,Report unsafe behavior of children to school officials.,0.0
33-9091.00,"Record license numbers of vehicles disregarding traffic signals, and report infractions to appropriate authorities.",0.0
33-9091.00,"Direct traffic movement or warn of hazards, using signs, flags, lanterns, and hand signals.",0.0
33-9092.00,"Examine injured persons and administer first aid or cardiopulmonary resuscitation, if necessary, using training and medical supplies and equipment.",0.0
33-9092.00,Contact emergency medical personnel in case of serious injury.,0.0
33-9092.00,"Rescue distressed persons, using rescue techniques and equipment.",0.0
33-9092.00,"Instruct participants in skiing, swimming, or other recreational activities and provide safety precaution information.",0.0
33-9092.00,"Complete and maintain records of weather and beach conditions, emergency medical treatments performed, and other relevant incident information.",0.0
33-9093.00,"Inspect carry-on items, using x-ray viewing equipment, to determine whether items contain objects that warrant further investigation.",0.0
33-9093.00,Search carry-on or checked baggage by hand when it is suspected to contain prohibited items such as weapons.,0.0
33-9093.00,"Check passengers' tickets to ensure that they are valid, and to determine whether passengers have designations that require special handling, such as providing photo identification.",0.0
33-9093.00,"Test baggage for any explosive materials, using equipment such as explosive detection machines or chemical swab systems.",0.0
33-9093.00,"Perform pat-down or hand-held wand searches of passengers who have triggered machine alarms, who are unable to pass through metal detectors, or who have been randomly identified for such searches.",0.0
33-9032.00,"Monitor and adjust controls that regulate building systems, such as air conditioning, furnace, or boiler.",0.0
33-9032.00,"Inspect and adjust security systems, equipment, or machinery to ensure operational use and to detect evidence of tampering.",0.0
33-9021.00,"Conduct personal background investigations, such as pre-employment checks, to obtain information about an individual's character, financial status, or personal history.",0.0
33-9021.00,Expose fraudulent insurance claims or stolen funds.,0.0
33-9021.00,"Obtain and analyze information on suspects, crimes, or disturbances to solve cases, to identify criminal activity, or to gather information for court cases.",0.0
33-9021.00,Testify at hearings or court trials to present evidence.,0.0
33-9021.00,"Question persons to obtain evidence for cases of divorce, child custody, or missing persons or information about individuals' character or financial status.",0.0
33-9031.00,Monitor establishment activities to ensure adherence to all state gaming regulations and company policies and procedures.,0.0
33-9031.00,"Report all violations and suspicious behaviors to supervisors, verbally or in writing.",0.0
33-9031.00,Act as oversight or security agents for management or customers.,0.0
33-9031.00,Supervise or train surveillance observers.,0.0
33-9032.00,"Monitor and authorize entrance and departure of employees, visitors, and other persons to guard against theft and maintain security of premises.",0.0
33-9032.00,"Write reports of daily activities and irregularities, such as equipment or property damage, theft, presence of unauthorized persons, or unusual occurrences.",0.0
33-9032.00,"Call police or fire departments in cases of emergency, such as fire or presence of unauthorized persons.",0.0
33-9099.02,Train establishment personnel in loss prevention activities.,0.0
33-9099.02,"Respond to critical incidents, such as catastrophic events, violent weather, or civil disorders.",0.0
33-9099.02,Recommend new or improved processes or equipment to reduce risk exposure.,0.0
35-1011.00,Monitor sanitation practices to ensure that employees follow standards and regulations.,0.0
35-1011.00,Check the quality of raw or cooked food products to ensure that standards are met.,0.0
35-1011.00,"Estimate amounts and costs of required supplies, such as food and ingredients.",0.0
35-1011.00,"Instruct cooks or other workers in the preparation, cooking, garnishing, or presentation of food.",0.0
37-1012.00,"Direct or assist workers engaged in the maintenance or repair of equipment, such as power tools or motorized equipment.",0.0
37-1012.00,"Inventory supplies of tools, equipment, or materials to ensure that sufficient supplies are available and items are in usable condition.",0.0
37-1012.00,Investigate work-related complaints to verify problems and to determine responses.,0.0
37-2011.00,"Service, clean, or supply restrooms.",0.0
37-2011.00,"Clean building floors by sweeping, mopping, scrubbing, or vacuuming.",0.0
37-2011.00,Gather and empty trash.,0.0
37-2011.00,Follow procedures for the use of chemical cleaners and power equipment to prevent damage to floors and fixtures.,0.0
37-2011.00,"Mix water and detergents or acids in containers to prepare cleaning solutions, according to specifications.",0.0
35-9031.00,Prepare staff work schedules.,0.0
35-9031.00,Confer with other staff to help plan establishments' menus.,0.0
35-9031.00,Perform marketing and advertising services.,0.0
37-1011.00,Plan and prepare employee work schedules.,0.0
37-1011.00,Coordinate activities with other departments to ensure that services are provided in an efficient and timely manner.,0.0
37-1011.00,Inspect work performed to ensure that it meets specifications and established standards.,0.0
37-2021.00,"Inspect premises to identify infestation source and extent of damage to property, wall, or roof porosity and access to infested locations.",0.0
37-2021.00,"Spray or dust chemical solutions, powders, or gases into rooms, onto clothing, furnishings, or wood, or over marshlands, ditches, or catch basins.",0.0
37-2021.00,Clean work site after completion of job.,0.0
37-2021.00,Drive truck equipped with power spraying equipment.,0.0
37-3011.00,Gather and remove litter.,0.0
37-3011.00,"Use hand tools, such as shovels, rakes, pruning saws, saws, hedge or brush trimmers, or axes.",0.0
37-3011.00,"Water lawns, trees, or plants, using portable sprinkler systems, hoses, or watering cans.",0.0
37-2012.00,Answer telephones and doorbells.,0.0
37-2012.00,Replace light bulbs.,0.0
37-2012.00,"Carry linens, towels, toilet items, and cleaning supplies, using wheeled carts.",0.0
37-2012.00,"Disinfect equipment and supplies, using germicides or steam-operated sterilizers.",0.0
37-2012.00,"Clean rooms, hallways, lobbies, lounges, restrooms, corridors, elevators, stairways, locker rooms, and other work areas so that health standards are met.",0.0
35-3022.01,Clean service or seating areas.,0.0
35-3022.01,"Prepare or serve menu items, such as sandwiches or salads.",0.0
35-3022.01,Set up or restock product displays.,0.0
35-3022.01,"Weigh, grind, or pack coffee beans for customers.",0.0
35-3022.01,Stock customer service stations with paper products or beverage preparation items.,0.0
35-3031.00,Collect payments from customers.,0.0
35-3031.00,"Write patrons' food orders on order slips, memorize orders, or enter orders into computers for transmittal to kitchen staff.",0.0
35-3031.00,Prepare checks that itemize and total meal costs and sales taxes.,0.0
35-3031.00,Take orders from patrons for food or beverages.,0.0
35-3031.00,Check patrons' identification to ensure that they meet minimum age requirements for consumption of alcoholic beverages.,0.0
35-3021.00,Serve customers in eating places that specialize in fast service and inexpensive carry-out food.,0.0
35-3021.00,"Accept payment from customers, and make change as necessary.",0.0
35-3021.00,"Clean and organize eating, service, and kitchen areas.",0.0
35-3021.00,Notify kitchen personnel of shortages or special orders.,0.0
35-3021.00,"Communicate with customers regarding orders, comments, and complaints.",0.0
35-3022.00,"Serve food, beverages, or desserts to customers in such settings as take-out counters of restaurants or lunchrooms, business or industrial establishments, hotel rooms, and cars.",0.0
35-3022.00,Balance receipts and payments in cash registers.,0.0
35-3022.00,"Scrub and polish counters, steam tables, and other equipment, and clean glasses, dishes, and fountain equipment.",0.0
35-3022.00,Replenish foods at serving stations.,0.0
35-3022.00,"Brew coffee and tea, and fill containers with requested beverages.",0.0
35-9011.00,Replenish supplies of food or equipment at steam tables or service bars.,0.0
35-9011.00,Wash glasses or other serving equipment at bars.,0.0
35-9011.00,Stock refrigerating units with wines or bottled beer or replace empty beer kegs.,0.0
35-9011.00,Stock vending machines with food.,0.0
35-9011.00,Carry linens to or from laundry areas.,0.0
35-9021.00,"Wash dishes, glassware, flatware, pots, or pans, using dishwashers or by hand.",0.0
35-9021.00,"Maintain kitchen work areas, equipment, or utensils in clean and orderly condition.",0.0
35-9021.00,"Place clean dishes, utensils, or cooking equipment in storage areas.",0.0
35-9021.00,"Sort and remove trash, placing it in designated pickup areas.",0.0
35-9021.00,Sweep or scrub floors.,0.0
35-3041.00,Examine trays to ensure that they contain required items.,0.0
35-3041.00,Place food servings on plates or trays according to orders or instructions.,0.0
35-3041.00,"Monitor food distribution, ensuring that meals are delivered to the correct recipients and that guidelines, such as those for special diets, are followed.",0.0
35-3041.00,"Clean or sterilize dishes, kitchen utensils, equipment, or facilities.",0.0
35-3041.00,Monitor food preparation or serving techniques to ensure that proper procedures are followed.,0.0
43-4081.00,Contact housekeeping or maintenance staff when guests report problems.,0.0
43-4071.00,"Find, retrieve, and make copies of information from files in response to requests and deliver information to authorized users.",0.0
43-4071.00,Track materials removed from files to ensure that borrowed files are returned.,0.0
43-4071.00,"Place materials into storage receptacles, such as file cabinets, boxes, bins, or drawers, according to classification and identification information.",0.0
43-4081.00,"Greet, register, and assign rooms to guests of hotels or motels.",0.0
43-4081.00,"Verify customers' credit, and establish how the customer will pay for the accommodation.",0.0
43-3041.00,"Perform removal and rotation of cash, coin, or chip inventories as necessary.",0.0
43-4051.03,"Coordinate communication between patients, family members, medical staff, administrative staff, or regulatory agencies.",0.0
43-4051.03,Interview patients or their representatives to identify problems relating to care.,0.0
43-4061.00,Interview benefits recipients at specified intervals to certify their eligibility for continuing benefits.,0.0
43-4061.00,"Interpret and explain information such as eligibility requirements, application details, payment methods, and applicants' legal rights.",0.0
43-4061.00,"Initiate procedures to grant, modify, deny, or terminate assistance, or refer applicants to other agencies for assistance.",0.0
43-4061.00,"Compile, record, and evaluate personal and financial data to verify completeness and accuracy, and to determine eligibility status.",0.0
43-4111.00,"Contact individuals to be interviewed at home, place of business, or field location, by telephone, mail, or in person.",0.0
43-4121.00,"Review records, such as microfilm and issue cards, to identify titles of overdue materials and delinquent borrowers.",0.0
43-4121.00,Deliver and retrieve items to and from departments by hand or using push carts.,0.0
43-4131.00,Verify and examine information and accuracy of loan application and closing documents.,0.0
43-4131.00,Answer questions and advise customers regarding loans and transactions.,0.0
43-4131.00,"Contact customers by mail, telephone, or in person concerning acceptance or rejection of applications.",0.0
43-4141.00,"Compile information about new accounts, enter account information into computers, and file related forms or other documents.",0.0
43-4141.00,Perform teller duties as required.,0.0
43-4141.00,Refer customers to appropriate bank personnel to meet their financial needs.,0.0
43-4141.00,Interview customers to obtain information needed for opening accounts or renting safe-deposit boxes.,0.0
43-3061.00,"Contact suppliers to schedule or expedite deliveries and to resolve shortages, missed or late deliveries, and other problems.",0.0
43-3071.00,"Cash checks and pay out money after verifying that signatures are correct, that written and numerical amounts agree, and that accounts have sufficient funds.",0.0
43-3071.00,"Receive checks and cash for deposit, verify amounts, and check accuracy of deposit slips.",0.0
43-3071.00,Enter customers' transactions into computers to record transactions and issue computer-generated receipts.,0.0
43-3071.00,"Balance currency, coin, and checks in cash drawers at ends of shifts and calculate daily transactions, using computers, calculators, or adding machines.",0.0
43-3041.00,"Record casino exchange transactions, using cash registers.",0.0
43-3041.00,"Sell gambling chips, tokens, or tickets to patrons or to other workers for resale to patrons.",0.0
43-3041.00,Establish new computer accounts.,0.0
43-3051.00,"Review time sheets, work charts, wage computation, and other information to detect and reconcile payroll discrepancies.",0.0
43-3051.00,Process paperwork for new employees and enter employee information into the payroll system.,0.0
43-3051.00,"Verify attendance, hours worked, and pay adjustments, and post information onto designated records.",0.0
43-3051.00,"Compute wages and deductions, and enter data into computers.",0.0
43-4031.01,Instruct parties about timing of court appearances.,0.0
43-4031.02,Record and maintain all vital and fiscal records and accounts.,0.0
43-4031.02,"Prepare ordinances, resolutions, or proclamations so that they can be executed, recorded, archived, or distributed.",0.0
43-4031.02,"Perform budgeting duties, such as assisting in budget preparation, expenditure review, or budget administration.",0.0
43-4031.03,Evaluate information on applications to verify completeness and accuracy and to determine whether applicants are qualified to obtain desired licenses.,0.0
43-4031.03,"Verify the authenticity of documents, such as foreign identification or immigration documents.",0.0
43-4031.03,"Question applicants to obtain required information, such as name, address, or age, and record data on prescribed forms.",0.0
43-4031.03,"Answer questions or provide advice to the public regarding licensing policies, procedures, or regulations.",0.0
43-4031.03,Code information on license applications for entry into computers.,0.0
43-4041.01,Keep records of customers' charges and payments.,0.0
43-4041.01,"Evaluate customers' computerized credit records and payment histories to decide whether to approve new credit, based on predetermined standards.",0.0
43-4041.01,File sales slips in customers' ledgers for billing purposes.,0.0
43-4041.01,Mail charge statements to customers.,0.0
43-4041.02,Compile and analyze credit information gathered by investigation.,0.0
43-4041.02,"Obtain information about potential creditors from banks, credit bureaus, and other credit services, and provide reciprocal information if requested.",0.0
43-4041.02,Interview credit applicants by telephone or in person to obtain personal and financial data needed to complete credit report.,0.0
43-4041.02,"Examine city directories and public records to verify residence property ownership, bankruptcies, liens, arrest record, or unpaid taxes of applicants.",0.0
43-4031.01,"Answer inquiries from the general public regarding judicial procedures, court appearances, trial dates, adjournments, outstanding warrants, summonses, subpoenas, witness fees, or payment of fines.",0.0
43-4031.01,"Search files and contact witnesses, attorneys, or litigants to obtain information for the court.",0.0
43-4011.00,"Correspond with customers and confer with coworkers to answer inquiries, discuss market fluctuations, or resolve account problems.",0.0
43-4011.00,"File, type, or operate standard office machines.",0.0
43-4011.00,"Prepare forms, such as receipts, withdrawal orders, transmittal papers, or transfer confirmations, based on transaction requests from stockholders.",0.0
43-4021.00,Compile data from records to prepare periodic reports.,0.0
43-4031.01,"Prepare and issue orders of the court, such as probation orders, release documentation, sentencing information, or summonses.",0.0
43-5051.00,"Keep money drawers in order, and record and balance daily transactions.",0.0
43-5051.00,Obtain signatures from recipients of registered or special delivery mail.,0.0
43-5051.00,"Register, certify, and insure letters and parcels.",0.0
43-5051.00,"Sell and collect payment for products such as stamps, prepaid mail envelopes, and money orders.",0.0
43-5051.00,Check mail to ensure correct postage and that packages and letters are in proper condition for mailing.,0.0
43-5052.00,"Obtain signed receipts for registered, certified, and insured mail, collect associated charges, and complete any necessary paperwork.",0.0
43-5052.00,"Sort mail for delivery, arranging it in delivery sequence.",0.0
43-5052.00,"Deliver mail to residences and business establishments along specified routes by walking or driving, using a combination of satchels, carts, cars, and small trucks.",0.0
43-5052.00,"Return to the post office with mail collected from homes, businesses, and public mailboxes.",0.0
43-5052.00,Turn in money and receipts collected along mail routes.,0.0
43-5041.00,Report lost or broken keys.,0.0
43-5041.00,Collect past-due bills.,0.0
43-5031.00,"Scan status charts and computer screens, and contact emergency response field units to determine emergency units available for dispatch.",0.0
43-5031.00,Observe alarm registers and scan maps to determine whether a specific emergency is in the dispatch service area.,0.0
43-5031.00,Learn material and pass required tests for certification.,0.0
43-5031.00,"Answer routine inquiries, and refer calls not requiring dispatches to appropriate departments and agencies.",0.0
43-5032.00,Monitor personnel or equipment locations and utilization to coordinate service and schedules.,0.0
43-5032.00,Oversee all communications within specifically assigned territories.,0.0
43-5032.00,"Relay work orders, messages, or information to or from work crews, supervisors, or field inspectors, using telephones or two-way radios.",0.0
43-5032.00,"Confer with customers or supervising personnel to address questions, problems, or requests for service or equipment.",0.0
43-5041.00,"Read electric, gas, water, or steam consumption meters and enter data in route books or hand-held computers.",0.0
43-5041.00,Walk or drive vehicles along established routes to take readings of meter dials.,0.0
43-5041.00,"Upload into office computers all information collected on hand-held computers during meter rounds, or return route books or hand-held computers to business offices so that data can be compiled.",0.0
43-5061.00,"Revise production schedules when required due to design changes, labor or material shortages, backlogs, or other interruptions, collaborating with management, marketing, sales, production, or engineering.",0.0
43-5061.00,"Record production data, including volume produced, consumption of raw materials, or quality control measures.",0.0
43-5061.00,"Compile information, such as production rates and progress, materials inventories, materials used, or customer information, so that status reports can be completed.",0.0
43-5071.00,"Prepare documents, such as work orders, bills of lading, or shipping orders, to route materials.",0.0
43-5071.00,"Confer or correspond with establishment representatives to rectify problems, such as damages, shortages, or nonconformance to specifications.",0.0
43-5071.00,"Pack, seal, label, or affix postage to prepare materials for shipping, using hand tools, power tools, or postage meter.",0.0
43-5071.00,Contact carrier representatives to make arrangements or to issue instructions for shipping and delivery of materials.,0.0
43-5071.00,"Deliver or route materials to departments using handtruck, conveyor, or sorting bins.",0.0
43-5081.01,Answer customers' questions about merchandise and advise customers on merchandise selection.,0.0
43-5081.01,"Stamp, attach, or change price tags on merchandise, referring to price list.",0.0
43-5081.01,"Stock shelves, racks, cases, bins, and tables with new or transferred merchandise.",0.0
43-5081.01,Compare merchandise invoices to items actually received to ensure that shipments are correct.,0.0
43-5081.01,"Itemize and total customer merchandise selection at checkout counter, using cash register, and accept cash or charge card for purchases.",0.0
43-5053.00,"Direct items according to established routing schemes, using computer-controlled keyboards or voice-recognition equipment.",0.0
43-5053.00,"Bundle, label, and route sorted mail to designated areas, depending on destinations and according to established procedures and deadlines.",0.0
43-5053.00,Train new workers.,0.0
43-5053.00,Distribute incoming mail into the correct boxes or pigeonholes.,0.0
43-5053.00,"Operate various types of equipment, such as computer scanning equipment, addressographs, mimeographs, optical character readers, and bar-code sorters.",0.0
43-4181.00,Examine passenger documentation to determine destinations and to assign boarding passes.,0.0
43-4181.00,"Trace lost, delayed, or misdirected baggage for customers.",0.0
43-5011.00,Advise clients on transportation and payment methods.,0.0
43-5011.00,Track delivery progress of shipments.,0.0
43-5011.00,"Notify consignees, passengers, or customers of freight or baggage arrival and arrange for delivery.",0.0
43-5011.00,Estimate freight or postal rates and record shipment costs and weights.,0.0
43-4151.00,"Obtain customers' names, addresses, and billing information, product numbers, and specifications of items to be purchased, and enter this information on order forms.",0.0
43-4151.00,"Prepare invoices, shipping documents, and contracts.",0.0
43-5011.00,"Determine method of shipment and prepare bills of lading, invoices, and other shipping documents.",0.0
43-5011.01,Make arrangements with customs brokers to facilitate the passage of goods through customs.,0.0
43-5011.01,"Maintain current knowledge of relevant legislation, political situations, or other factors that could affect freight shipping.",0.0
43-5011.01,Provide detailed port information to importers or exporters.,0.0
43-5021.00,"Walk, ride bicycles, drive vehicles, or use public conveyances to reach destinations to deliver messages or materials.",0.0
43-5021.00,"Load vehicles with listed goods, ensuring goods are loaded correctly and taking precautions with hazardous goods.",0.0
43-5021.00,Unload and sort items collected along delivery routes.,0.0
43-5021.00,"Receive messages or materials to be delivered, and information on recipients, such as names, addresses, telephone numbers, and delivery instructions, communicated via telephone, two-way radio, or in person.",0.0
41-2022.00,Repair parts or equipment.,0.0
41-2022.00,Receive payment or obtain credit authorization.,0.0
41-2022.00,"Read catalogs, microfiche viewers, or computer displays to determine replacement part stock numbers and prices.",0.0
41-2022.00,Prepare sales slips or sales contracts.,0.0
41-2022.00,"Determine replacement parts required, according to inspections of old parts, customer requests, or customers' descriptions of malfunctions.",0.0
41-2021.00,Allocate equipment to participants in sporting events or recreational activities.,0.0
41-2011.00,Post charges against guests' or patients' accounts.,0.0
41-2011.00,Offer customers carry-out service at the completion of transactions.,0.0
41-2011.00,Weigh items sold by weight to determine prices.,0.0
41-2012.00,"Keep accurate records of monetary exchanges, authorization forms, and transaction reconciliations.",0.0
41-2012.00,Maintain cage security according to rules.,0.0
41-2012.00,Count money and audit money drawers.,0.0
41-2012.00,Reconcile daily summaries of transactions to balance books.,0.0
41-2012.00,Listen for jackpot alarm bells and issue payoffs to winners.,0.0
41-3031.02,Determine customers' financial services needs and prepare proposals to sell services that address these needs.,0.0
41-3031.02,Evaluate costs and revenue of agreements to determine continued profitability.,0.0
41-3041.00,Collect payment for transportation and accommodations from customer.,0.0
41-3041.00,"Compute cost of travel and accommodations, using calculator, computer, carrier tariff books, and hotel rate books, or quote package tour's costs.",0.0
41-3011.00,Maintain assigned account bases while developing new accounts.,0.0
41-3011.00,Explain to customers how specific types of advertising will help promote their products or services in the most effective way possible.,0.0
41-3021.00,"Sell various types of insurance policies to businesses and individuals on behalf of insurance companies, including automobile, fire, life, property, medical and dental insurance, or specialized policies, such as marine, farm/crop, and medical malpractice.",0.0
39-9031.00,Advise clients about proper clothing and shoes.,0.0
39-9031.00,"Maintain equipment inventories, and select, store, or issue equipment as needed.",0.0
39-9031.00,"Promote health clubs through membership sales, and record member information.",0.0
39-9031.00,Advise participants in use of heat or ultraviolet treatments and hot baths.,0.0
39-9031.00,"Massage body parts to relieve soreness, strains, and bruises.",0.0
39-9032.00,Enforce rules and regulations of recreational facilities to maintain discipline and ensure safety.,0.0
39-9032.00,Manage the daily operations of recreational facilities.,0.0
39-9032.00,Administer first aid according to prescribed procedures and notify emergency medical personnel when necessary.,0.0
39-9032.00,"Organize, lead, and promote interest in recreational activities, such as arts, crafts, sports, games, camping, and hobbies.",0.0
39-9032.00,"Greet new arrivals to activities, introducing them to other participants, explaining facility rules, and encouraging participation.",0.0
39-9041.00,Enforce rules and regulations to ensure the smooth and orderly operation of dormitory programs.,0.0
39-9041.00,Mediate interpersonal problems between residents.,0.0
39-9021.00,"Administer bedside or personal care, such as ambulation or personal hygiene assistance.",0.0
39-9021.00,"Prepare and maintain records of client progress and services performed, reporting changes in client condition to manager or supervisor.",0.0
39-9021.00,"Perform healthcare-related tasks, such as monitoring vital signs and medication, under the direction of registered nurses or physiotherapists.",0.0
39-9021.00,"Participate in case reviews, consulting with the team caring for the client, to evaluate the client's needs and plan for continuing services.",0.0
39-9041.00,Provide emergency first aid and summon medical assistance when necessary.,0.0
41-1012.00,Provide staff with assistance in performing difficult or complicated duties.,0.0
43-2011.00,Place telephone calls or arrange conference calls as instructed.,0.0
43-2021.00,"Listen to customer requests, referring to alphabetical or geographical directories to answer questions and provide telephone information.",0.0
43-2021.00,"Suggest and check alternate spellings, locations, or listing formats to customers lacking details or complete information.",0.0
43-2021.00,Offer special assistance to persons such as those who are unable to dial or who are in emergency situations.,0.0
43-2021.00,"Observe signal lights on switchboards, and dial or press buttons to make connections.",0.0
43-3011.00,"Arrange for debt repayment or establish repayment schedules, based on customers' financial situations.",0.0
43-3011.00,"Persuade customers to pay amounts due on credit accounts, damage claims, or nonpayable checks, or to return merchandise.",0.0
41-9091.00,Set up and display sample merchandise at parties or stands.,0.0
41-9091.00,Stock carts or stands.,0.0
43-3021.01,Post stop-payment notices to prevent payment of protested checks.,0.0
43-3021.01,Verify signatures and required information on checks.,0.0
43-3021.01,Route statements for mailing or over-the-counter delivery to customers.,0.0
43-3021.01,Monitor equipment to ensure proper operation.,0.0
43-3021.01,"Fix minor problems, such as equipment jams, and notify repair personnel of major equipment problems.",0.0
41-9011.00,Set up and arrange displays or demonstration areas to attract the attention of prospective customers.,0.0
41-9011.00,"Transport, assemble, and disassemble materials used in presentations.",0.0
41-9012.00,"Gather information from agents concerning the pay, dates, times, provisions, and lengths of jobs.",0.0
41-9012.00,"Follow strict routines of diet, sleep, and exercise to maintain appearance.",0.0
41-9012.00,Record rates of pay and durations of jobs on vouchers.,0.0
41-9012.00,Report job completions to agencies and obtain information about future appointments.,0.0
41-9012.00,"Assemble and maintain portfolios, print composite cards, and travel to go-sees to obtain jobs.",0.0
41-4011.07,"Prepare proposals, quotes, contracts, or presentations for potential solar customers.",0.0
41-4011.07,"Select solar energy products, systems, or services for customers based on electrical energy requirements, site conditions, price, or other factors.",0.0
41-4011.07,Gather information from prospective customers to identify their solar energy needs.,0.0
41-4011.07,"Calculate potential solar resources or solar array production for a particular site considering issues such as climate, shading, and roof orientation.",0.0
41-9041.00,"Deliver prepared sales talks, reading from scripts that describe products or services, to persuade potential customers to purchase a product or service or to make a donation.",0.0
49-2021.01,Test emergency transmitters to ensure their readiness for immediate use.,0.0
47-4061.00,Patrol assigned track sections so that damaged or broken track can be located and reported.,0.0
51-9021.00,"Break mixtures to size, using picks.",0.0
51-9023.00,Unload mixtures into containers or onto conveyors for further processing.,0.0
51-9023.00,"Clean and maintain equipment, using hand tools.",0.0
51-9023.00,Open valves to drain slurry from mixers into storage tanks.,0.0
51-9023.00,"Dislodge and clear jammed materials or other items from machinery or equipment, using hand tools.",0.0
51-9031.00,"Mark or discard items with defects such as spots, stains, scars, snags, chips, scratches, or unacceptable shapes or finishes.",0.0
51-9031.00,"Trim excess material or cut threads off finished products, such as cutting loose ends of plastic off a manufactured toy for a smoother finish.",0.0
51-9031.00,"Cut, shape, and trim materials, such as textiles, food, glass, stone, and metal, using knives, scissors, and other hand tools, portable power tools, or bench-mounted tools.",0.0
51-9031.00,"Separate materials or products according to size, weight, type, condition, color, or shade.",0.0
51-9031.00,"Mark identification numbers, trademarks, grades, marketing data, sizes, or model numbers on products.",0.0
51-9032.00,"Set up, operate, or tend machines that cut or slice materials, such as glass, stone, cork, rubber, tobacco, food, paper, or insulating material.",0.0
51-9032.00,"Stack and sort cut material for packaging, further processing, or shipping, according to types and sizes of material.",0.0
51-9032.00,"Type instructions on computer keyboards, push buttons to activate computer programs, or manually set cutting guides, clamps, and knives.",0.0
51-9032.00,"Remove defective or substandard materials from machines, and readjust machine components so that products meet standards.",0.0
51-9022.00,"Repair and maintain equipment, objects, or parts, using hand tools.",0.0
51-9022.00,"Move controls to adjust, start, or stop equipment during grinding and polishing processes.",0.0
51-9022.00,"Select files or other abrasives, according to materials, sizes and shapes of workpieces, amount of stock to be removed, finishes specified, and steps in finishing processes.",0.0
51-9022.00,"Measure and mark equipment, objects, or parts to ensure grinding and polishing standards are met.",0.0
51-9022.00,"Verify quality of finished workpieces by inspecting them, comparing them to templates, measuring their dimensions, or testing them in working machinery.",0.0
51-9051.00,"Load equipment receptacles or conveyors with material to be processed, by hand or using hoists.",0.0
51-9041.00,"Clean dies, arbors, compression chambers, and molds, using swabs, sponges, or air hoses.",0.0
51-9041.00,"Pour, scoop, or dump specified ingredients, metal assemblies, or mixtures into sections of machine prior to starting machines.",0.0
51-9041.00,"Install, align, and adjust neck rings, press plungers, and feeder tubes.",0.0
51-9041.00,Couple air and gas lines to machines to maintain plasticity of material and to regulate solidification of final products.,0.0
51-9041.00,Measure arbors and dies to verify sizes specified on work tickets.,0.0
51-9051.00,"Monitor equipment operation, gauges, and panel lights to detect deviations from standards.",0.0
51-9051.00,Confer with supervisors or other equipment operators to report equipment malfunctions or to resolve production problems.,0.0
51-9051.00,"Press and adjust controls to activate, set, and regulate equipment according to specifications.",0.0
51-9051.00,"Record gauge readings, test results, and shift production in log books.",0.0
51-9061.00,"Inspect, test, or measure materials, products, installations, or work for conformance to specifications.",0.0
51-9061.00,"Read blueprints, data, manuals, or other materials to determine specifications, inspection and testing procedures, adjustment methods, certification processes, formulas, or measuring instruments required.",0.0
51-9061.00,"Record inspection or test data, such as weights, temperatures, grades, or moisture content, and quantities inspected or graded.",0.0
51-9061.00,Notify supervisors or other personnel of production problems.,0.0
51-9021.00,"Add or mix chemicals and ingredients for processing, using hand tools or other devices.",0.0
51-9021.00,"Load materials into machinery and equipment, using hand tools.",0.0
51-8099.02,"Prepare and submit compliance, operational, and safety forms or reports.",0.0
51-8099.02,Verify that well field monitoring data conforms to applicable regulations.,0.0
51-8099.03,Operate biomass fuel-burning boiler or biomass fuel gasification system equipment in accordance with specifications or instructions.,0.0
51-8099.03,"Operate valves, pumps, engines, or generators to control and adjust production of biofuels or biomass-fueled power.",0.0
51-8099.03,"Operate equipment to start, stop, or regulate biomass-fueled generators, generator units, boilers, engines, or auxiliary systems.",0.0
51-8099.03,"Inspect biomass power plant or processing equipment, recording or reporting damage and mechanical problems.",0.0
51-8099.03,Clean work areas to ensure compliance with safety regulations.,0.0
51-8099.04,"Identify or address malfunctions of hydroelectric plant operational equipment, such as generators, transformers, or turbines.",0.0
51-8099.04,"Monitor hydroelectric power plant equipment operation and performance, adjusting to performance specifications, as necessary.",0.0
51-8099.04,"Start, adjust, or stop generating units, operating valves, gates, or auxiliary equipment in hydroelectric power generating plants.",0.0
51-8099.04,Communicate status of hydroelectric operating equipment to dispatchers or supervisors.,0.0
51-8099.04,"Implement load or switching orders in hydroelectric plants, in accordance with specifications or instructions.",0.0
51-8099.02,"Operate landfill gas, methane, or natural gas fueled electrical generation systems.",0.0
51-8099.01,"Rebuild, repair, or replace biofuels processing equipment components.",0.0
51-8099.01,"Perform routine maintenance on mechanical, electrical, or electronic equipment or instruments used in the processing of biofuels.",0.0
51-8099.01,"Calculate, measure, load, or mix refined feedstock used in biofuels production.",0.0
51-8093.00,Synchronize activities with other pumphouses to ensure a continuous flow of products and a minimum of contamination between products.,0.0
51-8093.00,"Patrol units to monitor the amount of oil in storage tanks, and to verify that activities and operations are safe, efficient, and in compliance with regulations.",0.0
51-8093.00,"Maintain and repair equipment, or report malfunctioning equipment to supervisors so that repairs can be scheduled.",0.0
51-8093.00,"Collect product samples by turning bleeder valves, or by lowering containers into tanks to obtain oil samples.",0.0
51-8099.01,Operate chemical processing equipment for the production of biofuels.,0.0
51-8099.01,Coordinate raw product sourcing or collection.,0.0
51-9021.00,"Move controls to start, stop, or adjust machinery and equipment that crushes, grinds, polishes, or blends materials.",0.0
51-9012.00,Turn valves to pump sterilizing solutions or rinse water through pipes or equipment or to spray vats with atomizers.,0.0
51-9012.00,"Maintain logs of instrument readings, test results, or shift production for entry in computer databases.",0.0
51-9012.00,"Remove clogs, defects, or impurities from machines, tanks, conveyors, screens, or other processing equipment.",0.0
51-9012.00,"Clean or sterilize tanks, screens, inflow pipes, production areas, or equipment, using hoses, brushes, scrapers, or chemical solutions.",0.0
51-9012.00,"Measure or weigh materials to be refined, mixed, transferred, stored, or otherwise processed.",0.0
51-9011.00,Implement appropriate industrial emergency response procedures.,0.0
51-9011.00,Observe safety precautions to prevent fires or explosions.,0.0
51-9011.00,"Record operational data, such as temperatures, pressures, ingredients used, processing times, or test results.",0.0
51-9011.00,Control or operate equipment in which chemical changes or reactions take place during the processing of industrial or consumer products.,0.0
51-9011.00,Patrol work areas to detect leaks or equipment malfunctions or to monitor operating conditions.,0.0
51-9111.00,Adjust machine components and machine tension and pressure according to size or processing angle of product.,0.0
51-9123.00,Examine finished surfaces of workpieces to verify conformance to specifications and retouch any defective areas.,0.0
51-9123.00,"Clean and maintain tools and equipment, using solvents, brushes, and rags.",0.0
51-9123.00,Read job orders and inspect workpieces to determine work procedures and materials required.,0.0
51-9123.00,"Clean surfaces of workpieces in preparation for coating, using cleaning fluids, solvents, brushes, scrapers, steam, sandpaper, or cloth.",0.0
51-9123.00,"Rinse, drain, or wipe coated workpieces to remove excess coating material or to facilitate setting of finish coats on workpieces.",0.0
51-9141.00,"Manipulate valves, switches, and buttons, or key commands into control panels to start semiconductor processing cycles.",0.0
51-9141.00,"Maintain processing, production, and inspection information and reports.",0.0
51-9141.00,"Inspect materials, components, or products for surface defects and measure circuitry, using electronic test equipment, precision measuring instruments, microscope, and standard procedures.",0.0
51-9141.00,"Clean semiconductor wafers using cleaning equipment, such as chemical baths, automatic wafer cleaners, or blow-off wands.",0.0
51-9141.00,"Study work orders, instructions, formulas, and processing charts to determine specifications and sequence of operations.",0.0
51-9122.00,Use brush to hand-paint areas in need of retouching or unreachable with a spray gun.,0.0
51-9122.00,"Set up portable equipment, such as ventilators, exhaust units, ladders, or scaffolding.",0.0
51-9121.00,Operate auxiliary machines or equipment used in coating or painting processes.,0.0
51-9111.00,"Stack finished packaged items, or wrap protective material around each item, and pack the items in cartons or containers.",0.0
51-9111.00,"Regulate machine flow, speed, or temperature.",0.0
51-9111.00,Tend or operate machine that packages product.,0.0
51-9111.00,"Supply materials to spindles, conveyors, hoppers, or other feeding devices and unload packaged product.",0.0
51-9121.00,"Observe machine gauges and equipment operation to detect defects or deviations from standards, and make adjustments as necessary.",0.0
51-9121.00,"Determine paint flow, viscosity, and coating quality by performing visual inspections, or by using viscometers.",0.0
51-9121.00,"Weigh or measure chemicals, coatings, or paints before adding them to machines.",0.0
51-9122.00,Operate lifting or moving devices to move equipment or materials to access areas to be painted.,0.0
51-9122.00,Dispose of hazardous waste in an appropriate manner.,0.0
51-9122.00,Spray prepared surfaces with specified amounts of primers and decorative or finish coatings.,0.0
51-9191.00,Remove jammed materials from machines and readjust components as necessary to resume normal operations.,0.0
51-9151.00,"Thread filmstrips through densitometers or sensitometers and expose film to light to determine density of film, necessary color corrections, or light sensitivity.",0.0
51-9151.00,Upload digital images onto Web sites for customers.,0.0
51-9191.00,Align and position materials being joined to ensure accurate application of adhesive or heat sealing.,0.0
51-9191.00,"Adjust machine components according to specifications such as widths, lengths, and thickness of materials and amounts of glue, cement, or adhesive required.",0.0
51-9191.00,Monitor machine operations to detect malfunctions and report or resolve problems.,0.0
51-9191.00,"Start machines, and turn valves or move controls to feed, admit, apply, or transfer materials and adhesives, and to adjust temperature, pressure, and time settings.",0.0
51-9151.00,"Shade negatives or photographs with pencils to smooth facial contours, soften highlights, or conceal blemishes, stray hairs, or wrinkles.",0.0
51-9192.00,"Operate or tend machines to wash and remove impurities from items such as barrels or kegs, glass products, tin plate surfaces, dried fruit, pulp, animal stock, coal, manufactured articles, plastic, or rubber.",0.0
51-9192.00,Add specified amounts of chemicals to equipment at required times to maintain solution levels and concentrations.,0.0
51-9192.00,"Drain, clean, and refill machines or tanks at designated intervals, using cleaning solutions or water.",0.0
51-9192.00,"Measure, weigh, or mix cleaning solutions, using measuring tanks, calibrated rods or suction tubes.",0.0
51-9192.00,"Draw samples for laboratory analysis, or test solutions for conformance to specifications, such as acidity or specific gravity.",0.0
51-9151.00,Splice broken or separated film and mount film on reels.,0.0
51-9071.01,"Grade stones based on their color, perfection, and quality of cut.",0.0
51-9071.01,"Plate articles such as jewelry pieces and watch dials, using silver, gold, nickel, or other metals.",0.0
51-9071.01,Write or modify design specifications such as the metal contents and weights of items.,0.0
51-9071.01,"Create new jewelry designs and modify existing designs, using computers as necessary.",0.0
51-9071.01,"Buy and sell jewelry, or serve as agents between buyers and sellers.",0.0
51-9071.06,"Examine gems during processing to ensure accuracy of angles and positions of cuts or bores, using magnifying glasses, loupes, or shadowgraphs.",0.0
51-9071.06,"Assign polish, symmetry, and clarity grades to stones, according to established grading systems.",0.0
51-9071.06,"Estimate wholesale and retail value of gems, following pricing guides, market fluctuations, and other relevant economic factors.",0.0
51-9071.06,"Examine gem surfaces and internal structures, using polariscopes, refractometers, microscopes, and other optical instruments, to differentiate between stones, to identify rare specimens, or to detect flaws, defects, or peculiarities affecting gem values.",0.0
51-9071.06,"Identify and document stones' clarity characteristics, using plot diagrams.",0.0
51-9083.00,"Assemble eyeglass frames and attach shields, nose pads, and temple pieces, using pliers, screwdrivers, and drills.",0.0
51-9082.00,Service or repair machinery used in the fabrication of appliances.,0.0
51-9082.00,"Mix pigments to match patients' skin coloring, according to formulas, and apply mixtures to orthotic or prosthetic devices.",0.0
51-9083.00,"Mount and secure lens blanks or optical lenses in holding tools or chucks of cutting, polishing, grinding, or coating machines.",0.0
51-9083.00,"Inspect lens blanks to detect flaws, verify smoothness of surface, and ensure thickness of coating on lenses.",0.0
51-9083.00,"Set up machines to polish, bevel, edge, or grind lenses, flats, blanks, or other precision optical elements.",0.0
51-9083.00,"Inspect, weigh, and measure mounted or unmounted lenses after completion to verify alignment and conformance to specifications, using precision instruments.",0.0
51-9082.00,Take patients' body or limb measurements for use in device construction.,0.0
51-9082.00,Instruct patients in use of prosthetic or orthotic devices.,0.0
51-9082.00,"Polish artificial limbs, braces, or supports, using grinding and buffing wheels.",0.0
51-9081.00,"Prepare metal surfaces for bonding with porcelain to create artificial teeth, using small hand tools.",0.0
51-9071.07,"Cut and file pieces of jewelry such as rings, brooches, bracelets, and lockets.",0.0
51-9071.07,"Pierce and cut open designs in ornamentation, using hand drills and scroll saws.",0.0
51-9071.07,Shape and straighten damaged or twisted articles by hand or using pliers.,0.0
51-9071.07,"Anneal precious metal objects such as coffeepots, tea sets, and trays in gas ovens for prescribed times to soften metal for reworking.",0.0
51-9071.07,Rotate molds to distribute alloys and to prevent formation of air pockets.,0.0
51-9081.00,Read prescriptions or specifications and examine models or impressions to determine the design of dental products to be constructed.,0.0
51-9081.00,"Test appliances for conformance to specifications and accuracy of occlusion, using articulators and micrometers.",0.0
51-9081.00,Create a model of patient's mouth by pouring plaster into a dental impression and allowing plaster to set.,0.0
51-9081.00,"Fabricate, alter, or repair dental devices, such as dentures, crowns, bridges, inlays, or appliances for straightening teeth.",0.0
51-6021.00,"Operate steam, hydraulic, or other pressing machines to remove wrinkles from garments and flatwork items, or to shape, form, or patch articles.",0.0
51-6052.00,Put in padding and shaping materials.,0.0
51-6062.00,"Operate machines to cut multiple layers of fabric into parts for articles such as canvas goods, house furnishings, garments, hats, or stuffed toys.",0.0
51-6062.00,"Study guides, samples, charts, and specification sheets or confer with supervisors or engineering staff to determine set-up requirements.",0.0
51-6062.00,Operate machines for test runs to verify adjustments and to obtain product samples.,0.0
51-6062.00,Stop machines when specified amounts of product have been produced.,0.0
51-6063.00,Remove defects in cloth by cutting and pulling out filling.,0.0
51-6063.00,Inspect products to ensure that specifications are met and to determine if machines need adjustment.,0.0
51-6063.00,Observe woven cloth to detect weaving defects.,0.0
51-6063.00,"Thread yarn, thread, and fabric through guides, needles, and rollers of machines for weaving, knitting, or other processing.",0.0
51-6064.00,Notify supervisors or mechanics of equipment malfunctions.,0.0
51-6064.00,"Start machines, monitor operation, and make adjustments as needed.",0.0
51-6064.00,"Tend machines with multiple winding units that wind thread onto shuttle bobbins for use on sewing machines or other kinds of bobbins for sole-stitching, knitting, or weaving machinery.",0.0
51-6064.00,Inspect products to verify that they meet specifications and to determine whether machine adjustment is needed.,0.0
51-6061.00,Weigh ingredients to be mixed together for use in textile processing.,0.0
51-6061.00,Notify supervisors or mechanics of equipment malfunctions.,0.0
51-6061.00,"Adjust equipment controls to maintain specified heat, tension, and speed.",0.0
51-6061.00,"Observe display screens, control panels, equipment, and cloth entering or exiting processes to determine if equipment is operating correctly.",0.0
51-6064.00,"Tend machines that twist together two or more strands of yarn or insert additional twists into single strands of yarn to increase strength, smoothness, or uniformity of yarn.",0.0
51-6092.00,"Compute dimensions of patterns according to sizes, considering stretching of material.",0.0
51-6091.00,Turn rheostats to obtain specified temperatures in electric furnaces where glass is melted.,0.0
51-6091.00,"Record operational data on tags, and attach tags to machines.",0.0
51-6091.00,Lower pans inside cabinets to catch molten filaments until flow of polymer through packs has stopped.,0.0
51-6091.00,"Pull extruded fiberglass filaments over sleeves where binding solution is applied, and into grooves of graphite shoes that bind filaments into single strands of sliver.",0.0
51-6091.00,Wipe finish rollers with cloths and wash finish trays with water when necessary.,0.0
51-6092.00,Test patterns by making and fitting sample garments.,0.0
51-6092.00,"Draw details on outlined parts to indicate where parts are to be joined, as well as the positions of pleats, pockets, buttonholes, and other features, using computers or drafting instruments.",0.0
51-6092.00,"Determine the best layout of pattern pieces to minimize waste of material, and mark fabric accordingly.",0.0
51-6092.00,"Create a master pattern for each size within a range of garment sizes, using charts, drafting instruments, computers, or grading devices.",0.0
51-6093.00,"Fit, install, and secure material on frames, using hand tools, power tools, glue, cement, or staples.",0.0
51-6093.00,"Build furniture up with loose fiber stuffing, cotton, felt, or foam padding to form smooth, rounded surfaces.",0.0
51-6093.00,"Examine furniture frames, upholstery, springs, and webbing to locate defects.",0.0
51-6093.00,"Attach fasteners, grommets, buttons, buckles, ornamental trim, and other accessories to covers or frames, using hand tools.",0.0
51-6093.00,"Remove covering, webbing, padding, or defective springs from workpieces, using hand tools such as hammers and tack pullers.",0.0
51-6052.00,Sew buttonholes and attach buttons to finish garments.,0.0
51-6052.00,"Position patterns of garment parts on fabric, and cut fabric along outlines, using scissors.",0.0
51-6031.00,"Inspect garments, and examine repair tags and markings on garments to locate defects or damage, and mark errors as necessary.",0.0
51-6031.00,"Select supplies such as fasteners and thread, according to job requirements.",0.0
51-6031.00,"Mount attachments, such as needles, cutting blades, or pattern plates, and adjust machine guides according to specifications.",0.0
51-6031.00,Cut excess material or thread from finished products.,0.0
51-6031.00,Fold or stretch edges or lengths of items while sewing to facilitate forming specified sections.,0.0
51-6041.00,"Cut out parts, following patterns or outlines, using knives, shears, scissors, or machine presses.",0.0
51-6041.00,"Construct, decorate, or repair leather products according to specifications, using sewing machines, needles and thread, leather lacing, glue, clamps, hand tools, or rivets.",0.0
51-6041.00,"Align and stitch or glue materials such as fabric, fleece, leather, or wood, to join parts.",0.0
51-6041.00,"Dye, soak, polish, paint, stamp, stitch, stain, buff, or engrave leather or other materials to obtain desired effects, decorations, or shapes.",0.0
51-6041.00,"Select materials and patterns, and trace patterns onto materials to be cut out.",0.0
51-6021.00,"Activate and adjust machine controls to regulate temperature and pressure of rollers, ironing shoes, or plates, according to specifications.",0.0
51-6021.00,"Remove finished pieces from pressing machines and hang or stack them for cooling, or forward them for additional processing.",0.0
51-6021.00,"Hang, fold, package, and tag finished articles for delivery to customers.",0.0
51-6021.00,"Slide material back and forth over heated, metal, ball-shaped forms to smooth and press portions of garments that cannot be satisfactorily pressed with flat pressers or hand irons.",0.0
51-6052.00,Fit and study garments on customers to determine required alterations.,0.0
51-6051.00,"Sew, join, reinforce, or finish parts of articles, such as garments, books, mattresses, toys, and wigs, using needles and thread or other materials.",0.0
51-6051.00,"Trim excess threads or edges of parts, using scissors or knives.",0.0
51-6051.00,"Select thread, twine, cord, or yarn to be used, and thread needles.",0.0
51-6051.00,Draw and cut patterns according to specifications.,0.0
51-6051.00,"Fold, twist, stretch, or drape material, and secure articles in preparation for sewing.",0.0
51-6042.00,Hammer loose staples for proper attachment.,0.0
51-6042.00,Turn knobs to adjust stitch length and thread tension.,0.0
51-6042.00,"Select and place spools of thread or pre-wound bobbins into shuttles, or onto spindles or loupers of stitching machines.",0.0
51-6042.00,"Study work orders or shoe part tags to obtain information about workloads, specifications, and the types of materials to be used.",0.0
51-6042.00,"Remove and examine shoes, shoe parts, and designs to verify conformance to specifications such as proper embedding of stitches in channels.",0.0
51-8011.00,Operate nuclear power reactors in accordance with policies and procedures to protect workers from radiation and to ensure environmental safety.,0.0
51-8012.00,"Repair, maintain, or clean equipment or machinery, using hand tools.",0.0
51-8013.00,Adjust controls to generate specified electrical power or to regulate the flow of power between generating stations and substations.,0.0
51-8013.00,Monitor power plant equipment and indicators to detect evidence of operating problems.,0.0
51-8013.00,"Control generator output to match the phase, frequency, or voltage of electricity supplied to panels.",0.0
51-8013.00,"Control or maintain auxiliary equipment, such as pumps, fans, compressors, condensers, feedwater heaters, filters, or chlorinators, to supply water, fuel, lubricants, air, or auxiliary power.",0.0
51-8021.00,"Monitor and inspect equipment, computer terminals, switches, valves, gauges, alarms, safety devices, and meters to detect leaks or malfunctions and to ensure that equipment is operating efficiently and safely.",0.0
51-8021.00,"Activate valves to maintain required amounts of water in boilers, to adjust supplies of combustion air, and to control the flow of fuel into burners.",0.0
51-8021.00,"Monitor boiler water, chemical, and fuel levels, and make adjustments to maintain required levels.",0.0
51-8021.00,"Observe and interpret readings on gauges, meters, and charts registering various aspects of boiler operation to ensure that boilers are operating properly.",0.0
51-8021.00,"Test boiler water quality or arrange for testing and take necessary corrective action, such as adding chemicals to prevent corrosion and harmful deposits.",0.0
51-8012.00,Tend auxiliary equipment used in the power distribution process.,0.0
51-8012.00,"Implement energy schedules, including real-time transmission reservations or schedules.",0.0
51-8012.00,Inspect equipment to ensure that specifications are met or to detect any defects.,0.0
51-8011.00,Supervise technicians' work activities to ensure that equipment is operated in accordance with policies and procedures that protect workers from radiation and ensure environmental safety.,0.0
51-8011.00,"Develop or implement actions such as lockouts, tagouts, or clearances to allow equipment to be safely repaired.",0.0
51-8011.00,"Respond to system or unit abnormalities, diagnosing the cause, and recommending or taking corrective action.",0.0
51-8011.00,"Monitor all systems for normal running conditions, performing activities such as checking gauges to assess output or the effects of generator loading on other equipment.",0.0
51-8012.00,Monitor and record switchboard or control board readings to ensure that electrical or steam distribution equipment is operating properly.,0.0
51-8092.00,"Test gas, chemicals, and air during processing to assess factors such as purity and moisture content, and to detect quality problems or gas or chemical leaks.",0.0
51-8091.00,Calculate material requirements or yields according to formulas.,0.0
51-8091.00,Direct workers engaged in operating machinery that regulates the flow of materials and products.,0.0
51-8091.00,"Supervise the cleaning of towers, strainers, or spray tips.",0.0
51-8091.00,"Defrost frozen valves, using steam hoses.",0.0
51-8092.00,Monitor transportation and storage of flammable and other potentially dangerous products to ensure that safety guidelines are followed.,0.0
51-8092.00,"Monitor equipment functioning, observe temperature, level, and flow gauges, and perform regular unit checks to ensure that all equipment is operating as it should.",0.0
51-8092.00,"Control operation of compressors, scrubbers, evaporators, and refrigeration equipment to liquefy, compress, or regasify natural gas.",0.0
51-8091.00,Repair or replace damaged equipment.,0.0
51-8031.00,"Collect and test water and sewage samples, using test equipment and color analysis standards.",0.0
51-8031.00,"Add chemicals, such as ammonia, chlorine, or lime, to disinfect and deodorize water and other liquids.",0.0
51-8031.00,"Inspect equipment or monitor operating conditions, meters, and gauges to determine load requirements and detect malfunctions.",0.0
51-8031.00,"Record operational data, personnel attendance, or meter and gauge readings on specified forms.",0.0
51-8031.00,"Operate and adjust controls on equipment to purify and clarify water, process or dispose of sewage, and generate power.",0.0
51-7042.00,"Sharpen knives, bits, or other cutting or shaping tools.",0.0
51-7042.00,Control hoists to remove parts or products from work stations.,0.0
51-7021.00,"Recommend woods, colors, finishes, and furniture styles, using knowledge of wood products, fashions, and styles.",0.0
51-7021.00,"Remove old finishes and damaged or deteriorated parts, using hand tools, stripping tools, sandpaper, steel wool, abrasives, solvents, or dip baths.",0.0
51-7021.00,Follow blueprints to produce specific designs.,0.0
51-7021.00,"Disassemble items to prepare them for finishing, using hand tools.",0.0
51-7021.00,Wash surfaces to prepare them for finish application.,0.0
51-7031.00,"Verify dimensions and contours of models during hand-forming processes, using templates and measuring devices.",0.0
51-7031.00,"Read blueprints, drawings, or written specifications, and consult with designers to determine sizes and shapes of patterns and required machine setups.",0.0
51-7031.00,"Set up, operate, and adjust a variety of woodworking machines such as bandsaws and planers to cut and shape sections, parts, and patterns, according to specifications.",0.0
51-7031.00,"Fit, fasten, and assemble wood parts together to form patterns, models, or sections, using glue, nails, dowels, bolts, screws, and other fasteners.",0.0
51-7031.00,"Trim, smooth, and shape surfaces, and plane, shave, file, scrape, and sand models to attain specified shapes, using hand tools.",0.0
51-7032.00,"Read blueprints, drawings, or written specifications to determine sizes and shapes of patterns and required machine setups.",0.0
51-7011.00,"Trim, sand, or scrape surfaces or joints to prepare articles for finishing.",0.0
51-7011.00,Verify dimensions or check the quality or fit of pieces to ensure adherence to specifications.,0.0
51-7011.00,"Produce or assemble components of articles, such as store fixtures, office equipment, cabinets, or high-grade furniture.",0.0
51-7011.00,"Measure and mark dimensions of parts on paper or lumber stock prior to cutting, following blueprints, to ensure a tight fit and quality product.",0.0
51-7011.00,"Set up or operate machines, including power saws, jointers, mortisers, tenoners, molders, or shapers, to cut, mold, or shape woodstock or wood substitutes.",0.0
51-7032.00,"Lay out patterns on wood stock and draw outlines of units, sectional patterns, or full-scale mock-ups of products, based on blueprint specifications and sketches, and using marking and measuring devices.",0.0
51-7032.00,"Verify dimensions of completed patterns, using templates, straightedges, calipers, or protractors.",0.0
51-7032.00,"Set up, operate, and adjust a variety of woodworking machines such as bandsaws and lathes to cut and shape sections, parts, and patterns, according to specifications.",0.0
51-7042.00,"Feed stock through feed mechanisms or conveyors into planing, shaping, boring, mortising, or sanding machines to produce desired components.",0.0
51-7041.00,"Select saw blades, types or grades of stock, or cutting procedures to be used, according to work orders or supervisors' instructions.",0.0
51-7041.00,"Cut grooves, bevels, or miters, saw curved or irregular designs, and sever or shape metals, according to specifications or work orders.",0.0
51-7041.00,Unclamp and remove finished workpieces from tables.,0.0
51-7041.00,Dispose of waste material after completing work assignments.,0.0
51-7042.00,"Set up, program, operate, or tend computerized or manual woodworking machines, such as drill presses, lathes, shapers, routers, sanders, planers, or wood-nailing machines.",0.0
51-7042.00,"Examine finished workpieces for smoothness, shape, angle, depth-of-cut, or conformity to specifications and verify dimensions, visually and using hands, rules, calipers, templates, or gauges.",0.0
51-7041.00,"Examine blueprints, drawings, work orders, or patterns to determine equipment set-up or selection details, procedures to be used, or dimensions of final products.",0.0
51-9193.00,Adjust machine or freezer speed and air intake to obtain desired consistency and amount of product.,0.0
53-5022.00,Organize and direct the activities of crew members.,0.0
53-6021.00,Inspect vehicles to detect any damage.,0.0
53-6021.00,Greet customers and open their car doors.,0.0
53-6021.00,"Issue ticket stubs or place numbered tags on windshields, log tags or attach tag to customers' keys, and give customers matching tags for locating parked vehicles.",0.0
53-6021.00,"Perform cash handling tasks, such as making change, balancing and recording cash drawer, or distributing tips.",0.0
53-6021.00,"Explain and calculate parking charges, collect fees from customers, and respond to customer complaints.",0.0
53-6031.00,Activate fuel pumps and fill fuel tanks of vehicles with gasoline or diesel fuel to specified levels.,0.0
53-6031.00,"Prepare daily reports of fuel, oil, and accessory sales.",0.0
53-6031.00,Provide customers with information about local roads or highways.,0.0
53-6031.00,"Perform minor repairs, such as adjusting brakes, replacing spark plugs, or changing engine oil or filters.",0.0
53-6031.00,"Rotate, test, and repair or replace tires.",0.0
53-6041.00,"Interact with the public to answer traffic-related questions, respond to complaints or requests, or discuss traffic control ordinances, plans, policies, or procedures.",0.0
53-6041.00,"Prepare drawings of proposed signal installations or other control devices, using drafting instruments or computer-automated drafting equipment.",0.0
53-6011.00,Attach ropes or cable lines to bitts on lock decks or wharfs to secure vessels.,0.0
53-6011.00,"Stop automobile and pedestrian traffic on bridges, and lower automobile gates prior to moving bridges.",0.0
53-5031.00,Clean engine parts and keep engine rooms clean.,0.0
53-5022.00,"Issue directions for loading, unloading, and seating in boats.",0.0
53-5022.00,"Clean boats and repair hulls and superstructures, using hand tools, paint, and brushes.",0.0
53-5022.00,"Tow, push, or guide other boats, barges, logs, or rafts.",0.0
53-5022.00,Take depth soundings in turning basins.,0.0
53-5031.00,"Monitor the availability, use, or condition of lifesaving equipment or pollution preventatives to ensure that international regulations are followed.",0.0
53-5031.00,"Maintain electrical power, heating, ventilation, refrigeration, water, or sewerage systems.",0.0
53-5031.00,"Perform or participate in emergency drills, as required.",0.0
53-5031.00,"Maintain complete records of engineering department activities, including machine operations.",0.0
53-6011.00,Turn valves to increase or decrease water levels in locks.,0.0
53-6011.00,"Move levers to activate traffic signals, navigation lights, and alarms.",0.0
53-6011.00,"Record names, types, and destinations of vessels passing through bridge openings or locks, and numbers of trains or vehicles crossing bridges.",0.0
53-6041.00,Provide technical supervision regarding traffic control devices to other traffic technicians or laborers.,0.0
53-6041.00,"Analyze data related to traffic flow, accident rates, or proposed development to determine the most efficient methods to expedite traffic flow.",0.0
53-6041.00,"Plan, design, and improve components of traffic control systems to accommodate current or projected traffic and to increase usability and efficiency.",0.0
53-6051.07,Identify emissions testing procedures and standards appropriate for the age and technology of vehicles.,0.0
53-6051.07,"Inspect vehicles or other equipment for evidence of abuse, damage, or mechanical malfunction.",0.0
53-6051.07,"Inspect vehicles or equipment to ensure compliance with rules, standards, or regulations.",0.0
53-6051.07,Inspect repairs to transportation vehicles or equipment to ensure that repair work was performed properly.,0.0
53-6051.07,"Identify modifications to engines, fuel systems, emissions control equipment, or other vehicle systems to determine the impact of modifications on inspection procedures or conclusions.",0.0
53-6051.01,"Recommend changes in rules, policies, standards, and regulations, based on knowledge of operating conditions, aircraft improvements, and other factors.",0.0
53-6051.08,Prepare and submit reports after completion of freight shipments.,0.0
53-6051.08,Inspect shipments to ensure that freight is securely braced and blocked.,0.0
53-6051.08,"Record details about freight conditions, handling of freight, and any problems encountered.",0.0
53-6051.08,Advise crews in techniques of stowing dangerous and heavy cargo.,0.0
53-6051.08,Observe loading of freight to ensure that crews comply with procedures.,0.0
53-6051.01,"Schedule and coordinate in-flight testing programs with ground crews and air traffic control to ensure availability of ground tracking, equipment monitoring, and related services.",0.0
53-6051.01,"Analyze training programs and conduct oral and written examinations to ensure the competency of persons operating, installing, and repairing aircraft equipment.",0.0
53-6051.01,"Recommend replacement, repair, or modification of aircraft equipment.",0.0
53-6051.01,"Inspect work of aircraft mechanics performing maintenance, modification, or repair and overhaul of aircraft and aircraft mechanical systems to ensure adherence to standards and procedures.",0.0
53-4021.00,"Record numbers of cars available, numbers of cars sent to repair stations, and types of service needed.",0.0
53-4021.00,Provide passengers with assistance entering and exiting trains.,0.0
53-4021.00,"Answer questions from passengers concerning train rules, stations, and timetable information.",0.0
53-4031.00,"Signal engineers to begin train runs, stop trains, or change speed, using telecommunications equipment or hand signals.",0.0
53-4031.00,"Confer with engineers regarding train routes, timetables, and cargoes, and to discuss alternative routes when there are rail defects or obstructions.",0.0
53-4031.00,Receive information regarding train or rail problems from dispatchers or from electronic monitoring devices.,0.0
53-4031.00,"Receive instructions from dispatchers regarding trains' routes, timetables, and cargoes.",0.0
53-4031.00,"Direct and instruct workers engaged in yard activities, such as switching tracks, coupling and uncoupling cars, and routing inbound and outbound traffic.",0.0
53-4041.00,Operate controls to open and close transit vehicle doors.,0.0
53-4041.00,"Drive and control rail-guided public transportation, such as subways, elevated trains, and electric-powered streetcars, trams, or trolleys, to transport passengers.",0.0
53-4041.00,Monitor lights indicating obstructions or other trains ahead and watch for car and truck traffic at crossings to stay alert to potential hazards.,0.0
53-4041.00,Direct emergency evacuation procedures.,0.0
53-4041.00,Regulate vehicle speed and the time spent at each stop to maintain schedules.,0.0
53-4021.00,"Adjust controls to regulate air-conditioning, heating, and lighting on trains for comfort of passengers.",0.0
53-4021.00,"Ride atop cars that have been shunted, and turn handwheels to control speeds or stop cars at specified positions.",0.0
53-4013.00,Operate and control dinkey engines to transport and shunt cars at industrial or mine sites.,0.0
53-4013.00,"Observe water levels and oil, air, and steam pressure gauges to ensure proper operation of equipment.",0.0
53-4013.00,Spot cars for loading and unloading at customer locations.,0.0
53-4013.00,Inspect track for defects such as broken rails and switch malfunctions.,0.0
53-4013.00,Ride on moving cars by holding onto grab irons and standing on ladder steps.,0.0
53-5021.02,Observe loading or unloading of cargo or equipment to ensure that handling and storage are performed according to specifications.,0.0
53-5021.01,"Measure depths of water, using depth-measuring equipment.",0.0
53-5021.01,"Signal crew members or deckhands to rig tow lines, open or close gates or ramps, or pull guard chains across entries.",0.0
53-5021.01,"Maintain boats or equipment on board, such as engines, winches, navigational systems, fire extinguishers, or life preservers.",0.0
53-5021.01,"Maintain records of daily activities, personnel reports, ship positions and movements, ports of call, weather and sea conditions, pollution control efforts, or cargo or passenger status.",0.0
53-5021.01,"Calculate sightings of land, using electronic sounding devices and following contour lines on charts.",0.0
53-5021.02,Stand watches on vessels during specified periods while vessels are under way.,0.0
53-5021.02,"Supervise crews in cleaning or maintaining decks, superstructures, or bridges.",0.0
53-5021.03,"Direct courses and speeds of ships, based on specialized knowledge of local winds, weather, water depths, tides, currents, and hazards.",0.0
53-5021.03,"Consult maps, charts, weather reports, or navigation equipment to determine and direct ship movements.",0.0
53-5021.03,Operate ship-to-shore radios to exchange information needed for ship operations.,0.0
53-5021.03,Report to appropriate authorities any violations of federal or state pilotage laws.,0.0
53-5021.03,Provide assistance in maritime rescue operations.,0.0
53-5011.00,Provide engineers with assistance in repairing or adjusting machinery.,0.0
53-5011.00,"Maintain government-issued certifications, as required.",0.0
53-5011.00,Lower and man lifeboats when emergencies occur.,0.0
53-5011.00,"Steer ships under the direction of commanders or navigating officers or direct helmsmen to steer, following designated courses.",0.0
53-5011.00,"Handle lines to moor vessels to wharfs, to tie up vessels to other vessels, or to rig towing lines.",0.0
51-9193.00,"Monitor pressure gauges, ammeters, flowmeters, thermometers, or products, and adjust controls to maintain specified conditions, such as feed rate, product consistency, temperature, air pressure, and machine speed.",0.0
53-7061.00,"Fit boot spoilers, side skirts, or mud flaps to cars.",0.0
53-7064.00,"Clean containers, materials, supplies, or work areas, using cleaning solutions and hand tools.",0.0
53-7064.00,"Record product, packaging, and order information on specified forms and records.",0.0
53-7064.00,"Measure, weigh, and count products and materials.",0.0
53-7064.00,"Mark and label containers, container tags, or products, using marking tools.",0.0
53-7064.00,"Place or pour products or materials into containers, using hand tools and equipment, or fill containers from spouts or chutes.",0.0
53-7071.00,"Monitor meters and pressure gauges to determine consumption rate variations, temperatures, and pressures.",0.0
53-7071.00,Adjust valves and equipment to obtain specified performance.,0.0
53-7071.00,"Read gas meters, and maintain records of the amounts of gas received and dispensed from holders.",0.0
53-7071.00,"Operate power-driven pumps that transfer liquids, semi-liquids, gases, or powdered materials.",0.0
53-7071.00,Record instrument readings and operational changes in operating logs.,0.0
53-7072.00,"Monitor gauges and flowmeters and inspect equipment to ensure that tank levels, temperatures, chemical amounts, and pressures are at specified levels, reporting abnormalities as necessary.",0.0
53-7072.00,"Record operating data such as products and quantities pumped, stocks used, gauging results, and operating times.",0.0
53-7072.00,"Communicate with other workers, using signals, radios, or telephones, to start and stop flows of materials or substances.",0.0
53-7072.00,"Tend vessels that store substances such as gases, liquids, slurries, or powdered materials, checking levels of substances by using calibrated rods or by reading mercury gauges and tank charts.",0.0
53-7072.00,"Turn valves and start pumps to start or regulate flows of substances such as gases, liquids, slurries, or powdered materials.",0.0
53-7063.00,"Shovel or scoop materials into containers, machines, or equipment for processing, storage, or transport.",0.0
53-7063.00,Open and close gates of belt and pneumatic conveyors on machines that are fed directly from preceding machines.,0.0
53-7062.00,Connect electrical equipment to power sources so that it can be tested before use.,0.0
53-7062.00,Sort cargo before loading and unloading.,0.0
53-7062.00,Attach identifying tags to containers or mark them with identifying information.,0.0
53-7062.00,Read work orders or receive oral instructions to determine work assignments or material or equipment needs.,0.0
53-7062.00,"Record numbers of units handled or moved, using daily production sheets or work tickets.",0.0
53-7063.00,"Transfer materials and products to and from machinery and equipment, using industrial trucks or hand trucks.",0.0
53-7063.00,"Inspect materials and products for defects, and to ensure conformance to specifications.",0.0
53-7063.00,"Remove materials and products from machines and equipment, and place them in boxes, trucks or conveyors, using hand tools and moving devices.",0.0
53-7121.00,"Operate ship loading and unloading equipment, conveyors, hoists, and other specialized material handling equipment such as railroad tank car unloading equipment.",0.0
53-7111.00,Drive loaded shuttle cars to ramps and move controls to discharge loads into mine cars or onto conveyors.,0.0
53-7111.00,"Move mine cars into position for loading and unloading, using pinchbars inserted under car wheels to position cars under loading spouts.",0.0
53-7111.00,"Guide and stop cars by switching, applying brakes, or placing scotches, or wooden wedges, between wheels and rails.",0.0
53-7111.00,"Push or ride cars down slopes, or hook cars to cables and control cable drum brakes, to ease cars down inclines.",0.0
53-7111.00,"Observe hand signals, grade stakes, or other markings when operating machines.",0.0
53-7121.00,"Verify tank car, barge, or truck load numbers to ensure car placement accuracy based on written or verbal instructions.",0.0
53-7121.00,"Observe positions of cars passing loading spouts, and swing spouts into the correct positions at the appropriate times.",0.0
53-7121.00,"Monitor product movement to and from storage tanks, coordinating activities with other workers to ensure constant product flow.",0.0
53-7081.00,"Make special pickups of recyclable materials, such as food scraps, used oil, discarded computers, or other electronic items.",0.0
53-7121.00,"Record operating data such as products and quantities pumped, gauge readings, and operating times, manually or using computers.",0.0
53-7081.00,Sort items set out for recycling and throw materials into designated truck compartments.,0.0
53-7073.00,Prepare trucks and equipment necessary for the type of pumping service required.,0.0
53-7073.00,"Monitor control panels during pumping operations to ensure that materials are being pumped at the correct pressure, density, rate, and concentration.",0.0
53-7073.00,"Operate engines and pumps to shut off wells according to production schedules, and to switch flow of oil into storage tanks.",0.0
53-7073.00,Perform routine maintenance on vehicles and equipment.,0.0
53-7073.00,Repair gas and oil meters and gauges.,0.0
53-7081.00,Organize schedules for refuse collection.,0.0
53-7081.00,Operate automated or semi-automated hoisting devices that raise refuse bins and dump contents into openings in truck bodies.,0.0
53-7081.00,Inspect trucks prior to beginning routes to ensure safe operating condition.,0.0
53-7061.00,"Transport materials, equipment, or supplies to or from work areas, using carts or hoists.",0.0
53-7061.00,"Lubricate machinery, vehicles, or equipment or perform minor repairs or adjustments, using hand tools.",0.0
53-7011.00,"Load, unload, or adjust materials or products on conveyors by hand, by using lifts, hoists, and scoops, or by opening gates, chutes, or hoppers.",0.0
53-7011.00,Operate consoles to control automatic palletizing equipment.,0.0
53-7011.00,"Affix identifying information to materials or products, using hand tools.",0.0
53-7011.00,"Distribute materials, supplies, and equipment to work stations, using lifts and trucks.",0.0
53-7011.00,"Move, assemble, and connect hoses or nozzles to material hoppers, storage tanks, conveyor sections or chutes, and pumps.",0.0
53-7021.00,Determine load weights and check them against lifting capacities to prevent overload.,0.0
53-7021.00,"Move levers, depress foot pedals, or turn dials to operate cranes, cherry pickers, electromagnets, or other moving equipment for lifting, moving, or placing loads.",0.0
53-7021.00,Inspect and adjust crane mechanisms or lifting accessories to prevent malfunctions or damage.,0.0
53-7021.00,"Inspect cables or grappling devices for wear and install or replace cables, as needed.",0.0
53-7021.00,Direct helpers engaged in placing blocking or outrigging under cranes.,0.0
53-7031.00,"Move levers to position dredges for excavation, to engage hydraulic pumps, to raise and lower suction booms, and to control rotation of cutterheads.",0.0
53-7031.00,Start and stop engines to operate equipment.,0.0
53-7031.00,"Start power winches that draw in or let out cables to change positions of dredges, or pull in and let out cables manually.",0.0
53-7031.00,Pump water to clear machinery pipelines.,0.0
53-7031.00,"Lower anchor poles to verify depths of excavations, using winches, or scan depth gauges to determine depths of excavations.",0.0
53-7032.00,"Move levers, depress foot pedals, and turn dials to operate power machinery, such as power shovels, stripping shovels, scraper loaders, or backhoes.",0.0
53-7032.00,Set up or inspect equipment prior to operation.,0.0
53-7032.00,"Observe hand signals, grade stakes, or other markings when operating machines so that work can be performed to specifications.",0.0
53-7032.00,"Operate machinery to perform activities such as backfilling excavations, vibrating or breaking rock or concrete, or making winter roads.",0.0
53-7032.00,Receive written or oral instructions regarding material movement or excavation.,0.0
53-6061.00,Count and verify tickets and seat reservations and record numbers of passengers boarding and disembarking.,0.0
53-6061.00,Secure passengers for transportation by buckling seatbelts or fastening wheelchairs with tie-down straps.,0.0
53-6061.00,"Provide boarding assistance to elderly, sick, or injured people.",0.0
53-6061.00,"Respond to passengers' questions, requests, or complaints.",0.0
53-7061.00,"Inspect parts, equipment, or vehicles for cleanliness, damage, and compliance with standards or regulations.",0.0
53-7051.00,Inspect product load for accuracy and safely move it around the warehouse or facility to ensure timely and complete delivery.,0.0
53-7051.00,"Manually or mechanically load or unload materials from pallets, skids, platforms, cars, lifting devices, or other transport vehicles.",0.0
53-7051.00,"Position lifting devices under, over, or around loaded pallets, skids, or boxes and secure material or products for transport to designated areas.",0.0
53-7051.00,Weigh materials or products and record weight or other production data on tags or labels.,0.0
53-7051.00,"Perform routine maintenance on vehicles or auxiliary equipment, such as cleaning, lubricating, recharging batteries, fueling, or replacing liquefied-gas tank.",0.0
53-7061.00,Clean and polish vehicle windows.,0.0
53-7041.00,"Tend auxiliary equipment, such as jacks, slings, cables, or stop blocks, to facilitate moving items or materials for further processing.",0.0
53-7041.00,"Repair, maintain, and adjust equipment, using hand tools.",0.0
53-7033.00,Advance machines to gather material and convey it into cars.,0.0
53-7033.00,"Pry off loose material from roofs and move it into the paths of machines, using crowbars.",0.0
53-7033.00,"Move trailing electrical cables clear of obstructions, using rubber safety gloves.",0.0
53-7033.00,Drive machines into piles of material blasted from working faces.,0.0
53-7033.00,"Operate levers to move conveyor booms or shovels so that mine contents such as coal, rock, and ore can be placed into cars or onto conveyors.",0.0
53-7041.00,Climb ladders to position and set up vehicle-mounted derricks.,0.0
53-7041.00,"Move levers, pedals, and throttles to stop, start, and regulate speeds of hoist or winch drums in response to hand, bell, buzzer, telephone, loud-speaker, or whistle signals, or by observing dial indicators or cable marks.",0.0
53-7041.00,Start engines of hoists or winches and use levers and pedals to wind or unwind cable on drums.,0.0
51-9196.00,"Observe operation of various machines to detect and correct machine malfunctions such as improper forming, glue flow, or pasteboard tension.",0.0
51-9198.00,Examine products to verify conformance to quality standards.,0.0
51-9198.00,Start machines or equipment to begin production processes.,0.0
51-9198.00,"Observe equipment operations so that malfunctions can be detected, and notify operators of any malfunctions.",0.0
51-9197.00,"Position rollers that turn ply edges under and over beads, or use steel rods to turn ply edges.",0.0
51-9196.00,"Place rolls of paper or cardboard on machine feed tracks, and thread paper through gluing, coating, and slitting rollers.",0.0
51-9196.00,"Fill glue and paraffin reservoirs, and position rollers to dispense glue onto paperboard.",0.0
51-9196.00,"Cut products to specified dimensions, using hand or power cutters.",0.0
51-9196.00,Monitor finished cartons as they drop from forming machines into rotating hoppers and into gravity feed chutes to prevent jamming.,0.0
51-9197.00,"Depress pedals to rotate drums, and wind specified numbers of plies around drums to form tire bodies.",0.0
51-9197.00,Start rollers that bond tread and plies as drums revolve.,0.0
51-9197.00,Activate bead setters that press prefabricated beads onto plies.,0.0
51-9197.00,"Cut plies at splice points, and press ends together to form continuous bands.",0.0
51-9199.01,"Sort materials, such as metals, glass, wood, paper or plastics, into appropriate containers for recycling.",0.0
51-9199.01,"Clean recycling yard by sweeping, raking, picking up broken glass and loose paper debris, or moving barrels and bins.",0.0
51-9199.01,"Operate forklifts, pallet jacks, power lifts, or front-end loaders to load bales, bundles, or other heavy items onto trucks for shipping to smelters or other recycled materials processing facilities.",0.0
53-1021.01,"Prepare bills of lading, statements of shipping records, or customer receipts related to recycling or hazardous material services.",0.0
53-1021.00,Inspect job sites to determine the extent of maintenance or repairs needed.,0.0
53-1021.00,"Inventory supplies and requisition or purchase additional items, as necessary.",0.0
53-1021.00,"Counsel employees in work-related activities, personal growth, or career development.",0.0
53-1021.01,Oversee recycling pick-up or drop-off programs to ensure compliance with community ordinances.,0.0
53-1021.01,Maintain logs of recycling materials received or shipped to processing companies.,0.0
53-1021.01,"Supervise recycling technicians, community service workers, or other recycling operations employees or volunteers.",0.0
53-1021.01,Review customer requests for service to determine service needs and deploy appropriate resources to provide service.,0.0
51-9199.01,"Sort metals to separate high-grade metals, such as copper, brass, and aluminum, for recycling.",0.0
51-9199.01,Remove copper from circuit boards.,0.0
53-1011.00,"Calculate load weights for different aircraft compartments, using charts and computers.",0.0
53-1011.00,"Direct ground crews in the loading, unloading, securing, or staging of aircraft cargo or baggage.",0.0
53-1011.00,Accompany aircraft as a member of the flight crew to monitor and handle cargo in flight.,0.0
51-9194.00,"Prepare workpieces for etching or engraving by cutting, sanding, cleaning, polishing, or treating them with wax, acid resist, lime, etching powder, or light-sensitive enamel.",0.0
51-9194.00,Insert cutting tools or bits into machines and secure them with wrenches.,0.0
51-9194.00,"Print proofs or examine designs to verify accuracy of engraving, and rework engraving as required.",0.0
51-9194.00,"Transfer image to workpiece, using contact printer, pantograph stylus, silkscreen printing device, or stamp pad.",0.0
51-9194.00,"Sketch, trace, or scribe layout lines and designs on workpieces, plates, dies, or rollers, using compasses, scribers, gravers, or pencils.",0.0
51-9195.03,"Verify depths and dimensions of cuts or carvings to ensure adherence to specifications, blueprints, or models, using measuring instruments.",0.0
51-9195.03,Move fingers over surfaces of carvings to ensure smoothness of finish.,0.0
51-9195.03,"Shape, trim, or touch up roughed-out designs with appropriate tools to finish carvings.",0.0
51-9195.03,"Cut, shape, and finish rough blocks of building or monumental stone, according to diagrams or patterns.",0.0
51-9195.03,"Drill holes and cut or carve moldings and grooves in stone, according to diagrams and patterns.",0.0
51-9195.04,"Heat glass to pliable stage, using gas flames or ovens and rotating glass to heat it uniformly.",0.0
51-9193.00,"Inspect and flush lines with solutions or steam, and spray equipment with sterilizing solutions.",0.0
51-9193.00,"Record temperatures, amounts of materials processed, or test results on report forms.",0.0
51-9193.00,"Read dials and gauges on panel control boards to ascertain temperatures, alkalinities, and densities of mixtures, and turn valves to obtain specified mixtures.",0.0
51-9195.04,"Inspect, weigh, and measure products to verify conformance to specifications, using instruments such as micrometers, calipers, magnifiers, or rulers.",0.0
51-9195.04,"Record manufacturing information, such as quantities, sizes, or types of goods produced.",0.0
51-9195.04,"Place glass into dies or molds of presses and control presses to form products, such as glassware components or optical blanks.",0.0
51-9195.07,"Patch broken edges or fractures, using clay or plaster.",0.0
51-9195.07,Read work orders or examine parts to determine parts or sections of products to be produced.,0.0
51-9195.07,"Trim or remove excess material, using scrapers, knives, or band saws.",0.0
51-9195.07,"Engrave or stamp identifying symbols, letters, or numbers on products.",0.0
51-9195.07,Brush or spray mold surfaces with parting agents or insert paper into molds to ensure smoothness and prevent sticking or seepage.,0.0
51-9195.05,"Operate jigger machines to form ceramic ware, such as bowls, cups, plates, and saucers.",0.0
51-9195.05,Teach pottery classes.,0.0
51-9195.05,Operate pug mills to blend and extrude clay.,0.0
51-9195.04,Spray or swab molds with oil solutions to prevent adhesion of glass.,0.0
51-9195.05,"Press thumbs into centers of revolving clay to form hollows, and press on the inside and outside of emerging clay cylinders with hands and fingers, gradually raising and shaping clay to desired forms and sizes.",0.0
51-9195.05,"Adjust pressures, temperatures, and trimming tool settings as required.",0.0
53-1031.00,Enforce safety rules and regulations.,0.0
53-1031.00,"Plan work assignments and equipment allocations to meet transportation, operations or production goals.",0.0
53-1031.00,"Review orders, production schedules, blueprints, or shipping or receiving notices to determine work sequences and material shipping dates, types, volumes, or destinations.",0.0
53-1031.00,"Inspect or test materials, stock, vehicles, equipment, or facilities to ensure that they are safe, free of defects, and consistent with specifications.",0.0
53-3031.00,"Collect money from customers, make change, and record transactions on customer receipts.",0.0
53-3031.00,"Drive trucks to deliver such items as food, medical supplies, or newspapers.",0.0
53-3031.00,Write customer orders and sales contracts according to company guidelines.,0.0
53-3031.00,Inform regular customers of new products or services and price changes.,0.0
53-3032.00,"Check vehicles to ensure that mechanical, safety, and emergency equipment is in good working order.",0.0
53-3032.00,Follow appropriate safety procedures for transporting dangerous goods.,0.0
53-3032.00,Inspect loads to ensure that cargo is secure.,0.0
53-3032.00,"Maintain logs of working hours or of vehicle service or repair status, following applicable state and federal regulations.",0.0
53-3032.00,"Secure cargo for transport, using ropes, blocks, chain, binders, or covers.",0.0
53-3022.00,Make minor repairs to vehicles.,0.0
53-3022.00,"Report delays, accidents, or other traffic and transportation situations, using telephones or mobile two-way radios.",0.0
53-3022.00,"Regulate heating, lighting, and ventilation systems for passenger comfort.",0.0
53-3021.00,"Record information, such as cash receipts and ticket fares, and maintain log book.",0.0
53-3011.00,Remove and replace soiled linens or equipment to maintain sanitary conditions.,0.0
53-3011.00,Accompany and assist emergency medical technicians on calls.,0.0
53-3011.00,Earn and maintain appropriate certifications.,0.0
53-3011.00,Replace supplies and disposable items on ambulances.,0.0
53-3011.00,Report facts concerning accidents or emergencies to hospital personnel or law enforcement officials.,0.0
53-3021.00,"Drive vehicles over specified routes or to specified destinations according to time schedules, complying with traffic regulations to ensure that passengers have a smooth and safe ride.",0.0
53-3021.00,Park vehicles at loading areas so that passengers can board.,0.0
53-3021.00,Advise passengers to be seated and orderly while on vehicles.,0.0
53-3021.00,"Inspect vehicles and check gas, oil, and water levels prior to departure.",0.0
53-3022.00,"Drive gasoline, diesel, or electrically powered multi-passenger vehicles to transport students between neighborhoods, schools, and school activities.",0.0
53-3022.00,Follow safety rules as students board and exit buses or cross streets near bus stops.,0.0
53-4011.00,Monitor train loading procedures to ensure that freight or rolling stock are loaded or unloaded without damage.,0.0
53-3041.00,Report to taxicab services or garages to receive vehicle assignments.,0.0
53-4011.00,"Interpret train orders, signals, or railroad rules and regulations that govern the operation of locomotives.",0.0
53-4011.00,"Confer with conductors or traffic control center personnel via radiophones to issue or receive information concerning stops, delays, or oncoming trains.",0.0
53-4011.00,"Receive starting signals from conductors and use controls such as throttles or air brakes to drive electric, diesel-electric, steam, or gas turbine-electric locomotives.",0.0
53-4011.00,Observe tracks to detect obstructions.,0.0
53-3041.00,"Determine fares based on trip distances and times, using taximeters and fee schedules, and announce fares to passengers.",0.0
53-4012.00,Observe train signals along routes and verify their meanings for engineers.,0.0
53-4012.00,Monitor trains as they go around curves to detect dragging equipment and smoking journal boxes.,0.0
53-4012.00,Observe tracks from left sides of locomotives to detect obstructions on tracks.,0.0
53-4012.00,Operate locomotives in emergency situations.,0.0
53-4012.00,Inspect locomotives to detect damaged or worn parts.,0.0
53-3041.00,"Operate vehicles with specialized equipment, such as wheelchair lifts, to transport and secure passengers with special needs.",0.0
53-3041.00,"Perform errands for customers or employers, such as delivering or picking up mail and packages.",0.0
53-3033.00,"Maintain records, such as vehicle logs, records of cargo, or billing statements, in accordance with regulations.",0.0
53-3033.00,Obey traffic laws and follow established traffic and transportation procedures.,0.0
53-3033.00,Turn in receipts and money received from deliveries.,0.0
53-3033.00,Read maps and follow written or verbal geographic directions.,0.0
53-3033.00,Verify the contents of inventory loads against shipping papers.,0.0
53-3041.00,Vacuum and clean interiors and wash and polish exteriors of automobiles.,0.0
53-2031.00,Sell alcoholic beverages to passengers.,0.0
53-2031.00,Heat and serve prepared foods.,0.0
53-2012.00,"Contact control towers for takeoff clearances, arrival instructions, and other information, using radio equipment.",0.0
53-2011.00,Test and evaluate the performance of new aircraft.,0.0
53-2011.00,Coordinate flight activities with ground crews and air traffic control and inform crew members of flight and test procedures.,0.0
53-2011.00,File instrument flight plans with air traffic control to ensure that flights are coordinated with other air traffic.,0.0
53-2011.00,Conduct in-flight tests and evaluations at specified altitudes and in all types of weather to determine the receptivity and other characteristics of equipment and systems.,0.0
53-2011.00,Instruct other pilots and student pilots in aircraft operations and the principles of flight.,0.0
53-2012.00,Use instrumentation to pilot aircraft when visibility is poor.,0.0
53-2012.00,"Start engines, operate controls, and pilot airplanes to transport passengers, mail, or freight according to flight plans, regulations, and procedures.",0.0
53-2012.00,"Monitor engine operation, fuel consumption, and functioning of aircraft systems during flights.",0.0
53-2012.00,"Check aircraft prior to flights to ensure that the engines, controls, instruments, and other systems are functioning properly.",0.0
53-1031.00,"Examine, measure, or weigh cargo or materials to determine specific handling requirements.",0.0
53-2031.00,Collect money for meals and beverages.,0.0
53-2031.00,"Announce and demonstrate safety and emergency procedures, such as the use of oxygen masks, seat belts, and life jackets.",0.0
53-2022.00,Use airfield landing and navigational aids and digital data terminal communications equipment to perform duties.,0.0
53-2022.00,Coordinate changes to flight itineraries with appropriate Air Traffic Control (ATC) agencies.,0.0
53-2022.00,Anticipate aircraft equipment needs for air evacuation and cargo flights.,0.0
53-2022.00,"Relay departure, arrival, delay, aircraft and airfield status, and other pertinent information to upline controlling agencies.",0.0
53-2021.00,Initiate or coordinate searches for missing aircraft.,0.0
53-2021.00,"Inform pilots about nearby planes or potentially hazardous conditions, such as weather, speed and direction of wind, or visibility problems.",0.0
53-2021.00,Issue landing and take-off authorizations or instructions.,0.0
53-2021.00,Transfer control of departing flights to traffic control centers and accept control of arriving flights.,0.0
53-2021.00,Provide flight path changes or directions to emergency landing fields for pilots traveling in bad weather or in emergency situations.,0.0
51-6011.00,"Wash, dry-clean, or glaze delicate articles or fur garment linings by hand, using mild detergents or dry cleaning solutions.",0.0
47-4061.00,"Repair or adjust track switches, using wrenches and replacement parts.",0.0
49-3042.00,"Research, order, and maintain parts inventory for services and repairs.",0.0
49-3051.00,Inspect and repair or adjust propellers or propeller shafts.,0.0
49-3051.00,"Adjust carburetor mixtures, electrical point settings, or timing while motors are running in water-filled test tanks.",0.0
49-3051.00,"Set starter locks and align and repair steering or throttle controls, using gauges, screwdrivers, or wrenches.",0.0
49-3051.00,"Disassemble and inspect motors to locate defective parts, using mechanic's hand tools and gauges.",0.0
49-3051.00,"Adjust generators and replace faulty wiring, using hand tools and soldering irons.",0.0
49-3052.00,"Mount, balance, change, or check condition or pressure of tires.",0.0
49-3052.00,"Listen to engines, examine vehicle frames, or confer with customers to determine nature and extent of malfunction or damage.",0.0
49-3052.00,"Replace defective parts, using hand tools, arbor presses, flexible power presses, or power tools.",0.0
49-3052.00,"Repair or adjust motorcycle subassemblies, such as forks, transmissions, brakes, or drive chains, according to specifications.",0.0
49-3052.00,"Repair or replace other parts, such as headlights, horns, handlebar controls, gasoline or oil tanks, starters, or mufflers.",0.0
49-3053.00,"Repair and maintain gasoline engines used to power equipment such as portable saws, lawn mowers, generators, and compressors.",0.0
49-3053.00,"Adjust points, valves, carburetors, distributors, and spark plug gaps, using feeler gauges.",0.0
49-3053.00,Reassemble engines after repair or maintenance work is complete.,0.0
49-3053.00,"Record repairs made, time spent, and parts used.",0.0
49-3053.00,"Perform routine maintenance such as cleaning and oiling parts, honing cylinders, and tuning ignition systems.",0.0
49-3043.00,"Perform scheduled maintenance, and clean units and components.",0.0
49-3042.00,Clean parts by spraying them with grease solvent or immersing them in tanks of solvent.,0.0
49-3042.00,"Weld or solder broken parts and structural members, using electric or gas welders and soldering tools.",0.0
49-3042.00,"Adjust and maintain industrial machinery, using control and regulating devices.",0.0
49-3042.00,"Assemble gear systems, and align frames and gears.",0.0
49-3043.00,"Repair or replace defective or worn parts such as bearings, pistons, and gears, using hand tools, torque wrenches, power tools, and welding equipment.",0.0
49-3043.00,Test units for operability before and after repairs.,0.0
49-3043.00,"Record conditions of cars, and repair and maintenance work performed or to be performed.",0.0
49-3043.00,"Remove locomotives, car mechanical units, or other components, using pneumatic hoists and jacks, pinch bars, hand tools, and cutting torches.",0.0
49-3093.00,"Patch tubes with adhesive rubber patches or seal rubber patches to tubes, using hot vulcanizing plates.",0.0
49-3093.00,Locate punctures in tubeless tires by visual inspection or by immersing inflated tires in water baths and observing air bubbles.,0.0
49-3093.00,"Glue tire patches over ruptures in tire casings, using rubber cement.",0.0
49-3093.00,"Assist mechanics and perform various mechanical duties, such as changing oil or checking and replacing batteries.",0.0
49-3093.00,"Rotate tires to different positions on vehicles, using hand tools.",0.0
49-9011.00,Wind large springs with upward motion of arm.,0.0
49-9011.00,"Carry springs to tops of doors, using ladders or scaffolding, and attach springs to tracks to install spring systems.",0.0
49-9011.00,"Repair or replace worn or broken door parts, using hand tools.",0.0
49-9011.00,"Complete required paperwork, such as work orders, according to services performed or required.",0.0
49-9011.00,"Fasten angle iron back-hangers to ceilings and tracks, using fasteners or welding equipment.",0.0
49-3091.00,Install and adjust speed and gear mechanisms.,0.0
49-3092.00,"Inspect recreational vehicles to diagnose problems and perform necessary adjustment, repair, or overhaul.",0.0
49-3091.00,Assemble new bicycles.,0.0
49-3091.00,"Install, repair, and replace equipment or accessories, such as handlebars, stands, lights, and seats.",0.0
49-3091.00,Align wheels.,0.0
49-3091.00,"Disassemble axles to repair, adjust, and replace defective parts, using hand tools.",0.0
49-3092.00,Explain proper operation of vehicle systems to customers.,0.0
49-3092.00,"Locate and repair frayed wiring, broken connections, or incorrect wiring, using ohmmeters, soldering irons, tape, or hand tools.",0.0
49-3092.00,"Repair plumbing or propane gas lines, using caulking compounds and plastic or copper pipe.",0.0
49-3092.00,"Confer with customers, read work orders, or examine vehicles needing repair to determine the nature and extent of damage.",0.0
49-3021.00,Soak fiberglass matting in resin mixtures and apply layers of matting over repair areas to specified thicknesses.,0.0
49-3021.00,"Cut openings in vehicle bodies for the installation of customized windows, using templates and power shears or chisels.",0.0
49-3022.00,Prime all scratches on pinchwelds with primer and allow to dry.,0.0
49-3022.00,"Remove all dirt, foreign matter, and loose glass from damaged areas, apply primer along windshield or window edges, and allow primer to dry.",0.0
49-3022.00,"Allow all glass parts installed with urethane ample time to cure, taking temperature and humidity into account.",0.0
49-3022.00,Apply a bead of urethane around the perimeter of each pinchweld and dress the remaining urethane on the pinchwelds so that it is of uniform level and thickness.,0.0
49-3022.00,"Select appropriate tools, safety equipment, and parts, according to job requirements.",0.0
49-3023.01,"Test drive vehicles and test components and systems, using equipment such as infrared engine analyzers, compression gauges, and computerized diagnostic devices.",0.0
49-3023.01,"Repair, reline, replace, and adjust brakes.",0.0
49-3023.01,"Follow checklists to ensure all important parts are examined, including belts, hoses, steering systems, spark plugs, brake and fuel systems, wheel bearings, and other potentially troublesome areas.",0.0
49-3023.01,Confer with customers to obtain descriptions of vehicle problems and to discuss work to be performed and future repair requirements.,0.0
49-3023.01,"Perform routine and scheduled maintenance services, such as oil changes, lubrications, and tune-ups.",0.0
49-3021.00,Replace damaged glass on vehicles.,0.0
49-3021.00,"Measure and mark vinyl material and cut material to size for roof installation, using rules, straightedges, and hand shears.",0.0
49-3021.00,Read specifications or confer with customers to determine the desired custom modifications for altering the appearance of vehicles.,0.0
49-3011.00,"Inventory and requisition or order supplies, parts, materials, and equipment.",0.0
49-3011.00,"Clean, strip, prime, and sand structural surfaces and materials to prepare them for bonding.",0.0
49-3011.00,"Communicate with other workers to coordinate fitting and alignment of heavy parts, or to facilitate processing of repair parts.",0.0
49-3011.00,"Examine engines through specially designed openings while working from ladders or scaffolds, or use hoists or lifts to remove the entire engine from an aircraft.",0.0
49-3011.00,"Check for corrosion, distortion, and invisible cracks in the fuselage, wings, and tail, using x-ray and magnetic inspection equipment.",0.0
49-3041.00,Drive trucks to haul tools and equipment for on-site repair of large machinery.,0.0
49-3031.00,Follow green operational practices involving conservation of water or energy or reduction of solid waste.,0.0
49-3031.00,Adjust or repair computer controlled exhaust emissions devices.,0.0
49-3031.00,Measure vehicle emissions to determine whether they are within acceptable limits.,0.0
49-3031.00,"Maintain or repair vehicles with alternative fuel systems, including biodiesel, hybrid, or compressed natural gas vehicles.",0.0
49-3031.00,Operate valve-grinding machines to grind and reset valves.,0.0
49-3041.00,Record details of repairs made and parts used.,0.0
49-3041.00,"Maintain, repair, and overhaul farm machinery and vehicles, such as tractors, harvesters, and irrigation systems.",0.0
49-3041.00,"Examine and listen to equipment, read inspection reports, and confer with customers to locate and diagnose malfunctions.",0.0
49-3041.00,"Dismantle defective machines for repair, using hand tools.",0.0
49-3023.02,"Conduct visual inspections of compressed natural gas fuel systems to identify cracks, gouges, abrasions, discoloration, broken fibers, loose brackets, damaged gaskets, or other problems.",0.0
49-3023.02,Inspect vehicles for damage and record findings so that necessary repairs can be made.,0.0
49-3023.02,Estimate costs of vehicle repair.,0.0
49-3023.02,"Troubleshoot fuel, ignition, and emissions control systems, using electronic testing equipment.",0.0
49-3023.02,Test electronic computer components in automobiles to ensure proper operation.,0.0
49-9043.00,"Replace, empty, or replenish machine and equipment containers such as gas tanks or boxes.",0.0
49-9045.00,"Disassemble molds, and cut, chip, and smooth clay structures such as floaters, drawbars, and L-blocks.",0.0
49-9045.00,"Transfer clay structures to curing ovens, melting tanks, and drawing kilns, using forklifts.",0.0
49-9045.00,"Install preformed metal scaffolding in interiors of cupolas, using hand tools.",0.0
49-9045.00,"Install clay structures in melting tanks and drawing kilns to control the flow and temperature of molten glass, using hoists and hand tools.",0.0
49-9051.00,"Adhere to safety practices and procedures, such as checking equipment regularly and erecting barriers around work areas.",0.0
49-9051.00,"Test conductors, according to electrical diagrams and specifications, to identify corresponding conductors and to prevent incorrect connections.",0.0
49-9051.00,Open switches or attach grounding devices to remove electrical hazards from disturbed or fallen lines or to facilitate repairs.,0.0
49-9051.00,Climb poles or use truck-mounted buckets to access equipment.,0.0
49-9051.00,Drive vehicles equipped with tools and materials to job sites.,0.0
49-9052.00,"Set up service for customers, installing, connecting, testing, or adjusting equipment.",0.0
49-9052.00,"Travel to customers' premises to install, maintain, or repair audio and visual electronic reception equipment or accessories.",0.0
49-9045.00,"Dump and tamp clay in molds, using tamping tools.",0.0
49-9044.00,"Weld, repair, and fabricate equipment or machinery.",0.0
49-9043.00,"Remove hardened material from machines or machine parts, using abrasives, power and hand tools, jackhammers, sledgehammers, or other equipment.",0.0
49-9043.00,"Measure, mix, prepare, and test chemical solutions used to clean or repair machinery and equipment.",0.0
49-9044.00,"Insert shims, adjust tension on nuts and bolts, or position parts, using hand tools and measuring instruments, to set specified clearances between moving and stationary parts.",0.0
49-9044.00,"Assemble and install equipment, using hand tools and power tools.",0.0
49-9044.00,"Lay out mounting holes, using measuring instruments, and drill holes with power drill.",0.0
49-9044.00,"Signal crane operator to lower basic assembly units to bedplate, and align unit to centerline.",0.0
49-9052.00,"Measure signal strength at utility poles, using electronic test equipment.",0.0
49-9052.00,"Inspect or test lines or cables, recording and analyzing test results, to assess transmission characteristics and locate faults or malfunctions.",0.0
49-9052.00,"Splice cables, using hand tools, epoxy, or mechanical equipment.",0.0
49-9063.00,"Inspect instruments to locate defects, and to determine their value or the level of restoration required.",0.0
49-9062.00,"Solder loose connections, using soldering iron.",0.0
49-9062.00,Explain or demonstrate correct operation or preventive maintenance of medical equipment to personnel.,0.0
49-9062.00,Contribute expertise to develop medical maintenance standard operating procedures.,0.0
49-9062.00,"Evaluate technical specifications to identify equipment or systems best suited for intended use and possible purchase, based on specifications, user needs, or technical requirements.",0.0
49-9062.00,Study technical manuals or attend training sessions provided by equipment manufacturers to maintain current knowledge.,0.0
49-9063.00,Play instruments to evaluate their sound quality and to locate any defects.,0.0
49-9063.00,"Adjust string tensions to tune instruments, using hand tools and electronic tuning devices.",0.0
49-9063.00,Disassemble instruments and parts for repair and adjustment.,0.0
49-9063.00,"Repair cracks in wood or metal instruments, using pinning wire, lathes, fillers, clamps, or soldering irons.",0.0
49-9061.00,Requisition parts or materials.,0.0
49-9061.00,"Adjust cameras, photographic mechanisms, or equipment such as range and view finders, shutters, light meters, or lens systems, using hand tools.",0.0
49-9061.00,"Disassemble equipment to gain access to defect, using hand tools.",0.0
49-9061.00,"Test equipment performance, focus of lens system, diaphragm alignment, lens mounts, or film transport, using precision gauges.",0.0
49-9043.00,"Replace or repair metal, wood, leather, glass, or other lining in machines, or in equipment compartments or containers.",0.0
49-9043.00,"Transport machine parts, tools, equipment, and other material between work areas and storage, using cranes, hoists, or dollies.",0.0
49-9012.00,"Clean internal compartments and moving parts, using rags and cleaning compounds.",0.0
49-9012.00,"Repair electric meters and components, such as transformers and relays, and replace metering devices, dial glasses, and faulty or incorrect wiring, using hand tools.",0.0
49-9012.00,"Recondition displacement type gas meters and governors, fabricating, machining, or modifying parts needed for repairs.",0.0
49-9012.00,"Cut seats to receive new orifices, tap inspection ports, and perform other repairs to salvage usable materials, using hand tools and machine tools.",0.0
49-9012.00,"Reassemble repaired equipment, and solder top, front, and back case panels in place, using soldering guns, power tools, and hand tools.",0.0
49-9021.01,"Test electrical circuits or components for continuity, using electrical test equipment.",0.0
49-9021.01,"Repair or replace defective equipment, components, or wiring.",0.0
49-9021.01,Discuss heating or cooling system malfunctions with users to isolate problems or to verify that repairs corrected malfunctions.,0.0
49-9021.01,"Install, connect, or adjust thermostats, humidistats, or timers.",0.0
49-9021.02,Braze or solder parts to repair defective joints and leaks.,0.0
49-9021.02,Perform mechanical overhauls and refrigerant reclaiming.,0.0
49-9021.02,Keep records of repairs and replacements made and causes of malfunctions.,0.0
49-9021.02,"Install expansion and control valves, using acetylene torches and wrenches.",0.0
49-9041.00,Record repairs and maintenance performed.,0.0
49-9031.00,"Measure, cut, and thread pipe, and connect it to feeder lines and equipment or appliances, using rules and hand tools.",0.0
49-9031.00,"Take measurements to determine if appliances will fit in installation locations, performing minor carpentry work when necessary to ensure proper installation.",0.0
49-9031.00,"Hang steel supports from beams or joists to hold hoses, vents, and gas pipes in place.",0.0
49-9031.00,"Disassemble and reinstall existing kitchen cabinets, or assemble and install prefabricated kitchen cabinets and trim in conjunction with appliance installation.",0.0
49-9041.00,Repair or maintain the operating condition of industrial production or processing machinery or equipment.,0.0
49-9041.00,Repair or replace broken or malfunctioning components of machinery or equipment.,0.0
49-9041.00,Disassemble machinery or equipment to remove parts and make repairs.,0.0
49-9031.00,"Light and adjust pilot lights on gas stoves, and examine valves and burners for gas leakage and specified flame.",0.0
49-9021.02,"Mount compressor, condenser, and other components in specified locations on frames, using hand tools and acetylene welding equipment.",0.0
51-6011.00,"Dye articles to change or restore their colors, using knowledge of textile compositions and the properties and effects of bleaches and dyes.",0.0
47-5012.00,Position and prepare truck-mounted derricks at drilling areas specified on field maps.,0.0
47-5021.00,"Pour water into wells, or pump water or slush into wells to cool drill bits and to remove drillings.",0.0
47-5021.00,"Operate water-well drilling rigs and other equipment to drill, bore, and dig for water wells or for environmental assessment purposes.",0.0
47-5021.00,Perform pumping tests to assess well performance.,0.0
47-5021.00,Document geological formations encountered during work.,0.0
47-5021.00,"Withdraw drill rods from holes, and extract core samples.",0.0
47-5031.00,Examine blast areas to determine amounts and kinds of explosive charges needed and to ensure that safety laws are observed.,0.0
47-5031.00,Tie specified lengths of delaying fuses into patterns in order to time sequences of explosions.,0.0
47-5031.00,"Place safety cones around blast areas to alert other workers of danger zones, and signal workers as necessary to ensure that they clear blast sites prior to explosions.",0.0
47-5031.00,"Place explosive charges in holes or other spots; then detonate explosives to demolish structures or to loosen, remove, or displace earth, rock, or other materials.",0.0
47-5031.00,"Insert, pack, and pour explosives, such as dynamite, ammonium nitrate, black powder, or slurries into blast holes; then shovel drill cuttings, admit water into boreholes, and tamp material to compact charges.",0.0
47-5013.00,Close and seal wells no longer in use.,0.0
47-5012.00,Lower and explode charges in boreholes to start flow of oil from wells.,0.0
47-5012.00,"Dig holes, set forms, and mix and pour concrete, for foundations of steel or wooden derricks.",0.0
47-5013.00,Maintain and perform safety inspections on equipment and tools.,0.0
47-5013.00,Operate controls that raise derricks or level rigs.,0.0
47-5013.00,"Listen to engines, rotary chains, or other equipment to detect faulty operations or unusual well conditions.",0.0
47-5013.00,"Prepare reports of services rendered, tools used, or time required, for billing purposes.",0.0
47-5071.00,"Dig holes, set forms, and mix and pour concrete into forms to make foundations for wood or steel derricks.",0.0
47-5061.00,Rotate chucks to turn bolts and open expansion heads against rock formations.,0.0
47-5061.00,"Tighten ends of anchored truss bolts, using turnbuckles.",0.0
47-5071.00,Keep pipe deck and main deck areas clean and tidy.,0.0
47-5071.00,"Unscrew or tighten pipes, casing, tubing, and pump rods, using hand and power wrenches and tongs.",0.0
47-5071.00,"Walk flow lines to locate leaks, using electronic detectors and by making visual inspections, and repair the leaks.",0.0
47-5071.00,"Move pipes to and from trucks, using truck winches and motorized lifts, or by hand.",0.0
47-5081.00,"Repair and maintain automotive and drilling equipment, using hand tools.",0.0
47-5061.00,Position safety jacks to support underground mine roofs until bolts can be installed.,0.0
47-5081.00,Observe and monitor equipment operation during the extraction process to detect any problems.,0.0
47-5081.00,Drive moving equipment to transport materials and parts to excavation sites.,0.0
47-5081.00,Clean up work areas and remove debris after extraction activities are complete.,0.0
47-5081.00,Organize materials to prepare for use.,0.0
49-1011.00,"Determine schedules, sequences, and assignments for work activities, based on work priority, quantity of equipment, and skill of personnel.",0.0
47-5061.00,"Position bolting machines, and insert drill bits into chucks.",0.0
47-5061.00,"Force bolts into holes, using hydraulic mechanisms of self-propelled bolting machines.",0.0
47-5041.00,Move levers to raise and lower hydraulic safety bars supporting roofs above machines until other workers complete framing.,0.0
47-5041.00,Operate mining machines to gather coal and convey it to floors or shuttle cars.,0.0
47-5041.00,"Determine locations, boundaries, and depths of holes or channels to be cut.",0.0
47-5041.00,Reposition machines to make additional holes or cuts.,0.0
47-5041.00,Drive machines into position at working faces.,0.0
47-5042.00,"Determine locations, boundaries, and depths of holes or channels to be cut.",0.0
47-5051.00,Locate grain line patterns to determine how rocks will split when cut.,0.0
47-5051.00,"Remove pieces of stone from larger masses, using jackhammers, wedges, and other tools.",0.0
47-5051.00,"Insert wedges and feathers into holes, and drive wedges with sledgehammers to split stone sections from masses.",0.0
47-5051.00,"Mark dimensions or outlines on stone prior to cutting, using rules and chalk lines.",0.0
47-5051.00,Cut slabs of stone into sheets that will be used for floors or counters.,0.0
47-5012.00,"Plug observation wells, and restore sites.",0.0
47-5012.00,"Line drilled holes with pipes, and install all necessary hardware, to prepare new wells.",0.0
49-1011.00,Investigate accidents or injuries and prepare reports of findings.,0.0
47-4071.00,"Clean and repair septic tanks, sewer lines, or related structures such as manholes, culverts, and catch basins.",0.0
47-4071.00,"Start machines to feed revolving cables or rods into openings, stopping machines and changing knives to conform to pipe sizes.",0.0
47-4071.00,"Service, adjust, and make minor repairs to equipment, machines, and attachments.",0.0
47-4071.00,Inspect manholes to locate sewer line stoppages.,0.0
47-4071.00,"Cut damaged sections of pipe with cutters, remove broken sections from ditches, and replace pipe sections, using pipe sleeves.",0.0
47-4091.00,"Prepare base for installation by removing unstable or unsuitable materials, compacting and grading the soil, draining or stabilizing weak or saturated soils and taking measures to prevent water penetration and migration of bedding sand.",0.0
47-4091.00,"Supply and place base materials, edge restraints, bedding sand and jointing sand.",0.0
47-4091.00,Discuss the design with the client.,0.0
47-4091.00,"Set pavers, aligning and spacing them correctly.",0.0
47-4091.00,Sweep sand into the joints and compact pavement until the joints are full.,0.0
47-4099.02,"Test operation or functionality of mechanical, plumbing, electrical, and control systems.",0.0
47-4099.02,"Apply weather seal, such as pipe flashings and sealants, to roof penetrations and structural devices.",0.0
47-4099.02,"Install solar collector mounting devices on tile, asphalt, shingle, or built-up gravel roofs, using appropriate materials and penetration methods.",0.0
47-4099.02,"Install copper or plastic plumbing using pipes, fittings, pipe cutters, acetylene torches, solder, wire brushes, sand cloths, flux, plastic pipe cleaners, or plastic glue.",0.0
47-4061.00,Operate single- or multiple-head spike pullers to pull old spikes from ties.,0.0
47-4061.00,"Weld sections of track together, such as switch points and frogs.",0.0
47-4061.00,Observe leveling indicator arms to verify levelness and alignment of tracks.,0.0
47-4099.02,"Identify plumbing, electrical, environmental, or safety hazards associated with solar thermal installations.",0.0
47-5011.00,"Repair pumps, mud tanks, and related equipment.",0.0
47-5011.00,Set and bolt crown blocks to posts at tops of derricks.,0.0
47-5011.00,Listen to mud pumps and check regularly for vibration and other problems to ensure that rig pumps and drilling mud systems are working properly.,0.0
47-5011.00,Start pumps that circulate mud through drill pipes and boreholes to cool drill bits and flush out drill cuttings.,0.0
47-5011.00,"Position and align derrick elements, using harnesses and platform climbing devices.",0.0
47-4099.03,"Test and diagnose air flow systems, using furnace efficiency analysis equipment.",0.0
47-4099.03,"Inspect buildings to identify required weatherization measures, including repair work, modification, or replacement.",0.0
47-4099.03,Install storm windows or storm doors and verify proper fit.,0.0
47-4099.03,"Maintain activity logs, financial transaction logs, or other records of weatherization work performed.",0.0
47-4099.03,"Prepare or assist in the preparation of bids, contracts, or written reports related to weatherization work.",0.0
49-2092.00,"Reface, ream, and polish commutators and machine parts to specified tolerances, using machine tools.",0.0
49-2093.00,"Install fixtures, outlets, terminal boards, switches, and wall boxes, using hand tools.",0.0
49-2093.00,"Repair or rebuild equipment such as starters, generators, distributors, or door controls, using electrician's tools.",0.0
49-2093.00,Confer with customers to determine the nature of malfunctions.,0.0
49-2093.00,Estimate costs of repairs based on parts and labor requirements.,0.0
49-2094.00,"Test faulty equipment to diagnose malfunctions, using test equipment or software, and applying knowledge of the functional operation of electronic units and systems.",0.0
49-2094.00,"Study blueprints, schematics, manuals, or other specifications to determine installation procedures.",0.0
49-2094.00,"Repair or adjust equipment, machines, or defective components, replacing worn parts, such as gaskets or seals in watertight electrical equipment.",0.0
49-2094.00,"Maintain equipment logs that record performance problems, repairs, calibrations, or tests.",0.0
49-2094.00,"Inspect components of industrial equipment for accurate assembly and installation or for defects, such as loose connections or frayed wires.",0.0
49-2095.00,"Construct, test, maintain, and repair substation relay and control systems.",0.0
49-2095.00,"Inspect and test equipment and circuits to identify malfunctions or defects, using wiring diagrams and testing devices such as ohmmeters, voltmeters, or ammeters.",0.0
49-2095.00,"Consult manuals, schematics, wiring diagrams, and engineering personnel to troubleshoot and solve equipment problems and to determine optimum equipment functioning.",0.0
49-2095.00,Notify facility personnel of equipment shutdowns.,0.0
49-2095.00,"Open and close switches to isolate defective relays, performing adjustments or repairs.",0.0
49-2093.00,"Install electrical equipment such as air-conditioning, heating, or ignition systems and components such as generator brushes and commutators, using hand tools.",0.0
49-2092.00,"Inspect batteries for structural defects such as dented cans, damaged carbon rods and terminals, and defective seals.",0.0
49-2092.00,"Clean cells, cell assemblies, glassware, leads, electrical connections, and battery poles, using scrapers, steam, water, emery cloths, power grinders, or acid.",0.0
49-2092.00,"Scrape and clean units or parts, using cleaning solvents and equipment such as buffing wheels.",0.0
49-2092.00,"Rewind coils on cores in slots, or make replacement coils, using coil-winding machines.",0.0
49-2098.00,"Test backup batteries, keypad programming, sirens, or other security features to ensure proper functioning or to diagnose malfunctions.",0.0
49-2098.00,"Drill holes for wiring in wall studs, joists, ceilings, or floors.",0.0
49-2098.00,"Inspect installation sites and study work orders, building plans, and installation manuals to determine materials requirements and installation procedures.",0.0
49-2098.00,Consult with clients to assess risks and to determine security requirements.,0.0
49-2096.00,"Remove seats, carpeting, and interiors of doors and add sound-absorbing material in empty spaces, reinstalling interior parts.",0.0
49-2096.00,"Splice wires with knives or cutting pliers, and solder connections to fixtures and equipment.",0.0
49-2096.00,"Diagnose or repair problems with electronic equipment, such as sound, navigation, communication, and security equipment, in motor vehicles.",0.0
49-2096.00,Confer with customers to determine the nature of malfunctions.,0.0
49-2096.00,Run new speaker and electrical cables.,0.0
49-2097.00,"Disassemble entertainment equipment and repair or replace loose, worn, or defective components and wiring, using hand tools and soldering irons.",0.0
49-2097.00,"Install, service, and repair electronic equipment or instruments such as televisions, radios, and videocassette recorders.",0.0
49-2097.00,"Calibrate and test equipment, and locate circuit and component faults, using hand and power tools and measuring and testing instruments such as resistance meters and oscilloscopes.",0.0
49-2097.00,Confer with customers to determine the nature of problems or to explain repairs.,0.0
49-2097.00,"Tune or adjust equipment and instruments to obtain optimum visual or auditory reception, according to specifications, manuals, and drawings.",0.0
49-2011.00,"Fill machines with toners, inks, or other duplicating fluids.",0.0
49-2021.00,"Read work orders, blueprints, plans, datasheets or site drawings to determine work to be done.",0.0
49-2021.00,"Inspect completed work to ensure all hardware is tight, antennas are level, hangers are properly fastened, proper support is in place, or adequate weather proofing has been installed.",0.0
49-2021.00,"Bolt equipment into place, using hand or power tools.",0.0
49-2021.00,"Test operation of tower transmission components, using sweep testing tools or software.",0.0
49-2021.00,"Run appropriate power, ground, or coaxial cables.",0.0
49-2021.01,"Repair circuits, wiring, and soldering, using soldering irons and hand tools to install parts and adjust connections.",0.0
49-2021.01,"Test equipment functions such as signal strength and quality, transmission capacity, interference, and signal delay, using equipment such as oscilloscopes, circuit analyzers, frequency meters, and wattmeters.",0.0
49-2021.01,"Install, adjust, and repair stationary and mobile radio transmitting and receiving equipment and two-way radio communication systems.",0.0
49-2021.01,"Examine malfunctioning radio equipment to locate defects such as loose connections, broken wires, or burned-out components, using schematic diagrams and test equipment.",0.0
49-2091.00,Operate computer-aided drafting and design applications to design avionics system modifications.,0.0
49-2022.00,Place intercept circuits on terminals to handle vacant lines in central office installations.,0.0
49-2091.00,"Test and troubleshoot instruments, components, and assemblies, using circuit testers, oscilloscopes, or voltmeters.",0.0
49-2091.00,Keep records of maintenance and repair work.,0.0
49-2091.00,"Adjust, repair, or replace malfunctioning components or assemblies, using hand tools or soldering irons.",0.0
49-2091.00,"Install electrical and electronic components, assemblies, and systems in aircraft, using hand tools, power tools, or soldering irons.",0.0
49-2022.00,"Install telephone station equipment, such as intercommunication systems, transmitters, receivers, relays, and ringers, and related apparatus, such as coin collectors, telephone booths, and switching-key equipment.",0.0
49-2022.00,Provide input into the design and manufacturing of new equipment.,0.0
51-4041.00,Fit and assemble parts to make or repair machine tools.,0.0
51-4052.00,"Turn valves to circulate water through cores, or spray water on filled molds to cool and solidify metal.",0.0
51-4052.00,Add metal to molds to compensate for shrinkage.,0.0
51-4052.00,Pull levers to lift ladle stoppers and to allow molten steel to flow into ingot molds to specified heights.,0.0
51-4052.00,Load specified amounts of metal and flux into furnaces or clay crucibles.,0.0
51-4052.00,"Remove solidified steel or slag from pouring nozzles, using long bars or oxygen burners.",0.0
51-4061.00,"Study blueprints, drawings, and sketches to determine material dimensions, required equipment, and operations sequences.",0.0
51-4061.00,"Inspect and test products to verify conformance to specifications, using precision measuring instruments or circuit testers.",0.0
51-4061.00,"Cut, shape, and form metal parts, using lathes, power saws, snips, power brakes and shears, files, and mallets.",0.0
51-4061.00,"Lay out and mark reference points and dimensions on materials, using measuring instruments and drawing or scribing tools.",0.0
51-4061.00,"Drill, countersink, and ream holes in parts and assemblies for bolts, screws, and other fasteners, using power tools.",0.0
51-4062.00,"Set up and operate machine tools, such as milling machines, lathes, drill presses, and grinders, to machine castings or patterns.",0.0
51-4062.00,"Read and interpret blueprints or drawings of parts to be cast or patterns to be made, compute dimensions, and plan operational sequences.",0.0
51-4062.00,"Verify conformance of patterns or template dimensions to specifications, using measuring instruments such as calipers, scales, and micrometers.",0.0
51-4062.00,Program computerized numerical control machine tools.,0.0
51-4062.00,"Design and create templates, patterns, or coreboxes according to work orders, sample parts, or mockups.",0.0
51-4051.00,"Record production data, and maintain production logs.",0.0
51-4041.00,Dispose of scrap or waste material in accordance with company policies and environmental regulations.,0.0
51-4041.00,"Separate scrap waste and related materials for reuse, recycling, or disposal.",0.0
51-4041.00,Evaluate machining procedures and recommend changes or modifications for improved efficiency or adaptability.,0.0
51-4041.00,"Dismantle machines or equipment, using hand tools or power tools to examine parts for defects and replace defective parts where needed.",0.0
51-4051.00,"Draw smelted metal samples from furnaces or kettles for analysis, and calculate types and amounts of materials needed to ensure that materials meet specifications.",0.0
51-4051.00,"Drain, transfer, or remove molten metal from furnaces, and place it into molds, using hoists, pumps, or ladles.",0.0
51-4051.00,Operate controls to move or discharge metal workpieces from furnaces.,0.0
51-4051.00,"Weigh materials to be charged into furnaces, using scales.",0.0
51-4081.00,"Inspect workpieces for defects, and measure workpieces to determine accuracy of machine operation, using rules, templates, or other measuring instruments.",0.0
51-4072.00,Operate hoists to position dies or patterns on foundry floors.,0.0
51-4072.00,"Smooth and clean inner surfaces of molds, using brushes, scrapers, air hoses, or grinding wheels, and fill imperfections with refractory material.",0.0
51-4072.00,"Obtain and move specified patterns to work stations, manually or using hoists, and secure patterns to machines, using wrenches.",0.0
51-4072.00,Perform maintenance work such as cleaning and oiling machines.,0.0
51-4072.00,"Repair or replace damaged molds, pipes, belts, chains, or other equipment, using hand tools, hand-powered presses, or jib cranes.",0.0
51-4081.00,"Observe machine operation to detect workpiece defects or machine malfunctions, adjusting machines as necessary.",0.0
51-4081.00,Read blueprints or job orders to determine product specifications and tooling instructions and to plan operational sequences.,0.0
51-4081.00,"Start machines and turn handwheels or valves to engage feeding, cooling, and lubricating mechanisms.",0.0
51-4081.00,"Select, install, and adjust alignment of drills, cutters, dies, guides, and holding devices, using templates, measuring instruments, and hand tools.",0.0
51-4071.00,"Clean and smooth molds, cores, and core boxes, and repair surface imperfections.",0.0
51-4071.00,Sprinkle or spray parting agents onto patterns and mold sections to facilitate removal of patterns from molds.,0.0
51-4071.00,"Position cores into lower sections of molds, and reassemble molds for pouring.",0.0
51-4071.00,"Sift and pack sand into mold sections, core boxes, and pattern contours, using hand or pneumatic ramming tools.",0.0
51-4071.00,Tend machines that bond cope and drag together to form completed shell molds.,0.0
51-4111.00,"Visualize and compute dimensions, sizes, shapes, and tolerances of assemblies, based on specifications.",0.0
51-4031.00,"Position, align, and secure workpieces against fixtures or stops on machine beds or on dies.",0.0
51-4031.00,"Load workpieces, plastic material, or chemical solutions into machines.",0.0
51-4031.00,"Adjust ram strokes of presses to specified lengths, using hand tools.",0.0
51-4031.00,Clean and lubricate machines.,0.0
51-4031.00,Mark identifying data on workpieces.,0.0
51-4032.00,"Verify conformance of machined work to specifications, using measuring instruments, such as calipers, micrometers, or fixed or telescoping gauges.",0.0
51-4032.00,"Study machining instructions, job orders, or blueprints to determine dimensional or finish specifications, sequences of operations, setups, or tooling requirements.",0.0
51-4032.00,"Change worn cutting tools, using wrenches.",0.0
51-4032.00,"Select and set cutting speeds, feed rates, depths of cuts, and cutting tools, according to machining instructions or knowledge of metal properties.",0.0
51-4032.00,Install tools in spindles.,0.0
51-4023.00,"Direct and train other workers to change rolls, operate mill equipment, remove coils and cobbles, and band and load material.",0.0
51-4022.00,Position and move metal wires or workpieces through a series of dies that compress and shape stock to form die impressions.,0.0
51-4022.00,"Install, adjust, and remove dies, synchronizing cams, forging hammers, and stop guides, using overhead cranes or other hoisting devices, and hand tools.",0.0
51-4022.00,Trim and compress finished forgings to specified tolerances.,0.0
51-4022.00,"Sharpen cutting tools and drill bits, using bench grinders.",0.0
51-4023.00,"Adjust and correct machine set-ups to reduce thicknesses, reshape products, and eliminate product defects.",0.0
51-4023.00,Monitor machine cycles and mill operation to detect jamming and to ensure that products conform to specifications.,0.0
51-4023.00,"Examine, inspect, and measure raw materials and finished products to verify conformance to specifications.",0.0
51-4023.00,"Read rolling orders, blueprints, and mill schedules to determine setup specifications, work sequences, product dimensions, and installation procedures.",0.0
51-4035.00,"Select and install cutting tools and other accessories according to specifications, using hand tools or power tools.",0.0
51-4034.00,"Position, secure, and align cutting tools in toolholders on machines, using hand tools, and verify their positions with measuring instruments.",0.0
51-4034.00,"Compute unspecified dimensions and machine settings, using knowledge of metal properties and shop mathematics.",0.0
51-4034.00,"Install holding fixtures, cams, gears, and stops to control stock and tool movement, using hand tools, power tools, and measuring instruments.",0.0
51-4034.00,"Move toolholders manually or by turning handwheels, or engage automatic feeding mechanisms to feed tools to and along workpieces.",0.0
51-4034.00,Turn valve handles to direct the flow of coolant onto work areas or to coat disks with spinning compounds.,0.0
51-4035.00,"Remove workpieces from machines, and check to ensure that they conform to specifications, using measuring instruments such as microscopes, gauges, calipers, and micrometers.",0.0
51-4035.00,"Position and secure workpieces on machines, using holding devices, measuring instruments, hand tools, and hoists.",0.0
51-4035.00,"Study blueprints, layouts, sketches, or work orders to assess workpiece specifications and to determine tooling instructions, tools and materials needed, and sequences of operations.",0.0
51-4035.00,"Move controls to set cutting specifications, to position cutting tools and workpieces in relation to each other, and to start machines.",0.0
51-4033.00,"Study blueprints, work orders, or machining instructions to determine product specifications, tool requirements, and operational sequences.",0.0
51-4033.00,"Lift and position workpieces, manually or with hoists, and secure them in hoppers or on machine tables, faceplates, or chucks, using clamps.",0.0
51-4033.00,"Set up, operate, or tend grinding and related tools that remove excess material or burrs from surfaces, sharpen edges or corners, or buff, hone, or polish metal or plastic workpieces.",0.0
51-4033.00,"Observe machine operations to detect any problems, making necessary adjustments to correct problems.",0.0
51-4033.00,"Set and adjust machine controls according to product specifications, using knowledge of machine operation.",0.0
51-4111.00,"Study blueprints, sketches, models, or specifications to plan sequences of operations for fabricating tools, dies, or assemblies.",0.0
51-4111.00,"Inspect finished dies for smoothness, contour conformity, and defects.",0.0
51-4193.00,Spray coating in specified patterns according to instructions.,0.0
51-5111.00,Perform close alignment or registration of double and single flats to sensitized plates prior to exposure to produce composite images.,0.0
51-5111.00,"Inspect developed film for specified results and quality, using magnifying glasses and scopes, forwarding acceptable negatives or positives to other workers or to customers.",0.0
51-5111.00,Punch holes in light-sensitive plates and insert pins in holes to prepare plates for contact with positive or negative film.,0.0
51-5111.00,"Mount negatives and plates in cameras, set exposure controls, and expose plates to light through negatives to transfer images onto plates.",0.0
51-5112.00,Collect and inspect random samples during print runs to identify any necessary adjustments.,0.0
51-5112.00,"Examine job orders to determine quantities to be printed, stock specifications, colors, or special printing instructions.",0.0
51-5112.00,Verify that paper and ink meet the specifications for a given job.,0.0
51-5112.00,"Start presses and pull proofs to check for ink coverage and density, alignment, and registration.",0.0
51-5112.00,"Change press plates, blankets, or cylinders, as required.",0.0
51-4194.00,"File or finish surfaces of workpieces, using prescribed hand tools.",0.0
51-4193.00,"Measure and set stops, rolls, brushes, and guides on automatic feeders and conveying equipment or coating machines, using micrometers, rules, and hand tools.",0.0
51-4193.00,Preheat workpieces in ovens.,0.0
51-4193.00,"Replace worn parts and adjust equipment components, using hand tools.",0.0
51-4193.00,"Attach nozzles, position guns, connect hoses, and thread wire to set up metal-spraying machines.",0.0
51-4194.00,"Dress grinding wheels, according to specifications.",0.0
51-4194.00,"Monitor machine operations to determine whether adjustments are necessary, stopping machines when problems occur.",0.0
51-4194.00,"Inspect, feel, and measure workpieces to ensure that surfaces and dimensions meet specifications.",0.0
51-4194.00,"Remove finished workpieces from machines and place them in boxes or on racks, setting aside pieces that are defective.",0.0
51-6011.00,"Sprinkle chemical solvents over stains, and pat areas with brushes or sponges to remove stains.",0.0
51-6011.00,"Operate extractors and driers, or direct their operation.",0.0
51-6011.00,"Remove items from washers or dry-cleaning machines, or direct other workers to do so.",0.0
51-5113.00,"Apply color to edges of signatures using brushes, pads, or atomizers.",0.0
51-5113.00,"Set up or operate machines that perform binding operations, such as pressing, folding, or trimming.",0.0
51-5113.00,"Examine stitched, collated, bound, or unbound product samples for defects, such as imperfect bindings, ink spots, torn pages, loose pages, or loose or uncut threads.",0.0
51-5113.00,Read work orders to determine instructions and specifications for machine set-up.,0.0
51-5113.00,"Install or adjust bindery machine devices, such as knives, guides, rollers, rounding forms, creasing rams, or clamps, to accommodate sheets, signatures, or books of specified sizes.",0.0
51-4111.00,"Conduct test runs with completed tools or dies to ensure that parts meet specifications, making adjustments as necessary.",0.0
51-4121.06,Use fire suppression methods in industrial emergencies.,0.0
51-4121.07,"Align and clamp workpieces together, using rules, squares, or hand tools, or position items in fixtures, jigs, or vises.",0.0
51-4121.07,"Melt and apply solder along adjoining edges of workpieces to solder joints, using soldering irons, gas torches, or electric-ultrasonic equipment.",0.0
51-4121.07,"Grind, cut, buff, or bend edges of workpieces to be joined to ensure snug fit, using power grinders and hand tools.",0.0
51-4121.07,"Melt and apply solder to fill holes, indentations, or seams of fabricated metal products, using soldering equipment.",0.0
51-4122.00,"Inspect, measure, or test completed metal workpieces to ensure conformance to specifications, using measuring and testing devices.",0.0
51-4122.00,"Read blueprints, work orders, or production schedules to determine product or job instructions or specifications.",0.0
51-4122.00,"Assemble, align, and clamp workpieces into holding fixtures to bond, heat-treat, or solder fabricated metal components.",0.0
51-4122.00,"Set up, operate, or tend welding machines that join or bond components to fabricate metal products or assemblies.",0.0
51-4122.00,Correct problems by adjusting controls or by stopping machines and opening holding devices.,0.0
51-4121.06,Hammer out bulges or bends in metal workpieces.,0.0
51-4121.06,Set up and use ladders and scaffolding as necessary to complete work.,0.0
51-4121.06,"Operate metal shaping, straightening, and bending machines, such as brakes and shears.",0.0
51-4121.06,"Select and install torches, torch tips, filler rods, and flux, according to welding chart specifications or types and thicknesses of metals.",0.0
51-4111.00,"File, grind, shim, and adjust different parts to properly fit them together.",0.0
51-4192.00,"Plan locations and sequences of cutting, drilling, bending, rolling, punching, and welding operations, using compasses, protractors, dividers, and rules.",0.0
51-4192.00,Inspect machined parts to verify conformance to specifications.,0.0
51-4192.00,"Design and prepare templates of wood, paper, or metal.",0.0
51-4192.00,Brace parts in position within hulls or ships for riveting or welding.,0.0
51-4192.00,Add dimensional details to blueprints or drawings made by other workers.,0.0
51-4191.00,"Read production schedules and work orders to determine processing sequences, furnace temperatures, and heat cycle requirements for objects to be heat-treated.",0.0
51-4191.00,Signal forklift operators to deposit or extract containers of parts into and from furnaces and quenching rinse tanks.,0.0
51-4191.00,Record times that parts are removed from furnaces to document that objects have attained specified temperatures for specified times.,0.0
51-4191.00,"Set up and operate or tend machines, such as furnaces, baths, flame-hardening machines, and electronic induction machines, that harden, anneal, and heat-treat metal.",0.0
51-4191.00,"Determine types and temperatures of baths and quenching media needed to attain specified part hardness, toughness, and ductility, using heat-treating charts and knowledge of methods, equipment, and metals.",0.0
51-4022.00,"Set up, operate, or tend presses and forging machines to perform hot or cold forging by flattening, straightening, bending, cutting, piercing, or other operations to taper, shape, or form metal.",0.0
49-9095.00,"List parts needed, estimate costs, and plan work procedures, using parts lists, technical manuals, and diagrams.",0.0
49-9098.00,"Install or replace machinery, equipment, and new or replacement parts and instruments, using hand or power tools.",0.0
49-9098.00,"Examine and test machinery, equipment, components, and parts for defects to ensure proper functioning.",0.0
49-9098.00,"Hold or supply tools, parts, equipment, and supplies for other workers.",0.0
49-9098.00,"Position vehicles, machinery, equipment, physical structures, and other objects for assembly or installation, using hand tools, power tools, and moving equipment.",0.0
49-9098.00,"Adjust, maintain, and repair tools, equipment, and machines, and assist more skilled workers with similar tasks.",0.0
49-9099.01,"Identify and correct malfunctions of geothermal plant equipment, electrical systems, instrumentation, or controls.",0.0
49-9099.01,Monitor and adjust operations of geothermal power plant equipment or systems.,0.0
49-9099.01,Adjust power production systems to meet load and distribution demands.,0.0
49-9099.01,Collect and record data associated with operating geothermal power plants or well fields.,0.0
49-9099.01,"Prepare and maintain logs, reports, or other documentation of work performed.",0.0
49-9097.00,Test air lines and air cylinders on pneumatically operated gates.,0.0
49-9096.00,"Fabricate, set up, and repair rigging, supporting structures, hoists, and pulling gear, using hand and power tools.",0.0
49-9095.00,"Install, repair, and replace units, fixtures, appliances, and other items and systems in mobile and modular homes, prefabricated buildings, or travel trailers, using hand tools or power tools.",0.0
49-9095.00,"Reset hardware, using chisels, mallets, and screwdrivers.",0.0
49-9095.00,"Repair leaks in plumbing or gas lines, using caulking compounds and plastic or copper pipe.",0.0
49-9095.00,"Locate and repair frayed wiring, broken connections, or incorrect wiring, using ohmmeters, soldering irons, tape, and hand tools.",0.0
49-9096.00,Signal or verbally direct workers engaged in hoisting and moving loads to ensure safety of workers and materials.,0.0
49-9096.00,Test rigging to ensure safety and reliability.,0.0
49-9096.00,"Attach loads to rigging to provide support or prepare them for moving, using hand and power tools.",0.0
49-9096.00,"Control movement of heavy equipment through narrow openings or confined spaces, using chainfalls, gin poles, gallows frames, and other equipment.",0.0
49-9097.00,"Maintain high tension lines, de-energizing lines for power companies when repairs are requested.",0.0
49-9097.00,"Install, inspect, maintain, and repair various railroad service equipment on the road or in the shop, including railroad signal systems.",0.0
49-9097.00,"Inspect and test operation, mechanical parts, and circuitry of gate crossings, signals, and signal equipment such as interlocks and hotbox detectors.",0.0
49-9097.00,"Inspect switch-controlling mechanisms on trolley wires and in track beds, using hand tools and test equipment.",0.0
51-2011.00,"Cut cables and tubing, using master templates, measuring instruments, and cable cutters or saws.",0.0
51-2011.00,Manually install structural assemblies or signal crane operators to position assemblies for joining.,0.0
51-2011.00,"Align, fit, assemble, connect, or install system components, using jigs, fixtures, measuring instruments, hand tools, or power tools.",0.0
51-2011.00,"Set up or operate machines or systems to crimp, cut, bend, form, swage, flare, bead, burr, or straighten tubing, according to specifications.",0.0
51-2021.00,"Operate or tend wire-coiling machines to wind wire coils used in electrical components such as resistors and transformers, and in electrical equipment and instruments such as bobbins and generators.",0.0
51-2021.00,Review work orders and specifications to determine materials needed and types of parts to be processed.,0.0
51-2021.00,"Cut, strip, and bend wire leads at ends of coils, using pliers and wire scrapers.",0.0
51-2021.00,"Select and load materials such as workpieces, objects, and machine parts onto equipment used in coiling processes.",0.0
51-2022.00,"Assemble electrical or electronic systems or support structures and install components, units, subassemblies, wiring, or assembly casings, using rivets, bolts, soldering or micro-welding equipment.",0.0
51-2022.00,"Position, align, or adjust workpieces or electrical parts to facilitate wiring or assembly.",0.0
51-2022.00,Explain assembly procedures or techniques to other workers.,0.0
51-2022.00,"Clean parts, using cleaning solutions, air hoses, and cloths.",0.0
51-1011.00,"Maintain operations data, such as time, production, and cost records, and prepare management reports of production results.",0.0
51-1011.00,Enforce safety and sanitation regulations.,0.0
51-1011.00,Confer with other supervisors to coordinate operations and activities within or between departments.,0.0
51-1011.00,"Plan and establish work schedules, assignments, and production sequences to meet production goals.",0.0
51-1011.00,"Inspect materials, products, or equipment to detect defects or malfunctions.",0.0
49-9071.00,"Repair machines, equipment, or structures, using tools such as hammers, hoists, saws, drills, wrenches, or equipment such as precision measuring instruments or electrical or electronic testing devices.",0.0
49-9071.00,"Maintain or repair specialized equipment or machinery located in cafeterias, laundries, hospitals, stores, offices, or factories.",0.0
49-9071.00,"Assemble, install, or repair wiring, electrical or electronic components, pipe systems, plumbing, machinery, or equipment.",0.0
49-9071.00,"Clean or lubricate shafts, bearings, gears, or other parts of machinery.",0.0
49-9071.00,"Adjust functional parts of devices or control instruments, using hand tools, levels, plumb bobs, or straightedges.",0.0
49-9081.00,Diagnose problems involving wind turbine generators or control systems.,0.0
49-9081.00,"Climb wind turbine towers to inspect, maintain, or repair equipment.",0.0
49-9081.00,Start or restart wind turbine generator systems to ensure proper operations.,0.0
49-9081.00,"Troubleshoot or repair mechanical, hydraulic, or electrical malfunctions related to variable pitch systems, variable speed control systems, converter systems, or related components.",0.0
49-9064.00,Oil moving parts of timepieces.,0.0
49-9064.00,"Repair or replace broken, damaged, or worn parts on timepieces, using lathes, drill presses, and hand tools.",0.0
49-9064.00,"Clean, rinse, and dry timepiece parts, using solutions and ultrasonic or mechanical watch-cleaning machines.",0.0
49-9064.00,"Disassemble timepieces and inspect them for defective, worn, misaligned, or rusty parts, using loupes.",0.0
49-9064.00,"Reassemble timepieces, replacing glass faces and batteries, before returning them to customers.",0.0
49-9081.00,"Maintain tool and spare parts inventories required for repair, installation, or replacement services.",0.0
49-9092.00,Set up dive sites for recreational instruction.,0.0
49-9092.00,"Recover objects by placing rigging around sunken objects, hooking rigging to crane lines, and operating winches, derricks, or cranes to raise objects.",0.0
49-9092.00,"Operate underwater video, sonar, recording, or related equipment to investigate underwater structures or marine life.",0.0
49-9092.00,Take test samples or photographs to assess the condition of vessels or structures.,0.0
49-9092.00,"Cut and weld steel, using underwater welding equipment, jigs, and supports.",0.0
49-9094.00,"Disassemble mechanical or electrical locking devices, and repair or replace worn tumblers, springs, and other parts, using hand tools.",0.0
49-9094.00,Keep records of company locks and keys.,0.0
49-9094.00,Set up and maintain master key systems.,0.0
49-9094.00,Insert new or repaired tumblers into locks to change combinations.,0.0
49-9094.00,Open safe locks by drilling.,0.0
49-9091.00,Adjust machine pressure gauges and thermostats.,0.0
49-9091.00,"Fill machines with products, ingredients, money, and other supplies.",0.0
49-9091.00,Keep records of merchandise distributed and money collected.,0.0
49-9091.00,"Collect coins and bills from machines, prepare invoices, and settle accounts with concessionaires.",0.0
49-9091.00,Make service calls to maintain and repair machines.,0.0
51-3091.00,"Test products for moisture content, using moisture meters.",0.0
51-3091.00,Signal coworkers to synchronize flow of materials.,0.0
51-3091.00,Dump sugar dust from collectors into melting tanks and add water to reclaim sugar lost during processing.,0.0
51-3092.00,"Record production and test data for each food product batch, such as the ingredients used, temperature, test results, and time cycle.",0.0
51-3092.00,"Follow recipes to produce food products of specified flavor, texture, clarity, bouquet, or color.",0.0
51-3092.00,"Set up, operate, and tend equipment that cooks, mixes, blends, or processes ingredients in the manufacturing of food products, according to formulas or recipes.",0.0
51-3092.00,"Mix or blend ingredients, according to recipes, using a paddle or an agitator, or by controlling vats that heat and mix ingredients.",0.0
51-3092.00,Clean and sterilize vats and factory processing areas.,0.0
51-3093.00,"Set temperature, pressure, and time controls, and start conveyers, machines, or pumps.",0.0
51-3093.00,"Clean, wash, and sterilize equipment and cooking area, using water hoses, cleaning or sterilizing solutions, or rinses.",0.0
51-3091.00,"Install equipment, such as spray units, cutting blades, or screens, using hand tools.",0.0
51-3091.00,"Smooth out products in bins, pans, trays, or conveyors, using rakes or shovels.",0.0
51-3023.00,Stun animals prior to slaughtering.,0.0
51-3023.00,"Remove bones, and cut meat into standard cuts in preparation for marketing.",0.0
51-3023.00,"Cut, trim, skin, sort, and wash viscera of slaughtered animals to separate edible portions from offal.",0.0
51-3023.00,"Slaughter animals in accordance with religious law, and determine that carcasses meet specified religious standards.",0.0
51-3023.00,"Slit open, eviscerate, and trim carcasses of slaughtered animals.",0.0
51-3093.00,"Observe gauges, dials, and product characteristics, and adjust controls to maintain appropriate temperature, pressure, and flow of ingredients.",0.0
51-3093.00,"Listen for malfunction alarms, and shut down equipment and notify supervisors when necessary.",0.0
51-3093.00,Remove cooked material or products from equipment.,0.0
51-4021.00,"Install dies, machine screws, and sizing rings on machines that extrude thermoplastic or metal materials.",0.0
51-4012.00,"Determine reference points, machine cutting paths, or hole locations, and compute angular and linear dimensions, radii, and curvatures.",0.0
51-4012.00,Observe machines on trial runs or conduct computer simulations to ensure that programs and machinery will function properly and produce items that meet specifications.,0.0
51-4012.00,Compare encoded tapes or computer printouts with original part specifications and blueprints to verify accuracy of instructions.,0.0
51-4021.00,"Measure and examine extruded products to locate defects and to check for conformance to specifications, adjusting controls as necessary to alter products.",0.0
51-4021.00,"Determine setup procedures and select machine dies and parts, according to specifications.",0.0
51-4021.00,"Start machines and set controls to regulate vacuum, air pressure, sizing rings, and temperature, and to synchronize speed of extrusion.",0.0
51-4021.00,Reel extruded products into rolls of specified lengths and weights.,0.0
51-4011.00,"Examine electronic components for defects or completeness of laser-beam trimming, using microscopes.",0.0
51-4011.00,"Transfer commands from servers to computer numerical control (CNC) modules, using computer network links.",0.0
51-4011.00,"Measure dimensions of finished workpieces to ensure conformance to specifications, using precision measuring instruments, templates, and fixtures.",0.0
51-4011.00,"Mount, install, align, and secure tools, attachments, fixtures, and workpieces on machines, using hand tools and precision measuring instruments.",0.0
51-3022.00,"Prepare ready-to-heat foods by filleting meat or fish or cutting it into bite-sized pieces, preparing and adding vegetables or applying sauces or breading.",0.0
51-3022.00,"Prepare sausages, luncheon meats, hot dogs, and other fabricated meat products, using meat trimmings and hamburger meat.",0.0
51-3022.00,Clean and salt hides.,0.0
51-2041.00,"Hammer, chip, and grind workpieces to cut, bend, and straighten metal.",0.0
51-2041.00,"Position, align, fit, and weld parts to form complete units or subunits, following blueprints and layout specifications, and using jigs, welding torches, and hand tools.",0.0
51-2041.00,Study engineering drawings and blueprints to determine materials requirements and task sequences.,0.0
51-2041.00,"Set up and operate fabricating machines, such as brakes, rolls, shears, flame cutters, grinders, and drill presses, to bend, cut, form, punch, drill, or otherwise form and assemble metal components.",0.0
51-2041.00,Lay out and examine metal stock or workpieces to be processed to ensure that specifications are met.,0.0
51-2091.00,"Release air bubbles and smooth seams, using rollers.",0.0
51-2091.00,"Spray chopped fiberglass, resins, and catalysts onto prepared molds or dies using pneumatic spray guns with chopper attachments.",0.0
51-2091.00,"Select precut fiberglass mats, cloth, and wood-bracing materials as required by projects being assembled.",0.0
51-2091.00,"Pat or press layers of saturated mat or cloth into place on molds, using brushes or hands, and smooth out wrinkles and air bubbles with hands or squeegees.",0.0
51-2091.00,"Mix catalysts into resins, and saturate cloth and mats with mixtures, using brushes.",0.0
51-2023.00,"Clean and lubricate parts and subassemblies, using grease paddles or oilcans.",0.0
51-2023.00,"Inspect, test, and adjust completed units to ensure that units meet specifications, tolerances, and customer order requirements.",0.0
51-2023.00,"Assemble parts or units, and position, align, and fasten units to assemblies, subassemblies, or frames, using hand tools and power tools.",0.0
51-2023.00,"Position, align, and adjust parts for proper fit and assembly.",0.0
51-2023.00,"Connect cables, tubes, and wiring, according to specifications.",0.0
51-2031.00,Maintain and lubricate parts or components.,0.0
51-2031.00,"Inspect, operate, and test completed products to verify functioning, machine capabilities, or conformance to customer specifications.",0.0
51-2031.00,"Position or align components for assembly, manually or using hoists.",0.0
51-2031.00,Set and verify parts clearances.,0.0
51-2031.00,"Fasten or install piping, fixtures, or wiring and electrical components to form assemblies or subassemblies, using hand tools, rivet guns, or welding equipment.",0.0
51-3022.00,Weigh meats and tag containers for weight and contents.,0.0
51-3021.00,"Shape, lace, and tie roasts, using boning knife, skewer, and twine.",0.0
51-3011.00,"Set time and speed controls for mixing machines, blending machines, or steam kettles so that ingredients will be mixed or cooked according to instructions.",0.0
51-3011.00,"Measure or weigh flour or other ingredients to prepare batters, doughs, fillings, or icings, using scales or graduated containers.",0.0
51-3011.00,Check the quality of raw materials to ensure that standards and specifications are met.,0.0
51-3011.00,Adapt the quantity of ingredients to match the amount of items to be baked.,0.0
51-3011.00,"Apply glazes, icings, or other toppings to baked goods, using spatulas or brushes.",0.0
51-3021.00,Prepare special cuts of meat ordered by customers.,0.0
51-3021.00,Estimate requirements and order or requisition meat supplies to maintain inventories.,0.0
51-2093.00,"Tighten or replace loose jewels, using watchmakers' tools.",0.0
51-3021.00,Supervise other butchers or meat cutters.,0.0
51-3021.00,Record quantity of meat received and issued to cooks or keep records of meat sales.,0.0
51-3022.00,"Use knives, cleavers, meat saws, bandsaws, or other equipment to perform meat cutting and trimming.",0.0
51-2093.00,"Examine and adjust hairspring assemblies to ensure horizontal and circular alignment of hairsprings, using calipers, loupes, and watchmakers' tools.",0.0
51-2092.00,Supervise assemblers and train employees on job procedures.,0.0
51-2092.00,Perform quality checks on products and parts.,0.0
51-2092.00,Package finished products and prepare them for shipment.,0.0
51-2092.00,Rotate through all the tasks required in a particular production process.,0.0
51-2092.00,"Shovel, sweep, or otherwise clean work areas.",0.0
51-2093.00,"Turn wheels of calipers and examine springs, using loupes, to determine if center coils appear as perfect circles.",0.0
51-2093.00,"Assemble and install components of timepieces to complete mechanisms, using watchmakers' tools and loupes.",0.0
31-1011.00,"Check patients' pulse, temperature, and respiration.",0.0
17-2199.07,"Design gas lasers, solid state lasers, infrared, or other light emitting or light sensitive devices.",0.0
17-2199.06,"Validate fabrication processes for microelectromechanical systems (MEMS), using statistical process control implementation, virtual process simulations, data mining, or life testing.",0.0
17-2199.07,"Design, integrate, or test photonics systems or components.",0.0
17-2199.07,"Develop optical or imaging systems, such as optical imaging products, optical components, image processes, signal process technologies, or optical systems.",0.0
17-2199.06,"Refine final microelectromechanical systems (MEMS) design to optimize design for target dimensions, physical tolerances, or processing constraints.",0.0
17-2199.08,"Review or approve designs, calculations, or cost estimates.",0.0
17-2199.06,"Research or develop emerging microelectromechanical (MEMS) systems to convert nontraditional energy sources into power, such as ambient energy harvesters that convert environmental vibrations into usable energy.",0.0
17-2199.05,"Design or develop automated control systems for environmental applications, such as waste processing, air quality, or water quality systems.",0.0
17-2199.05,"Design self-monitoring mechanical systems, such as gear systems that monitor loading or condition of systems to detect and prevent failures.",0.0
17-2199.05,"Monitor or calibrate automated systems, industrial control systems, or system components to maximize efficiency of production.",0.0
17-2199.05,"Design mechatronics components for computer-controlled products, such as cameras, video recorders, automobiles, or airplanes.",0.0
17-2199.10,Write reports to document wind farm collector system test results.,0.0
17-2199.10,"Create models to optimize the layout of wind farm access roads, crane pads, crane paths, collection systems, substations, switchyards, or transmission lines.",0.0
17-2199.10,Provide engineering technical support to designers of prototype wind turbines.,0.0
17-2199.10,"Investigate experimental wind turbines or wind turbine technologies for properties such as aerodynamics, production, noise, and load.",0.0
17-2199.10,"Develop active control algorithms, electronics, software, electromechanical, or electrohydraulic systems for wind turbines.",0.0
17-2199.11,"Create plans for solar energy system development, monitoring, and evaluation activities.",0.0
17-2199.11,"Conduct engineering site audits to collect structural, electrical, and related site information for use in the design of residential or commercial solar power systems.",0.0
17-2199.11,"Design or coordinate design of photovoltaic (PV) or solar thermal systems, including system components, for residential and commercial buildings.",0.0
17-2199.11,"Create electrical single-line diagrams, panel schedules, or connection diagrams for solar electric systems, using computer-aided design (CAD) software.",0.0
17-2199.11,Review specifications and recommend engineering or manufacturing changes to achieve solar design objectives.,0.0
17-2199.09,"Develop green building nanocoatings, such as self-cleaning, anti-stain, depolluting, anti-fogging, anti-icing, antimicrobial, moisture-resistant, or ultraviolet protectant coatings.",0.0
17-2199.05,Create embedded software design programs.,0.0
17-3011.01,"Coordinate structural, electrical, and mechanical designs and determine a method of presentation to graphically represent building plans.",0.0
17-2171.00,"Evaluate findings to develop, design, or test equipment or processes.",0.0
17-2171.00,"Assess costs and estimate the production capabilities and economic value of oil and gas wells, to evaluate the economic viability of potential drilling sites.",0.0
17-2171.00,"Develop plans for oil and gas field drilling, and for product recovery and treatment.",0.0
17-2171.00,"Direct and monitor the completion and evaluation of wells, well testing, or well surveys.",0.0
17-2161.00,Direct environmental compliance activities associated with nuclear plant operations or maintenance.,0.0
17-2199.01,Confer with research and biomanufacturing personnel to ensure the compatibility of design and production.,0.0
17-2199.01,Design or direct bench or pilot production experiments to determine the scale of production methods that optimize product yield and minimize production costs.,0.0
17-2199.01,Develop methodologies for transferring procedures or biological processes from laboratories to commercial-scale manufacturing production.,0.0
17-2161.00,"Prepare environmental impact statements, reports, or presentations for regulatory or other agencies.",0.0
17-2161.00,"Develop or contribute to the development of plans to remediate or restore environments affected by nuclear radiation, such as waste disposal sites.",0.0
17-2151.00,"Design, develop, and implement computer applications for use in mining operations such as mine design, modeling, or mapping or for monitoring mine conditions.",0.0
17-2141.02,"Research computerized automotive applications, such as telemetrics, intelligent transportation systems, artificial intelligence, or automatic control.",0.0
17-2151.00,"Select locations and plan underground or surface mining operations, specifying processes, labor usage, and equipment that will result in safe, economical, and environmentally sound extraction of minerals and ores.",0.0
17-2151.00,"Design, implement, and monitor the development of mines, facilities, systems, or equipment.",0.0
17-2151.00,"Inspect mining areas for unsafe structures, equipment, and working conditions.",0.0
17-2151.00,"Examine maps, deposits, drilling locations, or mines to determine the location, size, accessibility, contents, value, and potential profitability of mineral, oil, and gas deposits.",0.0
17-2161.00,Design fuel cycle models or processes to reduce the quantity of radioactive waste generated from nuclear activities.,0.0
17-2161.00,Initiate corrective actions or order plant shutdowns in emergency situations.,0.0
17-2199.04,Redesign packaging for manufactured products to minimize raw material use or waste.,0.0
17-2199.04,Review product designs for manufacturability or completeness.,0.0
17-2199.04,Train production personnel in new or existing methods.,0.0
17-2199.04,"Communicate manufacturing capabilities, production schedules, or other information to facilitate production processes.",0.0
17-2199.03,Write or install energy management routines for building automation systems.,0.0
17-2199.02,"Conduct validation or qualification tests of new or existing processes, equipment, or software in accordance with internal protocols or external standards.",0.0
17-2199.02,Analyze validation test data to determine whether systems or processes have met validation criteria or to identify root causes of production problems.,0.0
17-2199.02,Coordinate the implementation or scheduling of validation testing with affected departments and personnel.,0.0
17-2199.02,"Prepare, maintain, or review validation and compliance documentation, such as engineering change notices, schematics, or protocols.",0.0
17-2199.03,Consult with construction or renovation clients or other engineers on topics such as Leadership in Energy and Environmental Design (LEED) or Green Buildings.,0.0
17-2199.03,"Manage the development, design, or construction of energy conservation projects to ensure acceptability of budgets and time lines, conformance to federal and state laws, or adherence to approved specifications.",0.0
17-3011.01,"Analyze building codes, by-laws, space and site requirements, and other technical documents and reports to determine their effect on architectural designs.",0.0
17-3011.01,"Draw rough and detailed scale plans for foundations, buildings, and structures, based on preliminary concepts, sketches, engineering calculations, specification sheets, and other data.",0.0
17-3029.08,"Assemble components of energy-efficient optical communications systems involving photonic switches, optical backplanes, or optoelectronic interfaces.",0.0
17-3029.02,Participate in training or continuing education activities to stay abreast of engineering or industry advances.,0.0
17-3027.01,"Recommend product or component design improvements, based on test data or observations.",0.0
17-3027.01,"Recommend tests or testing conditions in accordance with designs, customer requirements, or industry standards to ensure test validity.",0.0
17-3027.01,"Set up mechanical, hydraulic, or electric test equipment in accordance with engineering specifications, standards, or test procedures.",0.0
17-3029.01,"Interpret or evaluate test results in accordance with applicable codes, standards, specifications, or procedures.",0.0
17-3029.01,Make radiographic images to detect flaws in objects while leaving objects intact.,0.0
17-3029.01,"Conduct liquid penetrant tests to locate surface cracks by coating objects with fluorescent dyes, cleaning excess penetrant, and applying developer.",0.0
17-3029.01,"Identify defects in concrete or other building materials, using thermal or infrared testing.",0.0
17-3029.01,"Evaluate material properties, using radio astronomy, voltage and amperage measurement, or rheometric flow measurement.",0.0
17-3029.02,Review electrical engineering plans to ensure adherence to design specifications and compliance with applicable electrical codes and standards.,0.0
17-3029.02,"Calculate design specifications or cost, material, and resource estimates, and prepare project schedules and budgets.",0.0
17-3029.02,"Compile and maintain records documenting engineering schematics, installed equipment, installation or operational problems, resources used, repairs, or corrective action performed.",0.0
17-3029.02,"Install or maintain electrical control systems, industrial automation systems, or electrical equipment, including control circuits, variable speed drives, or programmable logic controllers.",0.0
17-3029.03,Install or program computer hardware or machine or instrumentation software in microprocessor-based systems.,0.0
17-3029.03,"Analyze engineering designs of logic or digital circuitry, motor controls, instrumentation, or data acquisition for implementation into new or existing automated, servomechanical, or other electromechanical systems.",0.0
17-3029.03,"Fabricate or assemble mechanical, electrical, or electronic components or assemblies.",0.0
17-3029.03,"Modify, maintain, or repair electrical, electronic, or mechanical components, equipment, or systems to ensure proper functioning.",0.0
17-3029.03,"Select electromechanical equipment, materials, components, or systems to meet functional specifications.",0.0
17-3027.00,"Review project instructions and specifications to identify, modify and plan requirements fabrication, assembly and testing.",0.0
17-3026.00,Test selected products at specified stages in the production process for performance characteristics or adherence to specifications.,0.0
17-3026.00,Compile and evaluate statistical data to determine and maintain quality and reliability of products.,0.0
17-3026.00,"Study time, motion, methods, or speed involved in maintenance, production, or other operations to establish standard production rate or improve efficiency.",0.0
17-3026.00,"Read worker logs, product processing sheets, or specification sheets to verify that records adhere to quality assurance specifications.",0.0
17-3026.00,Verify that equipment is being operated and maintained according to quality assurance standards by observing worker performance.,0.0
17-3027.00,"Read dials and meters to determine amperage, voltage, electrical output and input at specific operating temperature to analyze parts performance.",0.0
17-3027.00,"Analyze test results in relation to design or rated specifications and test objectives, and modify or adjust equipment to meet specifications.",0.0
17-3027.00,Evaluate tool drawing designs by measuring drawing dimensions and comparing with original specifications for form and function using engineering skills.,0.0
17-3025.00,Improve chemical processes to reduce toxic emissions.,0.0
17-3029.08,"Mix, pour, or use processing chemicals or gases according to safety standards or established operating procedures.",0.0
17-3029.07,"Prepare layouts of machinery, tools, plants, or equipment.",0.0
17-3029.07,"Prepare equipment inspection schedules, reliability schedules, work plans, or other records.",0.0
17-3029.07,Assist mechanical engineers in product testing through activities such as setting up instrumentation for automobile crash tests.,0.0
17-3029.07,"Analyze energy requirements and distribution systems to maximize the use of intermittent or inflexible renewable energy sources, such as wind or nuclear.",0.0
17-3029.08,"Maintain clean working environments, according to clean room standards.",0.0
17-3029.08,Compute or record photonic test data.,0.0
17-3029.08,"Adjust or maintain equipment, such as lasers, laser systems, microscopes, oscilloscopes, pulse generators, power meters, beam analyzers, or energy measurement devices.",0.0
17-3029.06,Recommend corrective or preventive actions to assure or improve product quality or reliability.,0.0
17-3029.04,"Set up and operate specialized or standard test equipment to diagnose, test, or analyze the performance of electronic components, assemblies, or systems.",0.0
17-3029.04,"Replace defective components or parts, using hand tools and precision instruments.",0.0
17-3029.04,"Select electronics equipment, components, or systems to meet functional specifications.",0.0
17-3029.04,"Integrate software or hardware components, using computer, microprocessor, or control architecture.",0.0
17-3029.04,Educate equipment operators on the proper use of equipment.,0.0
17-3029.05,"Develop or implement programs to address problems related to production, materials, safety, or quality.",0.0
17-3029.05,Oversee or inspect production processes.,0.0
17-3029.05,"Analyze, estimate, or report production costs.",0.0
17-3029.05,Conduct statistical studies to analyze or compare production costs for sustainable and nonsustainable designs.,0.0
17-3029.06,"Prepare layouts, drawings, or sketches of machinery or equipment, such as shop tooling, scale layouts, or new equipment design, using drafting equipment or computer-aided design (CAD) software.",0.0
17-3029.06,"Identify opportunities for improvements in quality, cost, or efficiency of automation equipment.",0.0
17-3029.06,"Coordinate equipment purchases, installations, or transfers.",0.0
17-3029.06,Select material quantities or processing methods needed to achieve efficient production.,0.0
17-3025.00,"Obtain product information, identify vendors or suppliers, or order materials or equipment to maintain inventory.",0.0
17-3025.00,Create models to demonstrate or predict the process by which pollutants move through or impact an environment.,0.0
17-3011.01,"Lay out and plan interior room arrangements for commercial buildings, using computer-assisted drafting (CAD) equipment and software.",0.0
17-3021.00,"Fabricate and install parts and systems to be tested in test equipment, using hand tools, power tools, and test instruments.",0.0
17-3013.00,"Compute mathematical formulas to develop and design detailed specifications for components or machinery, using computer-assisted equipment.",0.0
17-3013.00,Position instructions and comments onto drawings.,0.0
17-3013.00,"Lay out, draw, and reproduce illustrations for reference manuals and technical publications to describe operation and maintenance of mechanical systems.",0.0
17-3013.00,Confer with customer representatives to review schematics and answer questions pertaining to installation of systems.,0.0
17-3013.00,"Supervise and train other drafters, technologists, and technicians.",0.0
17-3021.00,"Inspect, diagnose, maintain, and operate test setups and equipment to detect malfunctions.",0.0
17-3021.00,"Record and interpret test data on parts, assemblies, and mechanisms.",0.0
17-3021.00,Confer with engineering personnel regarding details and implications of test procedures and results.,0.0
17-3021.00,"Construct and maintain test facilities for aircraft parts and systems, according to specifications.",0.0
17-3022.00,Read and review project blueprints and structural specifications to determine dimensions of structure or system and material requirements.,0.0
17-3022.00,"Confer with supervisor to determine project details such as plan preparation, acceptance testing, and evaluation of field conditions.",0.0
17-3022.00,Inspect project site and evaluate contractor work to detect design malfunctions and ensure conformance to design specifications and applicable codes.,0.0
17-3022.00,"Develop plans and estimate costs for installation of systems, utilization of facilities, or construction of structures.",0.0
17-3023.01,"Read blueprints, wiring diagrams, schematic drawings, or engineering instructions for assembling electronics units, applying knowledge of electronic theory and components.",0.0
17-3023.01,"Identify and resolve equipment malfunctions, working with manufacturers or field representatives as necessary to procure replacement parts.",0.0
17-3023.01,Maintain system logs or manuals to document testing or operation of equipment.,0.0
17-3012.01,"Select drill size to drill test head, according to test design and specifications, and submit guide layout to designated department.",0.0
17-3011.01,"Obtain and assemble data to complete architectural designs, visiting job sites to compile measurements as necessary.",0.0
17-3011.02,"Determine the order of work and method of presentation, such as orthographic or isometric drawing.",0.0
17-3011.02,Calculate excavation tonnage and prepare graphs and fill-hauling diagrams for use in earth-moving operations.,0.0
17-3011.02,"Correlate, interpret, and modify data obtained from topographical surveys, well logs, and geophysical prospecting reports.",0.0
17-3011.02,"Calculate weights, volumes, and stress factors and their implications for technical aspects of designs.",0.0
17-3011.02,Explain drawings to production or construction teams and provide adjustments as necessary.,0.0
17-3012.01,Plot electrical test points on layout sheets and draw schematics for wiring test fixture heads to frames.,0.0
17-3012.01,Copy drawings of printed circuit board fabrication using print machine or blueprinting procedure.,0.0
17-3012.02,Confer with engineering staff and other personnel to resolve problems.,0.0
17-3012.02,"Measure factors that affect installation and arrangement of equipment, such as distances to be spanned by wire and cable.",0.0
17-3012.02,"Design electrical systems, such as lighting systems.",0.0
17-3023.01,"Assemble, test, or maintain circuitry or electronic components, according to engineering instructions, technical manuals, or knowledge of electronics, using hand or power tools.",0.0
17-3025.00,Oversee support staff.,0.0
17-3024.01,"Program complex robotic systems, such as vision systems.",0.0
17-3024.01,"Train robots, using artificial intelligence software or interactive training techniques, to perform simple or complex tasks, such as designing and carrying out a series of iterative tests of chemical samples.",0.0
17-3024.01,"Fabricate housings, jigs, fittings, or fixtures, using metalworking machines.",0.0
17-3024.01,Develop three-dimensional simulations of automation systems.,0.0
17-3024.01,"Evaluate the efficiency and reliability of industrial robotic systems, reprogramming or calibrating to achieve maximum quantity and quality.",0.0
17-3024.00,"Repair, rework, or calibrate hydraulic or pneumatic assemblies or systems to meet operational specifications or tolerances.",0.0
17-3023.03,"Assemble electrical systems or prototypes, using hand tools or measuring instruments.",0.0
17-3023.03,"Review existing electrical engineering criteria to identify necessary revisions, deletions, or amendments to outdated material.",0.0
17-3023.03,"Modify electrical prototypes, parts, assemblies, or systems to correct functional deviations.",0.0
17-3023.03,Interpret test information to resolve design-related problems.,0.0
17-3024.00,"Test performance of electromechanical assemblies, using test instruments such as oscilloscopes, electronic voltmeters, or bridges.",0.0
17-3024.00,"Read blueprints, schematics, diagrams, or technical orders to determine methods and sequences of assembly.",0.0
17-3024.00,Inspect parts for surface defects.,0.0
17-3024.00,"Install electrical or electronic parts and hardware in housings or assemblies, using soldering equipment and hand tools.",0.0
17-2141.02,"Design vehicles for increased recyclability or use of natural, renewable, or recycled materials in vehicle construction.",0.0
17-2051.00,Analyze manufacturing processes or byproducts to identify engineering solutions to minimize the output of carbon or other pollutants.,0.0
17-2051.00,Inspect project sites to monitor progress and ensure conformance to design specifications and safety or sanitation standards.,0.0
17-2051.00,"Compute load and grade requirements, water flow rates, or material stress factors to determine design specifications.",0.0
17-2051.00,"Test soils or materials to determine the adequacy and strength of foundations, concrete, asphalt, or steel.",0.0
17-2051.00,"Manage and direct the construction, operations, or maintenance activities at project site.",0.0
17-2051.01,"Design or prepare plans for new transportation systems or parts of systems, such as airports, commuter trains, highways, streets, bridges, drainage structures, or roadway lighting.",0.0
17-2041.00,Prepare estimate of production costs and production progress reports for management.,0.0
17-2051.01,Investigate traffic problems and recommend methods to improve traffic flow or safety.,0.0
17-2051.01,"Check construction plans, design calculations, or cost estimations to ensure completeness, accuracy, or conformity to engineering standards or practices.",0.0
17-2041.00,Design measurement and control systems for chemical plants based on data collected in laboratory experiments and in pilot plant operations.,0.0
17-2041.00,Design and plan layout of equipment.,0.0
17-2021.00,"Meet with clients, such as district or regional councils, farmers, and developers, to discuss their needs.",0.0
17-2021.00,"Prepare reports, sketches, working drawings, specifications, proposals, and budgets for proposed sites or systems.",0.0
17-2021.00,"Provide advice on water quality and issues related to pollution management, river control, and ground and surface water resources.",0.0
17-2021.00,Design and supervise environmental and land reclamation projects in agriculture and related industries.,0.0
17-2021.00,"Design agricultural machinery components and equipment, using computer-aided design (CAD) technology.",0.0
17-2041.00,"Perform tests and monitor performance of processes throughout stages of production to determine degree of control over variables such as temperature, density, specific gravity, and pressure.",0.0
17-2031.00,"Research new materials to be used for products, such as implanted artificial organs.",0.0
17-2031.00,Develop models or computer simulations of human biobehavioral systems to obtain data for measuring or controlling life processes.,0.0
17-2031.00,Adapt or design computer hardware or software for medical science uses.,0.0
17-2031.00,"Evaluate the safety, efficiency, and effectiveness of biomedical equipment.",0.0
17-2041.00,Troubleshoot problems with chemical manufacturing processes.,0.0
17-2011.00,Design or engineer filtration systems that reduce harmful emissions.,0.0
17-2072.00,"Plan or develop applications or modifications for electronic properties used in components, products, or systems to improve technical performance.",0.0
17-2071.00,"Design electrical systems or components that minimize electric energy requirements, such as lighting systems designed to account for natural lighting.",0.0
17-2072.01,Identify operational requirements for new systems to inform selection of technological solutions.,0.0
17-2072.01,"Integrate tags, readers, or software in radio frequency identification device (RFID) designs.",0.0
17-2072.01,Perform systems analysis or programming of radio frequency identification device (RFID) technology.,0.0
17-2072.01,Test radio frequency identification device (RFID) software to ensure proper functioning.,0.0
17-2061.00,"Test and verify hardware and support peripherals to ensure that they meet specifications and requirements, by recording and analyzing test data.",0.0
17-2011.00,Evaluate biofuel performance specifications to determine feasibility for aerospace applications.,0.0
17-2011.00,"Design new or modify existing aerospace systems to reduce polluting emissions, such as nitrogen oxide, carbon monoxide, or smoke emissions.",0.0
17-1011.00,Represent clients in obtaining bids or awarding construction contracts.,0.0
17-1011.00,"Prepare scale drawings or architectural designs, using computer-aided design or other tools.",0.0
17-1011.00,"Plan or design structures such as residences, office buildings, theatres, factories, or other structural properties in accordance with environmental, safety, or other regulations.",0.0
17-1012.00,"Confer with clients, engineering personnel, or architects on landscape projects.",0.0
17-1012.00,"Prepare site plans, specifications, or cost estimates for land development.",0.0
17-1012.00,"Analyze data on conditions such as site location, drainage, or structure location for environmental reports or landscaping plans.",0.0
17-1012.00,"Inspect landscape work to ensure compliance with specifications, evaluate quality of materials or work, or advise clients or construction personnel.",0.0
17-1012.00,Prepare graphic representations or drawings of proposed plans or designs.,0.0
15-2041.01,Assign work to biostatistical assistants or programmers.,0.0
17-2011.00,Review aerospace engineering designs to determine how to reduce negative environmental impacts.,0.0
17-1022.01,Distribute compiled geodetic data to government agencies or the general public.,0.0
17-1022.00,"Survey bodies of water to determine navigable channels and to secure data for construction of breakwaters, piers, and other marine structures.",0.0
17-1022.00,Direct aerial surveys of specified geographical areas.,0.0
17-1022.01,Analyze control or survey data to ensure adherence to project specifications or land survey standards.,0.0
17-1022.01,Verify the mathematical correctness of newly collected survey data.,0.0
17-1022.01,"Plan or direct the work of geodetic surveying staff, providing technical consultation as needed.",0.0
17-1022.01,"Assess the quality of control data to determine the need for additional survey data for engineering, construction, or other projects.",0.0
17-1022.00,Analyze survey objectives and specifications to prepare survey proposals or to direct others in survey proposal preparation.,0.0
17-1022.00,Develop criteria for survey methods and procedures.,0.0
17-1021.00,"Identify, scale, and orient geodetic points, elevations, and other planimetric or topographic features, applying standard mathematical formulas.",0.0
17-1021.00,"Determine map content and layout, as well as production specifications such as scale, size, projection, and colors, and direct production to ensure that specifications are followed.",0.0
17-1021.00,Inspect final compositions to ensure completeness and accuracy.,0.0
17-2072.01,Select appropriate radio frequency identification device (RFID) tags and determine placement locations.,0.0
17-2131.00,Determine appropriate methods for fabricating and joining materials.,0.0
17-2121.02,"Design complete hull and superstructure according to specifications and test data, in conformity with standards of safety, efficiency, and economy.",0.0
17-2121.02,"Study design proposals and specifications to establish basic characteristics of craft, such as size, weight, speed, propulsion, displacement, and draft.",0.0
17-2121.02,"Oversee construction and testing of prototype in model basin and develop sectional and waterline curves of hull to establish center of gravity, ideal hull form, and buoyancy and stability data.",0.0
17-2121.02,Evaluate performance of craft during dock and sea trials to determine design changes and conformance with national and international standards.,0.0
17-2121.02,"Design layout of craft interior, including cargo space, passenger compartments, ladder wells, and elevators.",0.0
17-2131.00,"Supervise the work of technologists, technicians, and other engineers and scientists.",0.0
17-2131.00,Analyze product failure data and laboratory test results to determine causes of problems and develop solutions.,0.0
17-2131.00,Conduct or supervise tests on raw materials or finished products to ensure their quality.,0.0
17-2131.00,Design and direct the testing or control of processing procedures.,0.0
17-2121.01,"Maintain records of engineering department activities, including expense records and details of equipment maintenance and repairs.",0.0
17-2141.00,"Research, design, evaluate, install, operate, or maintain mechanical products, equipment, systems or processes to meet requirements.",0.0
17-2121.01,"Schedule machine overhauls and the servicing of electrical, heating, ventilation, refrigeration, water, and sewage systems.",0.0
17-2121.01,Maintain and coordinate repair of marine machinery and equipment for installation on vessels.,0.0
17-2112.01,Integrate human factors requirements into operational hardware.,0.0
17-2112.01,Train users in task techniques or ergonomic principles.,0.0
17-2112.01,"Develop or implement research methodologies or statistical analysis plans to test and evaluate developmental prototypes used in new products or processes, such as cockpit designs, user workstations, or computerized human models.",0.0
17-2141.01,Recommend or implement changes to fuel cell system designs.,0.0
17-2141.01,Provide technical consultation or direction related to the development or production of fuel cell systems.,0.0
17-2141.01,Develop or evaluate systems or methods of hydrogen storage for fuel cell applications.,0.0
17-2141.01,"Evaluate the power output, system cost, or environmental impact of new hydrogen or non-hydrogen fuel cell system designs.",0.0
17-2141.01,"Authorize release of fuel cell parts, components, or subsystems for production.",0.0
17-2081.01,"Analyze storm water or floodplain drainage systems to control erosion, stabilize river banks, repair channel streams, or design bridges.",0.0
17-2081.00,"Prepare, maintain, or revise quality assurance documentation or procedures.",0.0
17-2081.00,"Assist in budget implementation, forecasts, or administration.",0.0
17-2081.00,"Provide environmental engineering assistance in network analysis, regulatory analysis, or planning or reviewing database development.",0.0
17-2081.00,Inform company employees or other interested parties of environmental issues.,0.0
17-2081.01,"Provide technical direction or supervision to junior engineers, engineering or computer-aided design (CAD) technicians, or other technical personnel.",0.0
17-2081.01,"Design pumping systems, pumping stations, pipelines, force mains, or sewers for the collection of wastewater.",0.0
17-2081.01,"Design domestic or industrial water or wastewater treatment plants, including advanced facilities with sequencing batch reactors (SBR), membranes, lift stations, headworks, surge overflow basins, ultraviolet disinfection systems, aerobic digesters, sludge lagoons, or control buildings.",0.0
17-2081.01,Design or select equipment for use in wastewater processing to ensure compliance with government standards.,0.0
17-2112.00,"Confer with clients, vendors, staff, and management personnel regarding purchases, product and production specifications, manufacturing capabilities, or project status.",0.0
17-2111.03,Evaluate potential health hazards or damage that could occur from product misuse.,0.0
17-2111.03,Participate in preparation of product usage and precautionary label instructions.,0.0
17-2111.03,"Recommend procedures for detection, prevention, and elimination of physical, chemical, or other product hazards.",0.0
17-2111.03,Conduct research to evaluate safety levels for products.,0.0
17-2112.00,Plan and establish sequence of operations to fabricate and assemble parts or products and to promote efficient utilization.,0.0
17-2112.00,"Review production schedules, engineering specifications, orders, and related information to obtain knowledge of manufacturing methods, procedures, and activities.",0.0
17-2112.00,"Estimate production costs, cost saving methods, and the effects of product design changes on expenditures for management review, action, and control.",0.0
17-2112.00,"Draft and design layout of equipment, materials, and workspace to illustrate maximum efficiency using drafting tools and computer.",0.0
17-2111.02,Evaluate fire department performance and the laws and regulations affecting fire prevention or fire safety.,0.0
17-2111.02,"Attend workshops, seminars, or conferences to present or obtain information regarding fire prevention and protection.",0.0
17-2111.02,Conduct research on fire retardants and the fire safety of materials and devices.,0.0
17-2111.02,Develop training materials and conduct training sessions on fire protection.,0.0
17-2111.01,"Maintain and apply knowledge of current policies, regulations, and industrial processes.",0.0
17-2111.01,"Investigate industrial accidents, injuries, or occupational diseases to determine causes and preventive measures.",0.0
17-2111.01,Review plans and specifications for construction of new machinery or equipment to determine whether all safety requirements have been met.,0.0
17-2111.01,"Report or review findings from accident investigations, facilities inspections, or environmental testing.",0.0
17-2111.01,Interview employers and employees to obtain information about work environments and workplace incidents.,0.0
17-2111.02,"Inspect buildings or building designs to determine fire protection system requirements and potential problems in areas such as water supplies, exit locations, and construction materials.",0.0
19-3092.00,"Collect data on physical characteristics of specified areas, such as geological formations, climates, and vegetation, using surveying or meteorological equipment.",0.0
19-3091.02,"Consult site reports, existing artifacts, and topographic maps to identify archeological sites.",0.0
19-3091.02,Develop and test theories concerning the origin and development of past cultures.,0.0
19-3091.02,"Lead field training sites and train field staff, students, and volunteers in excavation methods.",0.0
19-3091.02,"Clean, restore, and preserve artifacts.",0.0
19-3092.00,"Analyze geographic distributions of physical and cultural phenomena on local, regional, continental, or global scales.",0.0
19-3092.00,"Develop, operate, and maintain geographical information computer systems, including hardware, software, plotters, digitizers, printers, and video cameras.",0.0
19-3092.00,"Provide consulting services in fields such as resource development and management, business location and market area analysis, environmental hazards, regional cultural history, and urban social planning.",0.0
19-3093.00,"Conserve and preserve manuscripts, records, and other artifacts.",0.0
19-3093.00,"Conduct historical research as a basis for the identification, conservation, and reconstruction of historic places and materials.",0.0
19-3093.00,"Research and prepare manuscripts in support of public programming and the development of exhibits at historic sites, museums, libraries, and archives.",0.0
19-3093.00,"Present historical accounts in terms of individuals or social, ethnic, political, economic, or geographic groupings.",0.0
19-3091.01,Formulate general rules that describe and predict the development and behavior of cultures and social institutions.,0.0
19-3051.00,Mediate community disputes or assist in developing alternative plans or recommendations for programs or projects.,0.0
19-3051.00,"Keep informed about economic or legal issues involved in zoning codes, building codes, or environmental regulations.",0.0
19-3051.00,Assess the feasibility of land use proposals and identify necessary changes.,0.0
19-3051.00,Supervise or coordinate the work of urban planning technicians or technologists.,0.0
19-3051.00,"Identify opportunities or develop plans for sustainability projects or programs to improve energy efficiency, minimize pollution or waste, or restore natural systems.",0.0
19-3091.01,"Plan and direct research to characterize and compare the economic, demographic, health care, social, political, linguistic, and religious institutions of distinct cultural groups, communities, and organizations.",0.0
19-4011.01,"Prepare culture media, following standard procedures.",0.0
19-4011.01,Supervise or train agricultural technicians or farm laborers.,0.0
19-4011.01,"Perform crop production duties, such as tilling, hoeing, pruning, weeding, or harvesting crops.",0.0
19-4011.01,"Record environmental data from field samples of soil, air, water, or pests to monitor the effectiveness of integrated pest management (IPM) practices.",0.0
19-4011.02,"Record or compile test results or prepare graphs, charts, or reports.",0.0
19-4011.02,"Conduct standardized tests on food, beverages, additives, or preservatives to ensure compliance with standards and regulations regarding factors such as color, texture, or nutrients.",0.0
19-3099.01,"Produce environmental documents, such as environmental assessments or environmental impact statements.",0.0
19-3099.01,Prepare reports or recommendations on transportation planning.,0.0
19-3099.01,"Recommend transportation system improvements or projects, based on economic, population, land-use, or traffic projections.",0.0
19-3099.01,"Participate in public meetings or hearings to explain planning proposals, to gather feedback from those affected by projects, or to achieve consensus on project designs.",0.0
19-3011.01,Develop programs or policy recommendations to achieve environmental goals in cost-effective ways.,0.0
19-3011.01,"Perform complex, dynamic, and integrated mathematical modeling of ecological, environmental, or economic systems.",0.0
19-3011.01,Write research proposals and grant applications to obtain private or public funding for environmental and economic studies.,0.0
19-3031.01,"Compile and interpret students' test results, along with information from teachers and parents, to diagnose conditions and to help assess eligibility for special services.",0.0
19-3031.01,"Select, administer, and score psychological tests.",0.0
19-3031.01,"Interpret test results and prepare psychological reports for teachers, administrators, and parents.",0.0
19-2099.01,Participate in fieldwork.,0.0
19-2099.01,"Analyze data acquired from aircraft, satellites, or ground-based platforms, using statistical analysis software, image analysis software, or Geographic Information Systems (GIS).",0.0
19-2099.01,Manage or analyze data obtained from remote sensing systems to obtain meaningful results.,0.0
19-2099.01,Process aerial or satellite imagery to create products such as land cover maps.,0.0
19-3011.00,"Teach theories, principles, and methods of economics.",0.0
19-3011.00,"Study the socioeconomic impacts of new public policies, such as proposed legislation, taxes, services, and regulations.",0.0
19-3039.01,Design or implement rehabilitation plans for patients with cognitive dysfunction.,0.0
19-3039.01,Establish neurobehavioral baseline measures for monitoring progressive cerebral disease or recovery.,0.0
19-3039.01,"Diagnose and treat psychiatric populations for conditions such as somatoform disorder, dementias, and psychoses.",0.0
19-3041.00,"Plan and conduct research to develop and test theories about societal issues such as crime, group relations, poverty, and aging.",0.0
19-3031.02,"Refer clients to other specialists, institutions, or support services as necessary.",0.0
19-3031.02,Write reports on clients and maintain required paperwork.,0.0
19-3031.02,"Consult with or provide consultation to other doctors, therapists, or clinicians regarding patient care.",0.0
19-3031.02,"Obtain and study medical, psychological, social, and family histories by interviewing individuals, couples, or families and by reviewing records.",0.0
19-3031.02,"Develop and implement individual treatment plans, specifying type, frequency, intensity, and duration of therapy.",0.0
19-3031.03,"Document patient information including session notes, progress notes, recommendations, and treatment plans.",0.0
19-3031.03,"Counsel individuals, groups, or families to help them understand problems, deal with crisis situations, define goals, and develop realistic action plans.",0.0
19-3031.03,Advise clients on how they could be helped by counseling.,0.0
19-3031.03,"Consult with other professionals, agencies, or universities to discuss therapies, treatments, counseling resources or techniques, and to share occupational information.",0.0
19-4099.01,"Monitor testing procedures to ensure that all tests are performed according to established item specifications, standard test methods, or protocols.",0.0
19-4093.00,"Install gauges, stream flow recorders, and soil moisture measuring instruments, and collect and record data from them to assist with watershed analysis.",0.0
19-4099.01,"Conduct routine and non-routine analyses of in-process materials, raw materials, environmental samples, finished goods, or stability samples.",0.0
19-4099.01,"Interpret test results, compare them to established specifications and control limits, and make recommendations on appropriateness of data for release.",0.0
19-4099.01,Perform visual inspections of finished products.,0.0
19-4093.00,"Provide technical support to forestry research programs in areas such as tree improvement, seed orchard operations, insect and disease surveys, or experimental forestry and forest engineering research.",0.0
19-4099.02,"Collect information about soil or field attributes, yield data, or field boundaries, using field data recorders and basic geographic information systems (GIS).",0.0
19-4099.02,"Create, layer, and analyze maps showing precision agricultural data, such as crop yields, soil characteristics, input applications, terrain, drainage patterns, or field management history.",0.0
19-4093.00,"Measure distances, clean sightlines, and record data to help survey crews.",0.0
19-4093.00,"Issue fire permits, timber permits, and other forest use licenses.",0.0
19-4099.02,"Divide agricultural fields into georeferenced zones, based on soil characteristics and production potentials.",0.0
19-4092.00,Analyze gunshot residue and bullet paths to determine how shootings occurred.,0.0
19-4092.00,Reconstruct crime scenes to determine relationships among pieces of evidence.,0.0
19-4092.00,Operate and maintain laboratory equipment and apparatus.,0.0
19-4092.00,"Confer with ballistics, fingerprinting, handwriting, documents, electronics, medical, chemical, or metallurgical experts concerning evidence and its interpretation.",0.0
19-4092.00,"Prepare solutions, reagents, or sample formulations needed for laboratory work.",0.0
19-4099.02,Document and maintain records of precision agriculture information.,0.0
19-4099.02,"Compare crop yield maps with maps of soil test data, chemical application patterns, or other information to develop site-specific crop management plans.",0.0
21-1011.00,Plan or implement follow-up or aftercare programs for clients to be discharged from treatment programs.,0.0
21-1011.00,"Interview clients, review records, and confer with other professionals to evaluate individuals' mental and physical condition and to determine their suitability for participation in a specific program.",0.0
21-1011.00,"Develop client treatment plans based on research, clinical experience, and client histories.",0.0
21-1011.00,Review and evaluate clients' progress in relation to measurable goals described in treatment and care plans.,0.0
19-4099.03,"Provide remote sensing data for use in addressing environmental issues, such as surface water modeling or dust cloud detection.",0.0
19-4099.03,Integrate remotely sensed data with other geospatial data.,0.0
19-4021.00,Keep detailed logs of all work-related activities.,0.0
19-4041.02,"Plot information from aerial photographs, well logs, section descriptions, or other databases.",0.0
19-4041.01,"Measure geological characteristics used in prospecting for oil or gas, using measuring instruments.",0.0
19-4041.01,"Evaluate and interpret core samples and cuttings, and other geological data used in prospecting for oil or gas.",0.0
19-4041.01,Develop and design packing materials and handling procedures for shipping of objects.,0.0
19-4041.02,Collect or prepare solid or fluid samples for analysis.,0.0
19-4041.02,"Participate in geological, geophysical, geochemical, hydrographic, or oceanographic surveys, prospecting field trips, exploratory drilling, well logging, or underground mine survey programs.",0.0
19-4051.01,Follow policies and procedures for radiation workers to ensure personnel safety.,0.0
19-4051.01,"Adjust controls of equipment to control particle beam movement, pulse rates, energy or intensity, or radiation, according to specifications.",0.0
19-4051.01,"Perform testing, maintenance, repair, or upgrading of accelerator systems.",0.0
19-4051.01,Warn maintenance workers of radiation hazards and direct workers to vacate hazardous areas.,0.0
19-4051.01,"Communicate with accelerator maintenance personnel to ensure readiness of support systems, such as vacuum, water cooling, or radio frequency power sources.",0.0
19-4021.00,"Use computers, computer-interfaced equipment, robotics or high-technology industrial applications to perform work duties.",0.0
19-4021.00,"Clean, maintain and prepare supplies and work areas.",0.0
19-4021.00,"Set up, adjust, calibrate, clean, maintain, and troubleshoot laboratory and field equipment.",0.0
19-4091.00,Prepare samples or photomicrographs for testing and analysis.,0.0
19-4061.01,"Prepare reports, using statistics, charts, and graphs, to illustrate planning studies in areas such as population, land use, or zoning.",0.0
19-4061.01,Respond to public inquiries and complaints.,0.0
19-4061.01,"Conduct interviews, surveys and site inspections concerning factors that affect land usage, such as zoning, traffic flow and housing.",0.0
19-4061.01,"Prepare, maintain and update files and records, including land use data and statistics.",0.0
19-4091.00,"Collect samples of gases, soils, water, industrial wastewater, or asbestos products to conduct tests on pollutant levels or identify sources of pollution.",0.0
19-4091.00,Develop or implement programs for monitoring of environmental pollution or radiation.,0.0
19-4051.02,"Prepare reports describing contamination tests, material or equipment decontaminated, or methods used in decontamination processes.",0.0
19-4051.02,Brief workers on radiation levels in work areas.,0.0
19-4051.02,Calculate safe radiation exposure times for personnel using plant contamination readings and prescribed safe levels of radiation.,0.0
19-4051.02,Monitor personnel to determine the amounts and intensities of radiation exposure.,0.0
19-4051.02,Inform supervisors when individual exposures or area radiation levels approach maximum permissible limits.,0.0
19-2043.00,Compile and evaluate hydrologic information to prepare navigational charts and maps and to predict atmospheric conditions.,0.0
19-2043.00,"Investigate properties, origins, and activities of glaciers, ice, snow, and permafrost.",0.0
19-2043.00,Administer programs designed to ensure the proper sealing of abandoned wells.,0.0
19-1029.02,Supervise technical personnel and postdoctoral research fellows.,0.0
19-1023.00,Raise specimens for study and observation or for use in experiments.,0.0
19-1029.02,Maintain accurate laboratory records and data.,0.0
19-1029.02,"Design molecular or cellular laboratory experiments, oversee their execution, and interpret results.",0.0
19-1023.00,Collect and dissect animal specimens and examine specimens under microscope.,0.0
19-1023.00,"Check for, and ensure compliance with, environmental laws, and notify law enforcement when violations are identified.",0.0
19-1023.00,Prepare collections of preserved specimens or microscopic slides for species identification and study of development or disease.,0.0
19-1022.00,Supervise biological technologists and technicians and other scientists.,0.0
19-1021.00,"Investigate the nature, composition, or expression of genes or research how genetic engineering can impact these processes.",0.0
19-1021.00,"Study spatial configurations of submicroscopic molecules, such as proteins, using x-rays or electron microscopes.",0.0
19-1021.00,"Develop or execute tests to detect diseases, genetic disorders, or other abnormalities.",0.0
19-1022.00,"Study growth, structure, development, and general characteristics of bacteria and other microorganisms to understand their relationship to human, plant, and animal health.",0.0
19-1022.00,"Isolate and maintain cultures of bacteria or other microorganisms in prescribed or developed media, controlling moisture, aeration, temperature, and nutrition.",0.0
19-1022.00,"Observe action of microorganisms upon living tissues of plants, higher animals, and other microorganisms, and on dead organic matter.",0.0
19-1031.02,"Offer advice to rangeland users on water management, forage production methods, and control of brush.",0.0
19-1031.01,"Initiate, schedule, or conduct annual audits or compliance checks of program implementation by local government.",0.0
19-1031.01,"Develop water conservation or harvest plans, using weather information systems, irrigation information management systems, or other sources of daily evapotranspiration (ET) data.",0.0
19-1031.01,Review or approve amendments to comprehensive local water plans or conservation district plans.,0.0
19-1031.01,"Develop or conduct environmental studies, such as plant material field trials or wildlife habitat impact studies.",0.0
19-1031.01,Compile or interpret biodata to determine extent or type of wetlands or to aid in program formulation.,0.0
19-1031.02,"Measure and assess vegetation resources for biological assessment companies, environmental impact statements, and rangeland monitoring programs.",0.0
19-1031.02,"Maintain soil stability and vegetation for non-grazing uses, such as wildlife habitats and outdoor recreation.",0.0
19-1031.02,Mediate agreements among rangeland users and preservationists as to appropriate land use and management.,0.0
19-1031.02,"Manage forage resources through fire, herbicide use, or revegetation to maintain a sustainable yield from the land.",0.0
19-1031.03,"Provide visitor services, such as explaining regulations, answering visitor requests, needs and complaints, and providing information about the park and surrounding areas.",0.0
19-1031.03,Prepare and present illustrated lectures and interpretive talks about park features.,0.0
19-1031.03,"Perform emergency duties to protect human life, government property, and natural features of park.",0.0
19-1031.03,Confer with park staff to determine subjects and schedules for park programs.,0.0
19-1031.03,"Assist with operations of general facilities, such as visitor centers.",0.0
19-2043.00,"Design civil works associated with hydrographic activities and supervise their construction, installation, and maintenance.",0.0
17-3031.02,Design or develop information databases that include geographic or topographic data.,0.0
17-3029.12,"Measure emission of nanodust or nanoparticles during nanocomposite or other nano-scale production processes, using systems such as aerosol detection systems.",0.0
17-3029.12,Measure or mix chemicals or compounds in accordance with detailed instructions or formulas.,0.0
17-3029.12,"Monitor equipment during operation to ensure adherence to specifications for characteristics such as pressure, temperature, or flow.",0.0
17-3029.12,"Operate nanotechnology compounding, testing, processing, or production equipment in accordance with appropriate standard operating procedures, good manufacturing practices, hazardous material restrictions, or health and safety requirements.",0.0
17-3029.12,"Perform functional tests of nano-enhanced assemblies, components, or systems, using equipment such as torque gauges or conductivity meters.",0.0
17-3031.01,"Position and hold the vertical rods, or targets, that theodolite operators use for sighting to measure angles, distances, and elevations.",0.0
17-3031.01,Compare survey computations with applicable standards to determine adequacy of data.,0.0
17-3031.01,"Compile information necessary to stake projects for construction, using engineering plans.",0.0
17-3031.01,"Operate and manage land-information computer systems, performing tasks such as storing data, making inquiries, and producing plots and reports.",0.0
17-3031.01,Provide assistance in the development of methods and procedures for conducting field surveys.,0.0
17-3031.02,"Check all layers of maps to ensure accuracy, identifying and marking errors and making corrections.",0.0
17-3031.02,"Produce or update overlay maps to show information boundaries, water locations, or topographic features on various base maps or at different scales.",0.0
17-3031.02,"Determine scales, line sizes, or colors to be used for hard copies of computerized maps, using plotters.",0.0
17-3031.02,"Analyze aerial photographs to detect and interpret significant military, industrial, resource, or topographical data.",0.0
19-1011.00,"Study effects of management practices, processing methods, feed, or environmental conditions on quality and quantity of animal products, such as eggs and milk.",0.0
19-1011.00,"Conduct research concerning animal nutrition, breeding, or management to improve products or processes.",0.0
19-1011.00,Study nutritional requirements of animals and nutritive values of animal feed materials.,0.0
19-1011.00,Research and control animal selection and breeding practices to increase production efficiency and improve animal quality.,0.0
17-3029.09,"Select cleaning materials, tools, or equipment.",0.0
17-3029.09,"Adhere to all applicable regulations, policies, and procedures for health, safety, and environmental compliance.",0.0
17-3029.09,Set up and operate production equipment in accordance with current good manufacturing practices and standard operating procedures.,0.0
17-3029.09,"Calibrate or adjust equipment to ensure quality production, using tools such as calipers, micrometers, height gauges, protractors, or ring gauges.",0.0
17-3029.09,Monitor and adjust production processes or equipment for quality and productivity.,0.0
17-3029.11,"Collaborate with scientists or engineers to design or conduct experiments for the development of nanotechnology materials, components, devices, or systems.",0.0
17-3029.11,"Implement new or enhanced methods or processes for the processing, testing, or manufacture of nanotechnology materials or products.",0.0
17-3029.11,"Inspect or measure thin films of carbon nanotubes, polymers, or inorganic coatings, using a variety of techniques or analytical tools.",0.0
17-3029.11,Collect or compile nanotechnology research or engineering data.,0.0
17-3029.11,Develop or modify wet chemical or industrial laboratory experimental techniques for nanoscale use.,0.0
19-1011.00,Advise producers about improved products and techniques that could enhance their animal production efforts.,0.0
19-1020.01,"Plan and administer biological research programs for government, research firms, medical industries, or manufacturing firms.",0.0
19-1013.00,Conduct research into the use of plant species as green fuels or in the production of green fuels.,0.0
19-1013.00,Plan or supervise land conservation or reclamation programs for industrial development projects.,0.0
19-1013.00,Plan or supervise waste management programs for composting or farming.,0.0
19-1020.01,Collect and analyze biological data about relationships among and between organisms and their environment.,0.0
19-1020.01,Supervise biological technicians and technologists and other scientists.,0.0
19-1012.00,Evaluate food processing and storage operations and assist in the development of quality assurance programs for such operations.,0.0
19-1012.00,"Study methods to improve aspects of foods, such as chemical composition, flavor, color, texture, nutritional value, and convenience.",0.0
19-1012.00,"Test new products for flavor, texture, color, nutritional content, and adherence to government and industry standards.",0.0
19-1012.00,"Develop food standards and production specifications, safety and sanitary regulations, and waste management and water supply specifications.",0.0
19-1012.00,"Develop new or improved ways of preserving, processing, packaging, storing, and delivering foods, using knowledge of chemistry, microbiology, and other sciences.",0.0
19-2041.02,"Develop natural resource management plans, using knowledge of environmental planning or state and federal environmental regulatory requirements.",0.0
19-2041.02,"Plan environmental restoration projects, using biological databases, environmental strategies, and planning software.",0.0
19-2041.02,Communicate findings of environmental studies or proposals for environmental remediation to other restoration professionals.,0.0
19-2041.02,Conduct site assessments to certify a habitat or to ascertain environmental damage or restoration needs.,0.0
19-2041.02,Develop environmental restoration project schedules and budgets.,0.0
19-2041.03,"Identify environmental impacts caused by products, systems, or projects.",0.0
19-2041.03,Identify or develop strategies or methods to minimize the environmental impact of industrial production processes.,0.0
19-2041.03,"Review research literature to maintain knowledge on topics related to industrial ecology, such as physical science, technology, economy, and public policy.",0.0
19-2041.03,Recommend methods to protect the environment or minimize environmental damage from industrial production practices.,0.0
19-2041.01,Present and defend proposals for climate change research projects.,0.0
19-2041.00,Monitor environmental impacts of development activities.,0.0
19-2041.01,"Develop, or contribute to the development of, educational or outreach programs on the environment or climate change.",0.0
19-2041.01,"Provide analytical support for policy briefs related to renewable energy, energy efficiency, or climate change.",0.0
19-2041.01,"Analyze and distill climate-related research findings to inform legislators, regulatory agencies, or other stakeholders.",0.0
19-2041.01,"Make legislative recommendations related to climate change or environmental management, based on climate change policies, principles, programs, practices, and processes.",0.0
19-2042.00,Develop applied software for the analysis and interpretation of geological data.,0.0
19-2042.00,"Test industrial diamonds or abrasives, soil, or rocks to determine their geological characteristics, using optical, x-ray, heat, acid, or precision instruments.",0.0
19-2042.00,Collaborate with medical or health researchers to address health problems related to geological materials or processes.,0.0
19-2042.00,Determine ways to mitigate the negative consequences of mineral dust dispersion.,0.0
19-1042.00,Write and publish articles in scientific journals.,0.0
19-1041.00,"Plan and direct studies to investigate human or animal disease, preventive methods, and treatments for disease.",0.0
19-1041.00,"Communicate research findings on various types of diseases to health practitioners, policy makers, and the public.",0.0
19-1041.00,"Oversee public health programs, including statistical analysis, health care planning, surveillance systems, and public health improvement.",0.0
19-1041.00,"Investigate diseases or parasites to determine cause and risk factors, progress, life cycle, or mode of transmission.",0.0
19-1042.00,"Plan and direct studies to investigate human or animal disease, preventive methods, and treatments for disease.",0.0
19-1042.00,"Conduct research to develop methodologies, instrumentation, and procedures for medical application, analyzing data and presenting findings to the scientific audience and general public.",0.0
19-1042.00,Study animal and human health and physiological processes.,0.0
19-1032.00,Develop new techniques for wood or residue use.,0.0
19-2011.00,Develop theories based on personal observations or on observations and theories of other astronomers.,0.0
19-1032.00,Conduct public educational programs on forest care and conservation.,0.0
19-2032.00,Visit suppliers of materials or users of products to gather specific information.,0.0
19-1032.00,"Choose and prepare sites for new trees, using controlled burning, bulldozers, or herbicides to clear weeds, brush, and logging debris.",0.0
19-1032.00,Monitor contract compliance and results of forestry activities to assure adherence to government regulations.,0.0
19-1032.00,"Plan and supervise forestry projects, such as determining the type, number and placement of trees to be planted, managing tree nurseries, thinning forest and monitoring growth of new seedlings.",0.0
19-2031.00,"Direct, coordinate, or advise personnel in test procedures for analyzing components or physical properties of materials.",0.0
19-2021.00,"Create visualizations to illustrate historical or future changes in the Earth's climate, using paleoclimate or climate geographic information systems (GIS) databases.",0.0
19-2021.00,"Conduct wind assessment, integration, or validation studies.",0.0
19-2021.00,Collect air samples from planes or ships over land or sea to study atmospheric composition.,0.0
19-2021.00,Estimate or predict the effects of global warming over time for specific geographic regions.,0.0
19-2031.00,Conduct quality control tests.,0.0
19-2031.00,Maintain laboratory instruments to ensure proper working order and troubleshoot malfunctions when needed.,0.0
19-2012.00,Describe and express observations and conclusions in mathematical terms.,0.0
19-2032.00,"Conduct research on the structures and properties of materials, such as metals, alloys, polymers, and ceramics, to obtain information that could be used to develop new products or enhance existing ones.",0.0
19-2032.00,Determine ways to strengthen or combine materials or develop new materials with new or specific properties for use in a variety of products and applications.,0.0
19-2012.00,Analyze data from research conducted to detect and measure physical phenomena.,0.0
19-2012.00,Report experimental results by writing papers for scientific journals or by presenting information at scientific conferences.,0.0
11-9121.01,Confer with health care professionals to determine the best recruitment practices for studies.,0.0
11-9121.01,"Maintain required records of study activity including case report forms, drug dispensation records, or regulatory forms.",0.0
11-9121.01,Oversee subject enrollment to ensure that informed consent is properly obtained and documented.,0.0
11-9121.01,"Monitor study activities to ensure compliance with protocols and with all relevant local, federal, and state regulatory and institutional polices.",0.0
11-9121.00,Develop innovative technology or train staff for its implementation.,0.0
11-9121.00,"Provide for stewardship of plant or animal resources or habitats, studying land use, monitoring animal populations, or providing shelter, resources, or medical treatment for animals.",0.0
11-9111.00,"Inspect facilities and recommend building or equipment modifications to ensure emergency readiness and compliance to access, safety, and sanitation regulations.",0.0
11-9081.00,"Arrange telephone answering services, deliver mail and packages, or answer questions regarding locations for eating and entertainment.",0.0
11-9081.00,"Purchase supplies, and arrange for outside services, such as deliveries, laundry, maintenance and repair, and trash collection.",0.0
11-9111.00,"Conduct and administer fiscal operations, including accounting, planning budgets, authorizing expenditures, establishing rates for services, and coordinating financial reporting.",0.0
11-9111.00,"Direct, supervise and evaluate work activities of medical, nursing, technical, clerical, service, maintenance, and other personnel.",0.0
11-9121.02,"Perform hydrologic, hydraulic, or water quality modeling.",0.0
11-9141.00,"Purchase building and maintenance supplies, equipment, or furniture.",0.0
11-9141.00,"Direct collection of monthly assessments, rental fees, and deposits and payment of insurance premiums, mortgage, taxes, and incurred operating expenses.",0.0
11-9131.00,"Confer with suppliers to obtain bids for proposed purchases and to requisition supplies, disbursing funds according to federal regulations.",0.0
11-9151.00,"Provide direct service and support to individuals or clients, such as handling a referral for child advocacy issues, conducting a needs evaluation, or resolving complaints.",0.0
11-9151.00,"Recruit, interview, and hire or sign up volunteers and staff.",0.0
11-9131.00,Select and train postmasters and managers of associate postal units.,0.0
11-9121.02,"Conduct, or oversee the conduct of, investigations on matters such as water storage, wastewater discharge, pollutants, permits, or other compliance and regulatory issues.",0.0
11-9121.02,"Compile water resource data, using geographic information systems (GIS) or global position systems (GPS) software.",0.0
11-9121.02,Develop plans to protect watershed health or rehabilitate watersheds.,0.0
11-9121.02,Develop strategies for watershed operations to meet water supply and conservation goals or to ensure regulatory compliance with clean water laws or regulations.,0.0
11-9131.00,"Inform the public of available services, and of postal laws and regulations.",0.0
11-9131.00,"Direct and coordinate operational, management, and supportive services of one or a number of postal facilities.",0.0
11-9051.00,"Monitor compliance with health and fire regulations regarding food preparation and serving, and building maintenance in lodging and dining facilities.",0.0
11-9041.01,"Develop lab scale models of industrial scale processes, such as fermentation.",0.0
11-9041.01,Oversee biodiesel/biofuels prototyping or development projects.,0.0
11-9041.01,Conduct experiments to test new or alternate feedstock fermentation processes.,0.0
11-9041.01,Develop methods to estimate the efficiency of biomass pretreatments.,0.0
11-9041.01,Develop carbohydrates arrays and associated methods for screening enzymes involved in biomass conversion.,0.0
11-9051.00,"Monitor food preparation methods, portion sizes, and garnishing and presentation of food to ensure that food is prepared and presented in an acceptable manner.",0.0
11-9051.00,Count money and make bank deposits.,0.0
11-9051.00,Coordinate assignments of cooking personnel to ensure economical use of food and timely preparation.,0.0
11-9041.00,"Review, recommend, or approve contracts or cost estimates.",0.0
11-9039.02,"Respond to customer, public, or media requests for information about wellness programs or services.",0.0
11-9039.02,Interpret insurance data or Health Reimbursement Account (HRA) data to develop programs that address specific needs of target populations.,0.0
11-9039.02,Maintain or arrange for maintenance of fitness equipment or facilities.,0.0
11-9041.00,Manage the coordination and overall integration of technical activities in architecture or engineering projects.,0.0
11-9041.00,"Direct, review, or approve project design changes.",0.0
11-9071.00,Direct the compilation of summary sheets that show wager amounts and payoffs for races or events.,0.0
11-9071.00,"Explain and interpret house rules, such as game rules or betting limits.",0.0
11-9071.00,Track supplies of money to tables and perform any required paperwork.,0.0
11-9071.00,Market or promote the casino to bring in business.,0.0
11-9071.00,Prepare work schedules and station arrangements and keep attendance records.,0.0
11-9061.00,Interview and hire new employees.,0.0
11-9061.00,"Sell funeral services, products, or merchandise to clients.",0.0
11-9061.00,"Consult with families or friends of the deceased to arrange funeral details, such as obituary notice wording, casket selection, or plans for services.",0.0
13-1023.00,Arrange the payment of duty and freight charges.,0.0
11-9199.10,"Review civil design, engineering, or construction technical documentation to ensure compliance with applicable government or industrial codes, standards, requirements, or regulations.",0.0
11-9199.09,"Order parts, tools, or equipment needed to maintain, restore, or improve wind field operations.",0.0
11-9199.09,"Provide technical support to wind field customers, employees, or subcontractors.",0.0
11-9199.09,"Track and maintain records for wind operations, such as site performance, downtime events, parts usage, or substation events.",0.0
11-9199.09,"Train or coordinate the training of employees in operations, safety, environmental issues, or technical issues.",0.0
11-9199.10,"Create wind energy project plans, including project scope, goals, tasks, resources, schedules, costs, contingencies, or other project information.",0.0
11-9199.10,"Prepare or assist in the preparation of applications for environmental, building, or other required permits.",0.0
11-9199.10,"Coordinate or direct development, energy assessment, engineering, or construction activities to ensure that wind project needs and objectives are met.",0.0
11-9199.09,"Maintain operations records, such as work orders, site inspection forms, or other documentation.",0.0
11-9199.11,"Coordinate on-site activities for environmental cleanup or remediation projects to ensure compliance with environmental laws, standards, regulations, or other requirements.",0.0
11-9199.11,Estimate costs for environmental cleanup and remediation of land redevelopment projects.,0.0
11-9199.11,Inspect sites to assess environmental damage or monitor cleanup progress.,0.0
11-9199.11,"Prepare reports or presentations to communicate brownfield redevelopment needs, status, or progress.",0.0
11-9199.11,Identify environmental contamination sources.,0.0
11-9199.08,"Advise retail managers on compliance with applicable codes, laws, regulations, or standards.",0.0
11-9199.08,"Monitor compliance to operational, safety, or inventory control procedures, including physical security standards.",0.0
11-9199.08,Visit stores to ensure compliance with company policies and procedures.,0.0
11-9199.08,"Recommend improvements in loss prevention programs, staffing, scheduling, or training.",0.0
13-1022.00,Monitor competitors' sales activities by following their advertisements in newspapers or other media.,0.0
13-1022.00,Buy merchandise or commodities for resale to wholesale or retail consumers.,0.0
13-1022.00,"Negotiate prices, discount terms, or transportation arrangements with suppliers.",0.0
13-1022.00,"Examine, select, order, or purchase merchandise consistent with quality, quantity, specification requirements, or other factors, such as environmental soundness.",0.0
13-1022.00,Obtain information about customer needs or preferences by conferring with sales or purchasing personnel.,0.0
13-1021.00,Calculate applicable government grain quotas.,0.0
13-1021.00,"Estimate land production possibilities, surveying property and studying factors such as crop rotation history, soil fertility, or irrigation facilities.",0.0
13-1021.00,Advise farm groups or growers on land preparation or livestock care techniques that will maximize the quantity and quality of production.,0.0
13-1011.00,Schedule promotional or performance engagements for clients.,0.0
13-1011.00,"Collect fees, commissions, or other payments, according to contract terms.",0.0
13-1011.00,"Develop contacts with individuals and organizations, and apply effective strategies and techniques to ensure their clients' success.",0.0
13-1021.00,"Sell supplies, such as seed, feed, fertilizers, or insecticides, arranging for loans or financing as necessary.",0.0
13-1021.00,Arrange for processing or resale of purchased products.,0.0
11-9199.02,Identify compliance issues that require follow-up or investigation.,0.0
11-9199.01,Participate in the development or implementation of clinical trial protocols.,0.0
11-9199.02,"Maintain documentation of compliance activities, such as complaints received or investigation outcomes.",0.0
11-9199.02,File appropriate compliance reports with regulatory agencies.,0.0
11-9161.00,"Inspect facilities and equipment, such as emergency management centers and communications equipment, to determine their operational and functional capabilities in emergency situations.",0.0
11-9161.00,"Coordinate disaster response or crisis management activities, such as ordering evacuations, opening public shelters, and implementing special needs plans and programs.",0.0
11-9161.00,"Prepare plans that outline operating procedures to be used in response to disasters or emergencies, such as hurricanes, nuclear accidents, and terrorist attacks, and in recovery from these events.",0.0
11-9161.00,"Develop and maintain liaisons with municipalities, county departments, and similar entities to facilitate plan development, response effort coordination, and exchanges of personnel and equipment.",0.0
11-9161.00,Design and administer emergency or disaster preparedness training courses that teach people how to effectively respond to major emergencies and disasters.,0.0
11-9199.04,"Evaluate and select information or other technology solutions to improve tracking and reporting of materials or products distribution, storage, or inventory.",0.0
11-9199.04,"Identify opportunities to reuse or recycle materials to minimize consumption of new materials, minimize waste, or to convert wastes to by-products.",0.0
11-9199.04,Investigate or review the carbon footprints and environmental performance records of current or potential storage and distribution service providers.,0.0
11-9199.04,"Locate or select biodegradable, non-toxic, or other environmentally friendly raw materials for manufacturing processes.",0.0
11-9199.04,"Review or update supply chain practices in accordance with new or changing environmental policies, standards, regulations, or laws.",0.0
11-3031.01,"Supervise employees performing financial reporting, accounting, billing, collections, payroll, and budgeting duties.",0.0
11-3021.00,"Manage backup, security and user help systems.",0.0
11-3031.01,"Coordinate and direct the financial planning, budgeting, procurement, or investment activities of all or part of an organization.",0.0
11-3011.00,"Dispose of, or oversee the disposal of, surplus or unclaimed property.",0.0
11-3011.00,Manage leasing of facility space.,0.0
11-2022.00,Represent company at trade association meetings to promote products.,0.0
11-3011.00,"Participate in architectural and engineering planning and design, including space and installation management.",0.0
11-3011.00,"Direct or coordinate the supportive services department of a business, agency, or organization.",0.0
11-3011.00,Prepare and review operational reports and schedules to ensure accuracy and efficiency.,0.0
11-2022.00,"Direct clerical staff to keep records of export correspondence, bid requests, and credit collections, and to maintain current information on tariffs, licenses, and restrictions.",0.0
11-3051.01,Generate and maintain quality control operating budgets.,0.0
11-3051.01,Instruct staff in quality control and analytical procedures.,0.0
11-3051.01,"Produce reports regarding nonconformance of products or processes, daily production quality, root cause analyses, or quality trends.",0.0
11-3051.01,Participate in the development of product specifications.,0.0
11-3051.02,Supervise employees in geothermal power plants or well fields.,0.0
11-3051.02,"Oversee geothermal plant operations, maintenance, and repairs to ensure compliance with applicable standards or regulations.",0.0
11-3051.02,Communicate geothermal plant conditions to employees.,0.0
11-3051.02,"Identify and evaluate equipment, procedural, or conditional inefficiencies involving geothermal plant systems.",0.0
11-3051.02,Perform or direct the performance of preventative maintenance on geothermal plant equipment.,0.0
11-3051.00,"Review processing schedules or production orders to make decisions concerning inventory requirements, staffing requirements, work procedures, or duty assignments, considering budgetary limitations and time constraints.",0.0
11-3051.00,"Direct or coordinate production, processing, distribution, or marketing activities of industrial organizations.",0.0
11-3051.00,Review operations and confer with technical or administrative staff to resolve production or processing problems.,0.0
11-3051.00,"Hire, train, evaluate, or discharge staff or resolve personnel grievances.",0.0
11-3051.00,Prepare and maintain production reports or personnel records.,0.0
11-2022.00,"Assess marketing potential of new and existing store locations, considering statistics and expenditures.",0.0
11-2022.00,Visit franchised dealers to stimulate interest in establishment or expansion of leasing programs.,0.0
11-1021.00,Prepare staff work schedules and assign specific duties.,0.0
11-1011.03,"Develop, or oversee the development of, sustainability evaluation or monitoring systems.",0.0
11-1011.03,"Create and maintain sustainability program documents, such as schedules and budgets.",0.0
11-1011.03,Direct sustainability program operations to ensure compliance with environmental or governmental regulations.,0.0
11-1011.03,"Identify educational, training, or other development opportunities for sustainability employees or volunteers.",0.0
11-1011.03,"Develop sustainability reports, presentations, or proposals for supplier, employee, academia, media, government, public interest, or other groups.",0.0
11-1021.00,"Direct and coordinate activities of businesses or departments concerned with the production, pricing, sales, or distribution of products.",0.0
11-1021.00,Direct administrative activities directly related to making products or providing services.,0.0
11-1031.00,Analyze and understand the local and national implications of proposed legislation.,0.0
11-1031.00,"Appoint nominees to leadership posts, or approve such appointments.",0.0
11-1031.00,Confer with colleagues to formulate positions and strategies pertaining to pending issues.,0.0
11-1031.00,"Debate the merits of proposals and bill amendments during floor sessions, following the appropriate rules of procedure.",0.0
11-1031.00,Develop expertise in subject matters related to committee assignments.,0.0
11-1011.00,"Administer programs for selection of sites, construction of buildings, or provision of equipment or supplies.",0.0
11-1011.00,"Direct, plan, or implement policies, objectives, or activities of organizations or businesses to ensure continuing operations, to maximize returns on investments, or to increase productivity.",0.0
11-2011.00,"Read trade journals and professional literature to stay informed on trends, innovations, and changes that affect media planning.",0.0
11-2011.01,"Maintain portfolios of marketing campaigns, strategies, and other marketing products or ideas.",0.0
11-9021.00,"Evaluate construction methods and determine cost-effectiveness of plans, using computer models.",0.0
11-9013.03,Prepare reports required by state and federal laws.,0.0
11-9021.00,"Confer with supervisory personnel, owners, contractors, or design professionals to discuss and resolve matters, such as work procedures, complaints, or construction problems.",0.0
11-9021.00,"Plan, schedule, or coordinate construction project activities to meet deadlines.",0.0
11-9013.03,"Direct and monitor the transfer of mature fish to lakes, ponds, streams, or commercial tanks.",0.0
11-9031.00,Monitor students' progress and provide students and teachers with assistance in resolving any problems.,0.0
11-9013.03,"Determine how to allocate resources and to respond to unanticipated problems, such as insect infestation, drought, and fire.",0.0
11-9013.03,Coordinate the selection and maintenance of brood stock.,0.0
11-9013.01,"Determine plant growing conditions, such as greenhouses, hydroponics, or natural settings, and set planting and care schedules.",0.0
11-3121.00,Negotiate bargaining agreements and help interpret labor contracts.,0.0
11-3121.00,Investigate and report on industrial accidents for insurance carriers.,0.0
11-3121.00,Provide terminated employees with outplacement or relocation assistance.,0.0
11-3121.00,"Contract with vendors to provide employee services, such as food service, transportation, or relocation service.",0.0
11-3131.00,Prepare training budget for department or organization.,0.0
11-9013.01,"Manage nurseries that grow horticultural plants for sale to trade or retail customers, for display or exhibition, or for research.",0.0
11-9013.01,"Position and regulate plant irrigation systems, and program environmental and irrigation control computers.",0.0
11-9013.03,"Direct and monitor trapping and spawning of fish, egg incubation, and fry rearing, applying knowledge of management and fish culturing techniques.",0.0
11-9013.01,"Inspect facilities and equipment for signs of disrepair, and perform necessary maintenance work.",0.0
11-9013.01,"Coordinate clerical, record-keeping, inventory, requisitioning, and marketing activities.",0.0
11-9013.02,"Maintain financial, operational, production, or employment records for farms or ranches.",0.0
11-9013.02,"Direct the breeding or raising of stock, such as cattle, poultry, or honeybees, using recognized breeding practices to ensure stock improvement.",0.0
11-9013.02,"Negotiate with buyers for the sale, storage, or shipment of crops or livestock.",0.0
11-9013.02,Analyze soil to determine types or quantities of fertilizer required for maximum crop production.,0.0
11-9013.02,Analyze market conditions to determine acreage allocations.,0.0
11-9033.00,"Direct scholarship, fellowship, and loan programs, performing activities such as selecting recipients and distributing aid.",0.0
11-9033.00,"Promote the university by participating in community, state, and national events or meetings, and by developing partnerships with industry and secondary education institutions.",0.0
11-9033.00,"Appoint individuals to faculty positions, and evaluate their performance.",0.0
11-9032.00,"Determine the scope of educational program offerings, and prepare drafts of course schedules and descriptions to estimate staffing and facility requirements.",0.0
11-9032.00,Enforce discipline and attendance rules.,0.0
11-3121.00,"Allocate human resources, ensuring appropriate matches between personnel.",0.0
11-3051.06,"Monitor or inspect hydroelectric equipment, such as hydro-turbines, generators, or control systems.",0.0
11-3051.04,"Shut down and restart biomass power plants or equipment in emergency situations or for equipment maintenance, repairs, or replacements.",0.0
11-3051.04,"Test, maintain, or repair electrical power distribution machinery or equipment, using hand tools, power tools, and testing devices.",0.0
11-3051.04,Adjust equipment controls to generate specified amounts of electrical power.,0.0
11-3051.06,"Direct operations, maintenance, or repair of hydroelectric power facilities.",0.0
11-3051.06,Supervise or monitor hydroelectric facility operations to ensure that generation or mechanical equipment conform to applicable regulations or standards.,0.0
11-3051.06,"Check hydroelectric operations for compliance with prescribed operating limits, such as loads, voltages, temperatures, lines, or equipment.",0.0
11-3051.06,Create or enforce hydrostation voltage schedules.,0.0
11-3061.00,Represent companies in negotiating contracts and formulating policies with suppliers.,0.0
11-3051.03,"Review logs, datasheets, or reports to ensure adequate production levels or to identify abnormalities with biofuels production equipment or processes.",0.0
11-3051.03,"Manage operations at biofuels power generation facilities, including production, shipping, maintenance, or quality assurance activities.",0.0
11-3051.03,"Adjust temperature, pressure, vacuum, level, flow rate, or transfer of biofuels to maintain processes at required levels.",0.0
11-3051.03,"Approve proposals for the acquisition, replacement, or repair of biofuels processing equipment or the implementation of new production processes.",0.0
11-3051.03,"Conduct cost, material, and efficiency studies for biofuels production plants or operations.",0.0
11-3111.00,Investigate and report on industrial accidents for insurance carriers.,0.0
11-3111.00,"Administer, direct, and review employee benefit programs, including the integration of benefit programs following mergers and acquisitions.",0.0
11-3111.00,"Plan, direct, supervise, and coordinate work activities of subordinates and staff relating to employment, compensation, labor relations, and employee relations.",0.0
11-3111.00,"Manage the design and development of tools to assist employees in benefits selection, and to guide managers through compensation decisions.",0.0
11-3111.00,"Prepare detailed job descriptions and classification systems and define job levels and families, in partnership with other managers.",0.0
11-3071.03,"Review global, national, or regional transportation or logistics reports for ways to improve efficiency or minimize the environmental impact of logistics activities.",0.0
11-3071.01,"Plan, organize, or manage the work of subordinate staff to ensure that the work is accomplished in a manner consistent with organizational requirements.",0.0
11-3071.01,"Prepare management recommendations, such as proposed fee and tariff increases or schedule changes.",0.0
11-3071.01,"Plan or implement energy saving changes to transportation services, such as reducing routes, optimizing capacities, employing alternate modes of transportation, or minimizing idling.",0.0
11-3071.02,Prepare and manage departmental budgets.,0.0
11-3071.02,"Supervise the activities of workers engaged in receiving, storing, testing, and shipping products or materials.",0.0
11-3071.02,"Interview, select, and train warehouse and supervisory personnel.",0.0
11-3071.02,"Plan, develop, or implement warehouse safety and security programs and activities.",0.0
11-3071.02,"Confer with department heads to coordinate warehouse activities, such as production, sales, records control, or purchasing.",0.0
11-3071.03,"Collaborate with other departments to integrate logistics with business systems or processes, such as customer sales, order management, accounting, or shipping.",0.0
11-3071.03,"Maintain metrics, reports, process documentation, customer service logs, or training or safety records.",0.0
13-2099.04,Conduct field surveillance to gather case-related information.,0.0
13-2099.04,Advise businesses or agencies on ways to improve fraud detection.,0.0
13-2099.04,Gather financial documents related to investigations.,0.0
13-2099.02,Consult financial literature to ensure use of the latest models or statistical techniques.,0.0
13-2099.02,"Document, and ensure communication of, key risks.",0.0
13-2099.03,"Advise clients on aspects of capitalization, such as amounts, sources, or timing.",0.0
15-1133.00,Specify power supply requirements and configuration.,0.0
15-1141.00,Work as part of a project team to coordinate database development and determine project scope and limitations.,0.0
15-1121.01,"Analyze and interpret patient, nursing, or information systems data to improve nursing services.",0.0
15-1121.01,"Apply knowledge of computer science, information science, nursing, and informatics theory to nursing practice, education, administration, or research, in collaboration with other health informatics specialists.",0.0
15-1132.00,"Supervise the work of programmers, technologists and technicians and other engineering and scientific personnel.",0.0
15-1132.00,Determine system performance standards.,0.0
13-2071.00,Interview clients by telephone or in person to gather financial information.,0.0
13-2061.00,"Review balance sheets, operating income and expense accounts, and loan documentation to confirm institution assets and liabilities.",0.0
13-2061.00,"Plan, supervise, and review work of assigned subordinates.",0.0
13-2061.00,Review audit reports of internal and external auditors to monitor adequacy of scope of reports or to discover specific weaknesses in internal routines.,0.0
13-2061.00,Train other examiners in the financial examination process.,0.0
13-2071.01,Submit applications to credit analysts for verification and recommendation.,0.0
13-2071.01,"Analyze applicants' financial status, credit, and property evaluations to determine feasibility of granting loans.",0.0
13-2071.01,Establish payment priorities according to credit terms and interest rates to reduce clients' overall costs.,0.0
13-2031.00,Seek new ways to improve efficiency and increase profits.,0.0
13-2031.00,"Testify before examining and fund-granting authorities, clarifying and promoting the proposed budgets.",0.0
13-2031.00,"Match appropriations for specific programs with appropriations for broader programs, including items for emergency funds.",0.0
13-2041.00,"Generate financial ratios, using computer programs, to evaluate customers' financial status.",0.0
13-2041.00,Consult with customers to resolve complaints and verify financial and credit transactions.,0.0
13-2041.00,Prepare reports that include the degree of risk involved in extending credit or lending money.,0.0
13-2041.00,"Compare liquidity, profitability, and credit histories of establishments being evaluated with those of similar establishments in the same industries and geographic locations.",0.0
13-2053.00,Evaluate possibility of losses due to catastrophe or excessive insurance.,0.0
13-2053.00,Review company records to determine amount of insurance in force on single risk or group of closely related risks.,0.0
13-2053.00,Authorize reinsurance of policy when risk is high.,0.0
13-2082.00,"Compute taxes owed or overpaid, using adding machines or personal computers, and complete entries on forms, following tax form instructions and tax tables.",0.0
13-2081.00,Review selected tax returns to determine the nature and extent of audits to be performed on them.,0.0
13-2081.00,"Investigate claims of inability to pay taxes by researching court information for the status of liens, mortgages, or financial statements, or by locating assets through third parties.",0.0
13-2081.00,"Process individual and corporate income tax returns, and sales and excise tax returns.",0.0
13-2082.00,Interview clients to obtain additional information on taxable income and deductible expenses and allowances.,0.0
13-2072.00,Review and update credit and loan files.,0.0
13-1031.01,"Investigate, evaluate, and settle claims, applying technical knowledge and human relations skills to effect fair and prompt disposal of cases and to contribute to a reduced loss ratio.",0.0
15-1199.05,Select cartographic elements needed for effective presentation of information.,0.0
15-1199.04,"Collect, compile, or integrate Geographic Information Systems (GIS) data, such as remote sensing or cartographic data for inclusion in map manuscripts.",0.0
15-1199.05,"Design or prepare graphic representations of Geographic Information Systems (GIS) data, using GIS hardware or software applications.",0.0
15-2011.00,"Construct probability tables for events such as fires, natural disasters, and unemployment, based on analysis of statistical data and other pertinent information.",0.0
15-2011.00,Ascertain premium rates required and cash reserves and liabilities necessary to ensure payment of future benefits.,0.0
15-2011.00,"Analyze statistical information to estimate mortality, accident, sickness, disability, and retirement rates.",0.0
15-2011.00,"Collaborate with programmers, underwriters, accounts, claims experts, and senior management to help companies develop plans for new lines of business or improvements to existing business.",0.0
15-2021.00,Develop computational methods for solving problems that occur in areas of science and engineering or that come from applications in business or industry.,0.0
15-1199.11,"Document all aspects of formal game design, using mock-up screenshots, sample menu layouts, gameplay flowcharts, and other graphical devices.",0.0
15-1199.11,Balance and adjust gameplay experiences to ensure the critical and commercial success of the product.,0.0
15-1199.03,"Evaluate testing routines or procedures for adequacy, sufficiency, and effectiveness.",0.0
13-2031.00,Interpret budget directives and establish policies for carrying out directives.,0.0
13-1075.00,Negotiate collective bargaining agreements.,0.0
13-1074.00,Pay wages of contracted farm laborers.,0.0
13-1074.00,"Provide food, drinking water, and field sanitation facilities to contracted workers.",0.0
13-1074.00,Recruit and hire agricultural workers.,0.0
13-1074.00,"Employ foremen to deal directly with workers when recruiting, hiring, instructing, assigning tasks, and enforcing work rules.",0.0
13-1074.00,Supervise the work of contracted employees.,0.0
13-1075.00,Monitor company or workforce adherence to labor agreements.,0.0
13-1075.00,Present the position of the company or of labor during arbitration or other labor negotiations.,0.0
13-1075.00,"Write letters related to labor relations activities, such as letters to amend collective bargaining agreements, letters of dispute or conciliation, or letters to seek clarification of contract terms.",0.0
13-1075.00,Draft contract proposals or counter-proposals for collective bargaining or other labor negotiations.,0.0
13-1051.00,"Prepare estimates used by management for purposes such as planning, organizing, and scheduling work.",0.0
13-1041.07,Develop or conduct employee regulatory training.,0.0
13-1041.07,Review adverse drug reactions and file all related reports in accordance with regulatory agency guidelines.,0.0
13-1051.00,"Analyze blueprints and other documentation to prepare time, cost, materials, and labor estimates.",0.0
13-1051.00,Prepare estimates for use in selecting vendors or subcontractors.,0.0
13-1051.00,Prepare cost and expenditure statements and other necessary documentation at regular intervals for the duration of the project.,0.0
13-1051.00,"Assess cost effectiveness of products, projects or services, tracking actual costs relative to bids as the project develops.",0.0
13-1081.01,"Interview key staff or tour facilities to identify efficiency-improvement, cost-reduction, or service-delivery opportunities.",0.0
13-1081.02,"Provide ongoing analyses in areas such as transportation costs, parts procurement, back orders, or delivery processes.",0.0
13-1081.02,Prepare reports on logistics performance measures.,0.0
13-1081.00,Perform system lifecycle cost analysis and develop component studies.,0.0
13-1081.00,"Collaborate with other departments as necessary to meet customer requirements, to take advantage of sales opportunities or, in the case of shortages, to minimize negative impacts on a business.",0.0
13-1081.00,"Maintain and develop positive business relationships with a customer's key personnel involved in, or directly relevant to, a logistics activity.",0.0
13-1041.01,"Inform individuals and groups of pollution control regulations and inspection findings, and explain how problems can be corrected.",0.0
13-1041.01,"Examine permits, licenses, applications, and records to ensure compliance with licensing requirements.",0.0
13-1041.01,"Prepare written, oral, tabular, and graphic reports summarizing requirements and regulations, including enforcement and chain of custody documentation.",0.0
13-1041.01,"Prepare, organize, and maintain inspection records.",0.0
13-1041.01,"Verify that hazardous chemicals are handled, stored, and disposed of in accordance with regulations.",0.0
13-1032.00,Prepare insurance forms to indicate repair cost estimates and recommendations.,0.0
13-1041.02,Warn violators of infractions or penalties.,0.0
13-1041.02,"Advise licensees or other individuals or groups concerning licensing, permit, or passport regulations.",0.0
13-1032.00,Arrange to have damage appraised by another appraiser to resolve disagreement with shop on repair cost.,0.0
13-1032.00,Determine salvage value on total-loss vehicle.,0.0
13-1031.01,"Report overpayments, underpayments, and other irregularities.",0.0
13-1031.01,Adjust reserves or provide reserve recommendations to ensure that reserve activities are consistent with corporate policies.,0.0
13-1031.01,"Resolve complex, severe exposure claims, using high service oriented file handling.",0.0
13-1032.00,Evaluate practicality of repair as opposed to payment of market value of vehicle before accident.,0.0
13-1031.02,Investigate and assess damage to property and create or review property damage estimates.,0.0
13-1031.02,"Interview or correspond with claimants, witnesses, police, physicians, or other relevant parties to determine claim settlement, denial, or review.",0.0
13-1031.02,"Review police reports, medical treatment records, medical bills, or physical property damage to determine the extent of liability.",0.0
13-1031.02,Analyze information gathered by investigation and report findings and recommendations.,0.0
13-1032.00,"Estimate parts and labor to repair damage, using standard automotive labor and parts cost manuals and knowledge of automotive repair.",0.0
13-1041.06,"Testify at inquests, hearings, and court trials.",0.0
13-1041.06,Observe and record the positions and conditions of bodies and related evidence.,0.0
13-1041.06,"Observe, record, and preserve any objects or personal property related to deaths, including objects such as medication containers and suicide notes.",0.0
13-1041.06,Interview persons present at death scenes to obtain information useful in determining the manner of death.,0.0
13-1041.03,Act as liaisons between minority placement agencies and employers or between job search committees and other equal opportunity administrators.,0.0
13-1041.03,Investigate employment practices or alleged violations of laws to document and correct discriminatory factors.,0.0
13-1041.03,Prepare reports related to investigations of equal opportunity complaints.,0.0
13-1041.04,"Locate and interview plaintiffs, witnesses, or representatives of business or government to gather facts relevant to inspections or alleged violations.",0.0
13-1041.04,Monitor investigations of suspected offenders to ensure that they are conducted in accordance with constitutional requirements.,0.0
13-1041.04,"Collect, identify, evaluate, or preserve case evidence.",0.0
13-1041.04,Inspect manufactured or processed products to ensure compliance with contract specifications or legal requirements.,0.0
13-1199.05,Create or maintain plans or other documents related to sustainability projects.,0.0
13-1199.04,"Review existing disaster recovery, crisis management, or business continuity plans.",0.0
13-1199.04,"Establish, maintain, or test call trees to ensure appropriate communication during disaster.",0.0
13-1199.05,"Develop sustainability project goals, objectives, initiatives, or strategies in collaboration with other sustainability professionals.",0.0
13-1199.05,"Assess or propose sustainability initiatives, considering factors such as cost effectiveness, technical feasibility, and acceptance.",0.0
13-1199.05,Provide technical or administrative support for sustainability programs or issues.,0.0
13-1199.05,"Monitor or track sustainability indicators, such as energy usage, natural resource usage, waste generation, and recycling.",0.0
13-1199.03,Calculate duty and tariff payments owed on shipments.,0.0
13-1199.02,Develop conceptual designs of security systems.,0.0
13-2021.02,Collect and analyze relevant data to identify real estate market trends.,0.0
13-2021.01,"Inspect properties, considering factors such as market value, location, and building or replacement costs to determine appraisal value.",0.0
13-2021.01,Explain assessed values to property owners and defend appealed assessments at public hearings.,0.0
13-2021.01,"Prepare and maintain current data on each parcel assessed, including maps of boundaries, inventories of land and structures, property characteristics, and any applicable exemptions.",0.0
13-2021.02,"Compute final estimation of property values, taking into account such factors as depreciation, replacement costs, value comparisons of similar properties, and income potential.",0.0
13-2011.02,"Evaluate taxpayer finances to determine tax liability, using knowledge of interest and discount rates, annuities, valuation of stocks and bonds, and amortization valuation of depletable assets.",0.0
13-2011.02,"Review taxpayer accounts, and conduct audits on-site, by correspondence, or by summoning taxpayer to office.",0.0
13-2011.01,Report to management regarding the finances of establishment.,0.0
13-1121.00,Develop event topics and choose featured speakers.,0.0
13-1121.00,Inspect event facilities to ensure that they conform to customer requirements.,0.0
13-1121.00,"Coordinate services for events, such as accommodation and transportation for participants, facilities, catering, signage, displays, special needs requirements, printing and event security.",0.0
13-1111.00,Recommend purchase of storage equipment and design area layout to locate equipment in space available.,0.0
13-1131.00,Identify and build relationships with potential donors.,0.0
13-1131.00,Write and send letters of thanks to donors.,0.0
13-1131.00,Secure commitments of participation or donation from individuals or corporate donors.,0.0
13-1111.00,"Plan study of work problems and procedures, such as organizational change, communications, information flow, integrated production methods, inventory control, or cost analysis.",0.0
13-1111.00,"Design, evaluate, recommend, and approve changes of forms and reports.",0.0
13-1199.01,"Inspect or evaluate building envelopes, mechanical systems, electrical systems, or process systems to determine the energy consumption of each system.",0.0
13-1151.00,"Schedule classes based on availability of classrooms, equipment, or instructors.",0.0
13-1199.01,Prepare audit reports containing energy analysis results or recommendations for energy cost savings.,0.0
13-1199.01,Collect and analyze field data related to energy usage.,0.0
13-1199.01,Perform tests such as blower-door tests to locate air leaks.,0.0
13-1199.01,Calculate potential for energy savings.,0.0
13-1141.00,"Ensure company compliance with federal and state laws, including reporting requirements.",0.0
13-1141.00,"Evaluate job positions, determining classification, exempt or non-exempt status, and salary.",0.0
33-9011.00,"Train police officers in dog handling and training techniques for tracking, crowd control, and narcotics and bomb detection.",0.0
29-1171.00,Maintain complete and detailed records of patients' health care plans and prognoses.,0.0
29-1161.00,"Provide primary health care, including pregnancy and childbirth, to women.",0.0
29-1161.00,Consult with or refer patients to appropriate specialists when conditions exceed the scope of practice or expertise.,0.0
29-1161.00,"Perform physical examinations by taking vital signs, checking neurological reflexes, examining breasts, or performing pelvic examinations.",0.0
29-1171.00,"Recommend diagnostic or therapeutic interventions with attention to safety, cost, invasiveness, simplicity, acceptability, adherence, and efficacy.",0.0
29-1171.00,"Prescribe medications based on efficacy, safety, and cost as legally authorized.",0.0
29-1181.00,"Fit, dispense, and repair assistive devices, such as hearing aids.",0.0
29-1151.00,Administer post-anesthesia medications or fluids to support patients' cardiovascular systems.,0.0
29-1141.04,Chair nursing departments or committees.,0.0
29-1141.04,"Develop nursing service philosophies, goals, policies, priorities, or procedures.",0.0
29-1151.00,"Select, prepare, or use equipment, monitors, supplies, or drugs for the administration of anesthetics.",0.0
29-1151.00,"Select, order, or administer anesthetics, adjuvant drugs, accessory drugs, fluids or blood products as necessary.",0.0
29-1151.00,"Monitor patients' responses, including skin color, pupil dilation, pulse, heart rate, blood pressure, respiration, ventilation, or urine output, using invasive and noninvasive techniques.",0.0
29-1151.00,"Perform pre-anesthetic screenings, including physical evaluations and patient interviews, and document results.",0.0
29-1181.00,"Administer hearing tests and examine patients to collect information on type and degree of impairment, using specialized instruments and electronic equipment.",0.0
29-1181.00,"Maintain patient records at all stages, including initial and subsequent evaluation and treatment activities.",0.0
29-1199.05,"Perform diagnostic tests or measurements, such as motor testing, visual acuity testing, lensometry, retinoscopy, and color vision testing.",0.0
29-1199.04,Prescribe synthetic drugs under the supervision of medical doctors or within the allowances of regulatory bodies.,0.0
29-1199.04,"Order diagnostic imaging procedures such as radiographs (x-rays), ultrasounds, mammograms, and bone densitometry tests, or refer patients to other health professionals for these procedures.",0.0
29-1199.04,Obtain medical records from previous physicians or other health care providers for the purpose of patient evaluation.,0.0
29-1199.04,"Perform mobilizations and high-velocity adjustments to joints or soft tissues, using principles of massage, stretching, or resistance.",0.0
29-1199.04,Perform venipuncture or skin pricking to collect blood samples.,0.0
29-1199.05,"Examine patients with problems related to ocular motility, binocular vision, amblyopia, or strabismus.",0.0
29-1199.05,"Evaluate, diagnose, or treat disorders of the visual system with an emphasis on binocular vision or abnormal eye movements.",0.0
29-2011.00,"Conduct chemical analysis of body fluids, including blood, urine, or spinal fluid, to determine presence of normal or abnormal components.",0.0
29-2011.00,"Operate, calibrate, or maintain equipment used in quantitative or qualitative analysis, such as spectrophotometers, calorimeters, flame photometers, or computer-controlled analyzers.",0.0
29-1181.00,Evaluate hearing and balance disorders to determine diagnoses and courses of treatment.,0.0
29-1181.00,"Perform administrative tasks, such as managing office functions and finances.",0.0
29-1199.01,Insert needles to provide acupuncture treatment.,0.0
29-1199.01,Maintain detailed and complete records of health care plans and prognoses.,0.0
29-1199.01,Analyze physical findings and medical histories to make diagnoses according to Oriental medicine traditions.,0.0
29-1199.01,Develop individual treatment plans and strategies.,0.0
29-1199.01,"Evaluate treatment outcomes and recommend new or altered treatments as necessary to further promote, restore, or maintain health.",0.0
29-1141.00,Provide or arrange for training or instruction of auxiliary personnel or students.,0.0
29-1141.00,Consult with institutions or associations regarding issues or concerns relevant to the practice and profession of nursing.,0.0
29-1141.00,Inform physician of patient's condition during anesthesia.,0.0
29-1141.00,"Administer local, inhalation, intravenous, or other anesthetics.",0.0
29-1141.01,"Manage patients' pain relief and sedation by providing pharmacologic and non-pharmacologic interventions, monitoring patients' responses, and changing care plans accordingly.",0.0
29-1141.01,Diagnose acute or chronic conditions that could result in rapid physiological deterioration or life-threatening instability.,0.0
29-1141.01,"Administer blood and blood product transfusions or intravenous infusions, monitoring patients for adverse reactions.",0.0
29-1141.01,"Assess the impact of illnesses or injuries on patients' health, function, growth, development, nutrition, sleep, rest, quality of life, or family, social and educational relationships.",0.0
29-1131.00,"Provide care to a wide range of animals or specialize in a particular species, such as horses or exotic birds.",0.0
29-1131.00,Counsel clients about the deaths of their pets or about euthanasia decisions for their pets.,0.0
29-1131.00,"Operate diagnostic equipment, such as radiographic or ultrasound equipment, and interpret the resulting images.",0.0
29-1131.00,Educate the public about diseases that can be spread from animals to humans.,0.0
29-1141.03,"Plan, provide, or evaluate educational programs for nursing staff, interdisciplinary health care team members, or community members.",0.0
29-1141.03,Collect specimens for laboratory tests.,0.0
29-1141.03,"Document patients' treatment plans, interventions, outcomes, or plan revisions.",0.0
29-1141.02,"Conduct individual, group, or family psychotherapy for those with chronic or acute mental disorders.",0.0
29-1141.02,Monitor patients' medication usage and results.,0.0
29-1141.02,"Document patients' medical and psychological histories, physical assessment results, diagnoses, treatment plans, prescriptions, or outcomes.",0.0
29-1141.02,Diagnose psychiatric disorders and mental health conditions.,0.0
29-2055.00,"Clean and restock operating room, gathering and placing equipment and supplies and arranging instruments according to instructions, such as a preference card.",0.0
29-2035.00,Request sedatives or other medication from physicians for patients with anxiety or claustrophobia.,0.0
29-2034.00,"Provide assistance in dressing or changing seriously ill, injured, or disabled patients.",0.0
29-2034.00,Operate fluoroscope to aid physician to view and guide wire or catheter through blood vessels to area of interest.,0.0
29-2034.00,Assign duties to radiologic staff to maintain patient flows and achieve production goals.,0.0
29-2035.00,"Conduct screening interviews of patients to identify contraindications, such as ferrous objects, pregnancy, prosthetic heart valves, cardiac pacemakers, or tattoos.",0.0
29-2034.00,"Monitor patients' conditions and reactions, reporting abnormal signs to physician.",0.0
29-2041.00,Administer first aid treatment or life support care to sick or injured persons in prehospital settings.,0.0
29-2041.00,"Operate equipment, such as electrocardiograms (EKGs), external defibrillators, or bag valve mask resuscitators, in advanced life support environments.",0.0
29-2041.00,"Perform emergency diagnostic and treatment procedures, such as stomach suction, airway management, or heart monitoring, during ambulance ride.",0.0
29-2041.00,"Observe, record, and report to physician the patient's condition or injury, the treatment provided, and reactions to drugs or treatment.",0.0
29-2041.00,Assess nature and extent of illness or injury to establish and prioritize medical procedures.,0.0
29-2033.00,Perform quality control checks on laboratory equipment or cameras.,0.0
29-2032.00,Supervise or train students or other medical sonographers.,0.0
29-2032.00,"Perform medical procedures, such as administering oxygen, inserting and removing airways, taking vital signs, or giving emergency treatment, such as first aid or cardiopulmonary resuscitation (CPR).",0.0
29-2032.00,"Maintain stock and supplies, preparing supplies for special examinations and ordering supplies when necessary.",0.0
29-2032.00,Process and code film from procedures and complete appropriate documentation.,0.0
29-2032.00,Load and unload film cassettes used to record images from procedures.,0.0
29-2033.00,"Administer radiopharmaceuticals or radiation intravenously to detect or treat diseases, using radioisotope equipment, under direction of a physician.",0.0
29-2033.00,"Detect and map radiopharmaceuticals in patients' bodies, using a camera to produce photographic or computer images.",0.0
29-2033.00,"Process cardiac function studies, using computer.",0.0
29-2053.00,Lead prescribed individual or group therapy sessions as part of specific therapeutic procedures.,0.0
29-2053.00,"Take and record measures of patients' physical condition, using devices such as thermometers or blood pressure gauges.",0.0
29-2053.00,Monitor patients' physical and emotional well-being and report unusual behavior or physical ailments to medical staff.,0.0
29-2053.00,"Provide nursing, psychiatric, or personal care to mentally ill, emotionally disturbed, or mentally retarded patients.",0.0
29-2053.00,"Observe and influence patients' behavior, communicating and interacting with them and teaching, counseling, or befriending them.",0.0
29-2052.00,Price stock and mark items for sale.,0.0
29-2055.00,Maintain a proper sterile field during surgical procedures.,0.0
29-2055.00,"Count sponges, needles, and instruments before and after operation.",0.0
29-2055.00,"Scrub arms and hands and assist the surgical team to scrub and put on gloves, masks, and surgical clothing.",0.0
29-2055.00,"Provide technical assistance to surgeons, surgical nurses, or anesthesiologists.",0.0
29-2052.00,Maintain and merchandise home healthcare products or services.,0.0
29-2052.00,"Deliver medications or pharmaceutical supplies to patients, nursing stations, or surgery.",0.0
29-2052.00,"Prepack bulk medicines, fill bottles with prescribed medications, and type and affix labels.",0.0
29-2051.00,"Prepare a major meal, following recipes and determining group food quantities.",0.0
29-2051.00,Supervise food production or service or assist dietitians or nutritionists in food service supervision or planning.,0.0
29-2051.00,"Analyze menus or recipes, standardize recipes, or test new products.",0.0
29-2011.02,"Prepare cell samples by applying special staining techniques, such as chromosomal staining, to differentiate cells or cell components.",0.0
29-2011.01,"Identify appropriate methods of specimen collection, preservation, or transport.",0.0
29-2011.01,Archive case documentation and study materials as required by regulations and laws.,0.0
29-2011.01,Supervise subordinate laboratory staff.,0.0
29-2011.01,"Maintain laboratory equipment such as photomicroscopes, inverted microscopes, and standard darkroom equipment.",0.0
29-2011.02,Submit slides with abnormal cell structures to pathologists for further examination.,0.0
29-2011.02,Provide patient clinical data or microscopic findings to assist pathologists in the preparation of pathology reports.,0.0
29-2011.03,Stain tissue specimens with dyes or other chemicals to make cell details visible under microscopes.,0.0
29-2011.03,Mount tissue specimens on glass slides.,0.0
29-2011.03,Examine slides under microscopes to ensure tissue preparation meets laboratory requirements.,0.0
29-2011.03,Freeze tissue specimens.,0.0
29-2012.00,"Conduct chemical analyses of body fluids, such as blood or urine, using microscope or automatic analyzer to detect abnormalities or diseases and enter findings into computer.",0.0
29-2012.00,"Analyze the results of tests or experiments to ensure conformity to specifications, using special mechanical or electrical devices.",0.0
29-2012.00,"Set up, maintain, calibrate, clean, and test sterility of medical laboratory equipment.",0.0
29-2012.00,"Collect blood or tissue samples from patients, observing principles of asepsis to obtain blood sample.",0.0
29-2031.00,"Conduct tests of pulmonary system, using spirometer or other respiratory testing equipment.",0.0
29-2031.00,"Check, test, and maintain cardiology equipment, making minor repairs when necessary, to ensure proper operation.",0.0
29-2031.00,Supervise or train other cardiology technologists or students.,0.0
29-2021.00,Maintain dental equipment and sharpen and sterilize dental instruments.,0.0
29-2021.00,"Clean calcareous deposits, accretions, and stains from teeth and beneath margins of gums, using dental instruments.",0.0
29-2021.00,"Examine gums, using probes, to locate periodontal recessed gums and signs of gum disease.",0.0
29-2021.00,Feel and visually examine gums for sores and signs of disease.,0.0
29-1069.05,Formulate plans and procedures for nuclear medicine departments.,0.0
29-1069.04,"Perform specialized treatments in areas such as sleep disorders, neuroimmunology, neuro-oncology, behavioral neurology, and neurogenetics.",0.0
29-1069.05,Check and approve the quality of diagnostic images before patients are discharged.,0.0
29-1069.05,Establish and enforce radiation protection standards for patients and staff.,0.0
29-1069.05,Prescribe radionuclides and dosages to be administered to individual patients.,0.0
29-1069.06,Perform comprehensive examinations of the visual system to determine the nature or extent of ocular disorders.,0.0
29-1069.04,Supervise medical technicians in the performance of neurological diagnostic or therapeutic activities.,0.0
29-1069.06,"Diagnose or treat injuries, disorders, or diseases of the eye and eye structures including the cornea, sclera, conjunctiva, or eyelids.",0.0
29-1069.06,Provide or direct the provision of postoperative care.,0.0
29-1069.06,"Perform, order, or interpret the results of diagnostic or clinical tests.",0.0
29-1069.04,Participate in neuroscience research activities.,0.0
29-1069.04,Provide training to medical students or staff members.,0.0
29-1069.07,"Write pathology reports summarizing analyses, results, and conclusions.",0.0
29-1069.03,Direct the operations of short stay or specialty units.,0.0
29-1069.02,Instruct interns or residents in diagnosis and treatment of dermatological diseases.,0.0
29-1069.02,"Provide dermabrasion or laser abrasion to treat atrophic scars, elevated scars, or other skin conditions.",0.0
29-1069.02,Conduct clinical or basic research.,0.0
29-1069.03,"Diagnose, treat, or provide continuous care to hospital inpatients.",0.0
29-1069.03,Prescribe medications or treatment regimens to hospital inpatients.,0.0
29-1069.03,Admit patients for hospital stays.,0.0
29-1069.03,Order or interpret the results of tests such as laboratory tests and radiographs (x-rays).,0.0
29-1069.04,Participate in continuing education activities to maintain and expand competence.,0.0
29-1069.07,"Identify the etiology, pathogenesis, morphological change, and clinical significance of diseases.",0.0
29-1069.11,Diagnose or treat disorders of the musculoskeletal system.,0.0
29-1069.10,Review or transmit images and information using picture archiving or communications systems.,0.0
29-1069.10,"Communicate examination results or diagnostic information to referring physicians, patients, or families.",0.0
29-1069.11,Order and interpret the results of laboratory tests and diagnostic imaging procedures.,0.0
29-1069.09,Document or review comprehensive patients' histories with an emphasis on occupation or environmental risks.,0.0
29-1069.11,Advise against injured athletes returning to games or competition if resuming activity could lead to further injury.,0.0
29-1069.11,Examine and evaluate athletes prior to participation in sports activities to determine level of physical fitness or predisposition to injuries.,0.0
29-1069.11,Provide education and counseling on illness and injury prevention.,0.0
29-1069.09,Deliver presentations to lay or professional audiences.,0.0
29-1069.07,Communicate pathologic findings to surgeons or other physicians.,0.0
29-1069.08,Coordinate physical medicine and rehabilitation services with other medical activities.,0.0
29-1069.08,"Document examination results, treatment plans, and patients' outcomes.",0.0
29-1069.08,"Examine patients to assess mobility, strength, communication, or cognition.",0.0
29-1069.08,"Provide inpatient or outpatient medical management of neuromuscular disorders, musculoskeletal trauma, acute and chronic pain, deformity or amputation, cardiac or pulmonary disease, or other disabling conditions.",0.0
29-1069.08,Prescribe physical therapy to relax the muscles and improve strength.,0.0
29-1069.09,"Direct or manage prevention programs in specialty areas such as aerospace, occupational, infectious disease, and environmental medicine.",0.0
29-1069.09,"Supervise or coordinate the work of physicians, nurses, statisticians, or other professional staff members.",0.0
29-1069.09,Identify groups at risk for specific preventable diseases or injuries.,0.0
29-1128.00,Evaluate staff performance in leading group exercise or conducting diagnostic tests.,0.0
29-1062.00,"Conduct research to study anatomy and develop or test medications, treatments, or procedures to prevent or control disease or injury.",0.0
29-1061.00,"Conduct medical research to aid in controlling and curing disease, to investigate new medications, and to develop and test new medical techniques.",0.0
29-1062.00,"Prescribe or administer treatment, therapy, medication, vaccination, and other specialized medical care to treat or prevent illness, disease, or injury.",0.0
29-1062.00,"Order, perform, and interpret tests and analyze records, reports, and examination information to diagnose patients' condition.",0.0
29-1062.00,Monitor patients' conditions and progress and reevaluate treatments as necessary.,0.0
29-1063.00,"Prescribe or administer medication, therapy, and other specialized medical care to treat or prevent illness, disease, or injury.",0.0
29-1061.00,"Coordinate and direct work of nurses, medical technicians, and other health care providers.",0.0
29-1063.00,"Provide and manage long-term, comprehensive medical care, including diagnosis and nonsurgical treatment of diseases, for adult patients in an office or hospital.",0.0
29-1063.00,Make diagnoses when different illnesses occur together or in situations where the diagnosis may be obscure.,0.0
29-1061.00,Instruct individuals and groups on ways to preserve health and prevent disease.,0.0
29-1061.00,"Diagnose illnesses, using examinations, tests, and reports.",0.0
29-1064.00,Treat diseases of female organs.,0.0
29-1051.00,Update or troubleshoot pharmacy information databases.,0.0
29-1051.00,"Collaborate with other health care professionals to plan, monitor, review, or evaluate the quality or effectiveness of drugs or drug regimens, providing advice on drug applications or characteristics.",0.0
29-1051.00,"Order and purchase pharmaceutical supplies, medical supplies, or drugs, maintaining stock and storing and handling it properly.",0.0
29-1051.00,Analyze prescribing trends to monitor patient compliance and to prevent excessive usage or harmful interactions.,0.0
29-1061.00,"Manage anesthesiological services, coordinating them with other medical activities and formulating plans and procedures.",0.0
29-1064.00,"Care for and treat women during prenatal, natal, and postnatal periods.",0.0
29-1067.00,Conduct research to develop and test surgical techniques that can improve operating procedures and outcomes.,0.0
29-1066.00,"Teach, take continuing education classes, attend conferences or seminars, or conduct research and publish findings to increase understanding of mental, emotional, or behavioral states or disorders.",0.0
29-1066.00,Review and evaluate treatment procedures and outcomes of other psychiatrists or medical professionals.,0.0
29-1066.00,Prepare and submit case reports or summaries to government or mental health agencies.,0.0
29-1066.00,Serve on committees to promote or maintain community mental health services or delivery systems.,0.0
29-1067.00,Follow established surgical techniques during the operation.,0.0
29-1067.00,Examine patient to obtain information on medical condition and surgical risk.,0.0
29-1067.00,"Analyze patient's medical history, medication allergies, physical condition, and examination results to verify operation's necessity and to determine best procedure.",0.0
29-1067.00,Provide consultation and surgical assistance to other physicians and surgeons.,0.0
29-1069.01,Diagnose or treat allergic or immunologic conditions.,0.0
29-1064.00,"Prescribe or administer therapy, medication, and other specialized medical care to treat or prevent illness, disease, or injury.",0.0
29-1065.00,"Examine patients or order, perform, and interpret diagnostic tests to obtain information on medical condition and determine diagnosis.",0.0
29-1065.00,Examine children regularly to assess their growth and development.,0.0
29-1065.00,"Treat children who have minor illnesses, acute and chronic health problems, and growth and development concerns.",0.0
29-1065.00,"Prescribe or administer treatment, therapy, medication, vaccination, and other specialized medical care to treat or prevent illness, disease, or injury in infants and children.",0.0
29-1125.02,Collaborate with others to design or implement interdisciplinary treatment programs.,0.0
29-1125.02,"Observe and document client reactions, progress, or other outcomes related to music therapy.",0.0
29-1125.02,"Establish client goals or objectives for music therapy treatment, considering client needs, capabilities, interests, overall therapeutic program, coordination of treatment, or length of treatment.",0.0
29-1126.00,"Provide emergency care, such as artificial respiration, external cardiac massage, or assistance with cardiopulmonary resuscitation.",0.0
29-1126.00,"Monitor patient's physiological responses to therapy, such as vital signs, arterial blood gases, or blood chemistry changes, and consult with physician if adverse reactions occur.",0.0
29-1126.00,"Work as part of a team of physicians, nurses, or other healthcare professionals to manage patient care by assisting with medical procedures or related duties.",0.0
29-1126.00,Maintain charts that contain patients' pertinent identification and therapy information.,0.0
29-1126.00,"Read prescription, measure arterial blood gases, and review patient information to assess patient condition.",0.0
29-1125.01,Select or prepare artistic media or related equipment or devices to accomplish therapy session objectives.,0.0
29-1125.00,Confer with members of treatment team to plan and evaluate therapy programs.,0.0
29-1125.00,"Encourage clients with special needs and circumstances to acquire new skills and get involved in health-promoting leisure activities, such as sports, games, arts and crafts, and gardening.",0.0
29-1125.01,"Talk with clients during art or other therapy sessions to build rapport, acknowledge their progress, or reflect upon their reactions to the artistic process.",0.0
29-1125.01,Design art therapy sessions or programs to meet client's goals or objectives.,0.0
29-1128.00,Assess physical performance requirements to aid in the development of individualized recovery or rehabilitation exercise programs.,0.0
29-1127.00,Conduct lessons or direct educational or therapeutic games to assist teachers dealing with speech problems.,0.0
29-1127.00,Use computer applications to identify or assist with communication disabilities.,0.0
29-1127.00,Provide communication instruction to dialect speakers or students with limited English proficiency.,0.0
29-1127.00,"Conduct or direct research on speech or hearing topics and report findings for use in developing procedures, technologies, or treatments.",0.0
29-1128.00,"Develop exercise programs to improve participant strength, flexibility, endurance, or circulatory functioning, in accordance with exercise science standards, regulatory requirements, and credentialing requirements.",0.0
29-1128.00,Interpret exercise program participant data to evaluate progress or identify needed program changes.,0.0
29-1128.00,Explain exercise program or physiological testing procedures to participants.,0.0
29-1127.00,"Design, develop, or employ alternative diagnostic or communication devices or strategies.",0.0
29-1125.00,Counsel and encourage patients to develop leisure activities.,0.0
29-1125.00,Prepare and submit reports and charts to treatment team to reflect patients' reactions and evidence of progress or regression.,0.0
29-1125.00,"Observe, analyze, and record patients' participation, reactions, and progress during treatment sessions, modifying treatment programs as needed.",0.0
29-1081.00,Correct deformities by means of plaster casts and strapping.,0.0
29-1071.01,Collect and document patients' pre-anesthetic health histories.,0.0
29-1071.01,Assist in the provision of advanced life support techniques including those procedures using high frequency ventilation or intra-arterial cardiovascular assistance devices.,0.0
29-1071.01,Monitor and document patients' progress during post-anesthesia period.,0.0
29-1071.01,"Administer anesthetic, adjuvant, or accessory drugs under the direction of an anesthesiologist.",0.0
29-1071.01,"Provide clinical instruction, supervision or training to staff in areas such as anesthesia practices.",0.0
29-1081.00,"Diagnose diseases and deformities of the foot using medical histories, physical examinations, x-rays, and laboratory test results.",0.0
29-1081.00,"Prescribe medications, corrective devices, physical therapy, or surgery.",0.0
29-1081.00,Advise patients about treatments and foot care techniques necessary for prevention of future problems.,0.0
29-1081.00,"Treat bone, muscle, and joint disorders affecting the feet and ankles.",0.0
29-1122.00,Complete and maintain necessary records.,0.0
29-1122.00,Test and evaluate patients' physical and mental abilities and analyze medical data to determine realistic rehabilitation goals for patients.,0.0
29-1122.00,Evaluate patients' progress and prepare reports that detail progress.,0.0
29-1122.00,"Plan, organize, and conduct occupational therapy programs in hospital, institutional, or community settings to help rehabilitate those impaired because of illness, injury or psychological or developmental problems.",0.0
29-1122.00,Select activities that will help individuals learn work and life-management skills within limits of their mental or physical capabilities.,0.0
29-1069.12,"Prescribe medications to treat patients with erectile dysfunction (ED), infertility, or ejaculation problems.",0.0
29-1069.12,"Diagnose or treat diseases or disorders of genitourinary organs and tracts including erectile dysfunction (ED), infertility, incontinence, bladder cancer, prostate cancer, urethral stones, or premature ejaculation.",0.0
29-1069.12,"Order and interpret the results of diagnostic tests, such as prostate specific antigen (PSA) screening, to detect prostate cancer.",0.0
29-1069.12,"Perform abdominal, pelvic, or retroperitoneal surgeries.",0.0
29-1071.00,Examine patients to obtain information about their physical condition.,0.0
29-1071.00,Make tentative diagnoses and decisions about management and treatment of patients.,0.0
29-1071.00,Prescribe therapy or medication with physician approval.,0.0
29-1071.00,"Administer or order diagnostic tests, such as x-ray, electrocardiogram, and laboratory tests.",0.0
29-1124.00,"Educate, prepare, and reassure patients and their families by answering questions, providing physical assistance, and reinforcing physicians' advice regarding treatment reactions or post-treatment care.",0.0
29-1123.00,Conduct or support research and apply research findings to practice.,0.0
29-1123.00,Participate in community or community agency activities or help to formulate public policy.,0.0
29-1123.00,Direct group rehabilitation activities.,0.0
29-1123.00,"Construct, maintain, or repair medical supportive devices.",0.0
29-1124.00,"Position patients for treatment with accuracy, according to prescription.",0.0
29-1124.00,"Administer prescribed doses of radiation to specific body parts, using radiation therapy equipment according to established practices and standards.",0.0
29-1124.00,"Follow principles of radiation protection for patient, self, and others.",0.0
29-1124.00,"Review prescription, diagnosis, patient chart, and identification.",0.0
29-1122.01,"Assess clients' functioning in areas such as vision, orientation and mobility skills, social and emotional issues, cognition, physical abilities, and personal goals.",0.0
29-1122.01,Monitor clients' progress to determine whether changes in rehabilitation plans are needed.,0.0
29-1122.01,"Develop rehabilitation or instructional plans collaboratively with clients, based on results of assessments, needs, and goals.",0.0
29-1122.01,"Collaborate with specialists, such as rehabilitation counselors, speech pathologists, and occupational therapists, to provide client solutions.",0.0
33-1011.00,Convey correctional officers' or inmates' complaints to superiors.,0.0
33-1011.00,"Restrain, secure, or control offenders, using chemical agents, firearms, or other weapons of force as necessary.",0.0
33-1011.00,Resolve problems between inmates.,0.0
33-1012.00,"Supervise and coordinate the investigation of criminal cases, offering guidance and expertise to investigators, and ensuring that procedures are conducted in accordance with laws and regulations.",0.0
33-1012.00,"Maintain logs, prepare reports, and direct the preparation, handling, and maintenance of departmental records.",0.0
33-1012.00,Explain police operations to subordinates to assist them in performing their job duties.,0.0
33-1012.00,Review contents of written orders to ensure adherence to legal requirements.,0.0
33-1012.00,Investigate and resolve personnel problems within organization and charges of misconduct against staff.,0.0
31-9099.01,Test or maintain equipment to ensure correct performance.,0.0
31-9097.00,"Monitor blood or plasma donors during and after procedures to ensure health, safety, and comfort.",0.0
31-9097.00,"Perform saline flushes or dispense anticoagulant drugs, such as Heparin, through intravenous (IV) lines, in accordance with licensing restrictions and under the direction of a medical doctor.",0.0
31-9097.00,Conduct hemoglobin tests to ensure donor iron levels are normal.,0.0
31-9097.00,"Calibrate or maintain machines, such as those used for plasma collection.",0.0
31-9097.00,"Administer subcutaneous or intramuscular injects, in accordance with licensing restrictions.",0.0
31-9099.01,Implement treatment plans or protocols as directed by speech-language pathologists.,0.0
31-9099.01,Document clients' progress toward meeting established treatment objectives.,0.0
31-9099.01,Assist speech-language pathologists in the remediation or development of speech and language skills.,0.0
31-9099.01,Collect and compile data to document clients' performance or assess program quality.,0.0
31-9099.02,"Clean, disinfect, or calibrate scopes or other endoscopic instruments according to manufacturer recommendations and facility standards.",0.0
31-9099.02,Perform safety checks to verify proper equipment functioning.,0.0
31-9099.02,Maintain or repair endoscopic equipment.,0.0
31-9099.02,Assist physicians or registered nurses in the conduct of endoscopic procedures.,0.0
33-2011.01,"Inspect buildings for fire hazards and compliance with fire prevention ordinances, testing and checking smoke alarms and fire suppression equipment as necessary.",0.0
33-2011.01,"Respond to fire alarms and other calls for assistance, such as automobile and industrial accidents.",0.0
33-2011.01,"Assess fires and situations and report conditions to superiors to receive instructions, using two-way radios.",0.0
33-2011.01,"Position and climb ladders to gain access to upper levels of buildings, or to rescue individuals from burning structures.",0.0
33-2011.01,"Create openings in buildings for ventilation or entrance, using axes, chisels, crowbars, electric saws, or core cutters.",0.0
33-2011.02,Collaborate with other firefighters as a member of a firefighting crew.,0.0
33-2011.02,"Extinguish flames and embers to suppress fires, using shovels or engine- or hand-driven water or chemical pumps.",0.0
33-2011.02,"Maintain contact with fire dispatchers at all times to notify them of the need for additional firefighters and supplies, or to detail any difficulties encountered.",0.0
33-2011.02,Patrol burned areas after fires to locate and eliminate hot spots that may restart fires.,0.0
33-2011.02,"Orient self in relation to fire, using compass and map, and collect supplies and equipment dropped by parachute.",0.0
33-2021.01,"Inspect buildings to locate hazardous conditions and fire code violations, such as accumulations of combustible material, electrical wiring problems, and inadequate or non-functional fire exits.",0.0
33-2021.01,"Identify corrective actions necessary to bring properties into compliance with applicable fire codes, laws, regulations, and standards, and explain these measures to property owners or their representatives.",0.0
33-1021.01,"Recommend personnel actions related to disciplinary procedures, performance, leaves of absence, and grievances.",0.0
33-1021.01,Assign firefighters to jobs at strategic locations to facilitate rescue of persons and maximize application of extinguishing agents.,0.0
33-1021.01,"Provide emergency medical services as required, and perform light to heavy rescue functions at emergencies.",0.0
33-1021.01,"Assess nature and extent of fire, condition of building, danger to adjacent buildings, and water supply status to determine crew or company requirements.",0.0
33-1021.01,"Instruct and drill fire department personnel in assigned duties, including firefighting, medical care, hazardous materials response, fire prevention, and related subjects.",0.0
33-1021.02,Recommend equipment modifications or new equipment purchases.,0.0
33-1021.02,"Communicate fire details to superiors, subordinates, or interagency dispatch centers, using two-way radios.",0.0
33-1021.02,"Serve as a working leader of an engine, hand, helicopter, or prescribed fire crew of three or more firefighters.",0.0
33-1021.02,"Maintain fire suppression equipment in good condition, checking equipment periodically to ensure that it is ready for use.",0.0
33-2021.01,Conduct fire code compliance follow-ups to ensure that corrective actions have been taken in cases where violations were found.,0.0
31-9093.00,Record sterilizer test results.,0.0
31-9092.00,Perform routine laboratory tests and sample analyses.,0.0
31-9092.00,"Perform general office duties, such as answering telephones, taking dictation, or completing insurance forms.",0.0
31-9092.00,Greet and log in patients arriving at office or clinic.,0.0
31-9092.00,"Help physicians examine and treat patients, handing them instruments or materials or performing such tasks as giving injections or removing sutures.",0.0
31-9093.00,"Operate and maintain steam autoclaves, keeping records of loads completed, items in loads, and maintenance procedures performed.",0.0
31-9093.00,Clean instruments to prepare them for sterilization.,0.0
31-9093.00,"Organize and assemble routine or specialty surgical instrument trays or other sterilized supplies, filling special requests as needed.",0.0
31-9093.00,"Examine equipment to detect leaks, worn or loose parts, or other indications of disrepair.",0.0
31-9091.00,Order and monitor dental supplies and equipment inventory.,0.0
31-9011.00,Refer clients to other types of therapists when necessary.,0.0
31-9011.00,"Consult with other health care professionals, such as physiotherapists, chiropractors, physicians, and psychologists, to develop treatment plans for clients.",0.0
31-9011.00,Perform other adjunctive therapies or treatment techniques in addition to massage.,0.0
31-9011.00,Prepare and blend oils and apply the blends to clients' skin.,0.0
31-9011.00,"Use complementary aids, such as infrared lamps, wet compresses, ice, and whirlpool baths to promote clients' recovery, relaxation, and well-being.",0.0
31-9091.00,"Prepare patient, sterilize or disinfect instruments, set up instrument trays, prepare materials, or assist dentist during dental procedures.",0.0
31-9091.00,Record treatment information in patient records.,0.0
31-9091.00,Expose dental diagnostic x-rays.,0.0
31-9091.00,Take and record medical and dental histories and vital signs of patients.,0.0
31-9096.00,Exercise animals or provide them with companionship.,0.0
31-9096.00,Prepare examination or treatment rooms by stocking them with appropriate supplies.,0.0
31-9096.00,Provide assistance with euthanasia of animals or disposal of corpses.,0.0
31-9096.00,"Record information relating to animal genealogy, feeding schedules, appearance, behavior, or breeding.",0.0
31-9095.00,"Process medical insurance claims, posting bill amounts and calculating copayments.",0.0
31-9095.00,Greet customers and help them locate merchandise.,0.0
31-9095.00,"Accept prescriptions for filling, gathering and processing necessary information.",0.0
33-2021.01,"Attend training classes to maintain current knowledge of fire prevention, safety, and firefighting procedures.",0.0
33-2021.01,"Write detailed reports of fire inspections performed, fire code violations observed, and corrective recommendations offered.",0.0
33-3031.00,Participate in firefighting efforts.,0.0
33-3031.00,"Address schools, civic groups, sporting clubs, or the media to disseminate information concerning wildlife conservation and regulations.",0.0
33-3031.00,Recommend revisions in hunting and trapping regulations or in animal management programs so that wildlife balances or habitats can be maintained.,0.0
33-3031.00,"Inspect commercial operations relating to fish or wildlife, recreation, or protected areas.",0.0
33-3031.00,Survey areas and compile figures of bag counts of hunters to determine the effectiveness of control measures.,0.0
33-3041.00,Patrol an assigned area by vehicle or on foot to ensure public compliance with existing parking ordinance.,0.0
33-3041.00,"Maintain close communications with dispatching personnel, using two-way radios or cell phones.",0.0
33-3041.00,Write warnings and citations for illegally parked vehicles.,0.0
33-3041.00,"Mark tires of parked vehicles with chalk and record time of marking, and return at regular intervals to ensure that parking time limits are not exceeded.",0.0
33-3041.00,Respond to and make radio dispatch calls regarding parking violations and complaints.,0.0
33-3021.06,Establish criminal profiles to aid in connecting criminal organizations with their members.,0.0
33-3021.05,"Record and report job-related activities, findings, transactions, violations, discrepancies, and decisions.",0.0
33-3021.05,Determine duty and taxes to be paid on goods.,0.0
33-3021.05,"Collect samples of merchandise for examination, appraisal, or testing.",0.0
33-3021.05,Investigate applications for duty refunds and petition for remission or mitigation of penalties when warranted.,0.0
33-3021.06,Validate known intelligence with data from other sources.,0.0
33-3021.06,"Gather, analyze, correlate, or evaluate information from a variety of resources, such as law enforcement databases.",0.0
33-9011.00,"Capture and remove stray, uncontrolled, or abused animals from undesirable conditions, using nets, nooses, or tranquilizer darts as necessary.",0.0
33-3051.03,Place people in protective custody.,0.0
33-3052.00,"Patrol railroad yards, cars, stations, or other facilities to protect company property or shipments and to maintain order.",0.0
33-3052.00,Examine credentials of unauthorized persons attempting to enter secured areas.,0.0
33-3052.00,Apprehend or remove trespassers or thieves from railroad property or coordinate with law enforcement agencies in apprehensions and removals.,0.0
33-3052.00,"Investigate or direct investigations of freight theft, suspicious damage or loss of passengers' valuables, or other crimes on railroad property.",0.0
33-9011.00,"Investigate reports of animal attacks or animal cruelty, interviewing witnesses, collecting evidence, and writing reports.",0.0
33-9011.00,"Examine animals for injuries or malnutrition, and arrange for any necessary medical treatment.",0.0
33-3051.03,"Locate and confiscate real or personal property, as directed by court order.",0.0
33-9011.00,Remove captured animals from animal-control service vehicles and place animals in shelter cages or other enclosures.,0.0
33-3051.03,"Supervise law enforcement staff, such as jail staff, officers, and deputy sheriffs.",0.0
33-3051.03,"Transport or escort prisoners and defendants en route to courtrooms, prisons or jails, attorneys' offices, or medical facilities.",0.0
33-3051.01,Relay complaint and emergency-request information to appropriate agency dispatchers.,0.0
33-3051.01,"Provide for public safety by maintaining order, responding to emergencies, protecting people and property, enforcing motor vehicle and criminal laws, and promoting good community relations.",0.0
33-3051.01,"Monitor, note, report, and investigate suspicious persons and situations, safety hazards, and unusual or illegal activity in patrol area.",0.0
33-3051.01,"Identify, pursue, and arrest suspects and perpetrators of criminal acts.",0.0
33-3051.03,"Patrol and guard courthouses, grand jury rooms, or assigned areas to provide security, enforce laws, maintain order, and arrest violators.",0.0
33-3011.00,"Screen, control, and handle evidence and exhibits during court proceedings.",0.0
33-2022.00,"Examine and inventory firefighting equipment, such as axes, fire hoses, shovels, pumps, buckets, and fire extinguishers, to determine amount and condition.",0.0
33-2022.00,"Direct maintenance and repair of firefighting equipment, or requisition new equipment.",0.0
33-2022.00,Restrict public access and recreational use of forest lands during critical fire seasons.,0.0
33-2022.00,"Patrol assigned areas, looking for forest fires, hazardous conditions, and weather phenomena.",0.0
33-2022.00,"Compile and report meteorological data, such as temperature, relative humidity, wind direction and velocity, and types of cloud formations.",0.0
33-3011.00,"Screen persons entering courthouse using magnetometers, x-ray machines, and other devices to collect and retain unauthorized firearms and other contraband.",0.0
33-3011.00,Provide security by patrolling interior and exterior of courthouse and escorting judges and other court employees.,0.0
33-3011.00,Enforce courtroom rules of behavior and warn persons not to smoke or disturb court procedure.,0.0
33-3011.00,Maintain order in courtroom during trial and guard jury from outside contact.,0.0
33-3012.00,Conduct head counts to ensure that each prisoner is present.,0.0
33-3012.00,"Monitor conduct of prisoners in housing unit, or during work or recreational activities, according to established policies, regulations, and procedures, to prevent escape or violence.",0.0
33-3012.00,"Inspect conditions of locks, window bars, grills, doors, and gates at correctional facilities to ensure security and help prevent escapes.",0.0
33-3012.00,"Search prisoners and vehicles and conduct shakedowns of cells for valuables and contraband, such as weapons or drugs.",0.0
33-3012.00,"Use weapons, handcuffs, and physical force to maintain discipline and order among prisoners.",0.0
33-2021.02,Photograph damage and evidence related to causes of fires or explosions to document investigation findings.,0.0
33-2021.02,"Examine fire sites and collect evidence such as glass, metal fragments, charred wood, and accelerant residue for use in determining the cause of a fire.",0.0
33-2021.02,Analyze evidence and other information to determine probable cause of fire or explosion.,0.0
33-2021.02,"Package collected pieces of evidence in securely closed containers, such as bags, crates, or boxes, to protect them.",0.0
33-2021.02,"Testify in court cases involving fires, suspected arson, and false alarms.",0.0
33-3021.02,"Coordinate or conduct instructional classes or in-services, such as citizen police academy classes and crime scene training for other officers.",0.0
33-3021.01,Maintain surveillance of establishments to obtain identifying information on suspects.,0.0
33-3021.01,Notify command of situation and request assistance.,0.0
33-3021.01,"Notify, or request notification of, medical examiner or district attorney representative.",0.0
33-3021.02,Maintain records of evidence and write and review reports.,0.0
33-3021.02,"Package, store and retrieve evidence.",0.0
33-3021.02,"Dust selected areas of crime scene and lift latent fingerprints, adhering to proper preservation procedures.",0.0
33-3021.02,Photograph crime or accident scenes for evidence records.,0.0
33-3021.01,"Organize scene search, assigning specific tasks and areas of search to individual officers and obtaining adequate lighting as necessary.",0.0
33-3021.03,Obtain and verify evidence by interviewing and observing suspects and witnesses or by analyzing records.,0.0
33-3021.03,"Identify case issues and evidence needed, based on analysis of charges, complaints, or allegations of law violations.",0.0
33-3021.03,Testify before grand juries concerning criminal activity investigations.,0.0
33-3021.03,"Search for and collect evidence, such as fingerprints, using investigative equipment.",0.0
33-3021.01,Participate or assist in raids and arrests.,0.0
29-2099.05,"Create three-dimensional images of the eye, using computed tomography (CT).",0.0
29-2099.05,"Assess refractive condition of eyes, using retinoscope.",0.0
29-2099.05,"Assist physicians in performing ophthalmic procedures, including surgery.",0.0
29-2099.05,Clean or sterilize ophthalmic or surgical instruments.,0.0
29-2099.06,Position patient on examining table and set up and adjust equipment to obtain optimum view of specific body area as requested by physician.,0.0
29-2099.06,Process exposed radiographs using film processors or computer generated methods.,0.0
29-2099.06,Determine patients' x-ray needs by reading requests or instructions from physicians.,0.0
29-2099.06,"Make exposures necessary for the requested procedures, rejecting and repeating work that does not meet established standards.",0.0
29-2099.06,Operate digital picture archiving communications systems.,0.0
29-2099.07,Verify the identity of patient or operative site.,0.0
29-2099.01,Collect patients' medical information needed to customize tests.,0.0
29-2092.00,Train clients to use hearing aids or other augmentative communication devices.,0.0
29-2092.00,Create or modify impressions for earmolds and hearing aid shells.,0.0
29-2092.00,Demonstrate assistive listening devices (ALDs) to clients.,0.0
29-2092.00,Diagnose and treat hearing or related disabilities under the direction of an audiologist.,0.0
29-2099.01,"Conduct tests or studies such as electroencephalography (EEG), polysomnography (PSG), nerve conduction studies (NCS), electromyography (EMG), and intraoperative monitoring (IOM).",0.0
29-2099.01,"Indicate artifacts or interferences derived from sources outside of the brain, such as poor electrode contact or patient movement, on electroneurodiagnostic recordings.",0.0
29-2099.01,"Monitor patients during tests or surgeries, using electroencephalographs (EEG), evoked potential (EP) instruments, or video recording equipment.",0.0
29-2099.01,"Conduct tests to determine cerebral death, the absence of brain activity, or the probability of recovery from a coma.",0.0
29-2099.07,Monitor and maintain aseptic technique throughout procedures.,0.0
29-9011.00,Conduct audits at hazardous waste sites or industrial sites or participate in hazardous waste site investigations.,0.0
29-9011.00,"Collect samples of dust, gases, vapors, or other potentially toxic materials for analysis.",0.0
29-9011.00,"Investigate the adequacy of ventilation, exhaust equipment, lighting, or other conditions that could affect employee health, comfort, or performance.",0.0
29-9011.00,Conduct safety training or education programs and demonstrate the use of safety equipment.,0.0
29-9011.00,Investigate health-related complaints and inspect facilities to ensure that they comply with public health legislation and regulations.,0.0
29-9012.00,"Test workplaces for environmental hazards, such as exposure to radiation, chemical or biological hazards, or excessive noise.",0.0
29-9012.00,"Verify availability or monitor use of safety equipment, such as hearing protection or respirators.",0.0
29-9012.00,"Supply, operate, or maintain personal protective equipment.",0.0
29-9012.00,Evaluate situations or make determinations when a worker has refused to work on the grounds that danger or potential harm exists.,0.0
29-9012.00,Maintain all required environmental records and documentation.,0.0
29-2099.07,Cover patients with surgical drapes to create and maintain a sterile operative field.,0.0
29-2099.07,"Monitor patient intra-operative status, including patient position, vital signs, or volume and color of blood.",0.0
29-2099.07,"Coordinate or participate in the positioning of patients, using body stabilizing equipment or protective padding to provide appropriate exposure for the procedure or to protect against nerve damage or circulation impairment.",0.0
29-2057.00,Maintain ophthalmic instruments or equipment.,0.0
29-2056.00,"Bathe animals, clip nails or claws, and brush or cut animals' hair.",0.0
29-2056.00,"Conduct specialized procedures, such as animal branding or tattooing or hoof trimming.",0.0
29-2057.00,Conduct tonometry or tonography tests to measure intraocular pressure.,0.0
29-2057.00,"Measure visual acuity, including near, distance, pinhole, or dynamic visual acuity, using appropriate tests.",0.0
29-2057.00,Administer topical ophthalmic or oral medications.,0.0
29-2056.00,Monitor medical supplies and place orders when inventory is low.,0.0
29-2061.00,"Administer prescribed medications or start intravenous fluids, noting times and amounts on patients' charts.",0.0
29-2061.00,"Observe patients, charting and reporting changes in patients' conditions, such as adverse reactions to medication or treatment, and taking any necessary action.",0.0
29-2061.00,Answer patients' calls and determine how to assist them.,0.0
29-2061.00,"Provide basic patient care or treatments, such as taking temperatures or blood pressures, dressing wounds, treating bedsores, giving enemas or douches, rubbing with alcohol, massaging, or performing catheterizations.",0.0
29-2061.00,"Work as part of a healthcare team to assess patient needs, plan and modify care, and implement interventions.",0.0
29-2056.00,"Perform a variety of office, clerical, or accounting duties, such as reception, billing, bookkeeping, or selling products.",0.0
29-2056.00,Supervise or train veterinary students or other staff members.,0.0
29-2091.00,Publish research findings or present them at conferences and seminars.,0.0
29-2081.00,Arrange and maintain displays of optical merchandise.,0.0
29-2081.00,"Heat, shape, or bend plastic or metal frames to adjust eyeglasses to fit clients, using pliers and hands.",0.0
29-2081.00,"Show customers how to insert, remove, and care for their contact lenses.",0.0
29-2081.00,"Determine clients' current lens prescriptions, when necessary, using lensometers or lens analyzers and clients' eyeglasses.",0.0
29-2081.00,"Maintain records of customer prescriptions, work orders, and payments.",0.0
29-2091.00,"Examine, interview, and measure patients to determine their appliance needs and to identify factors that could affect appliance fit.",0.0
29-2091.00,"Fit, test, and evaluate devices on patients, and make adjustments for proper fit, function, and comfort.",0.0
29-2091.00,Instruct patients in the use and care of orthoses and prostheses.,0.0
29-2091.00,Maintain patients' records.,0.0
31-2011.00,"Instruct, or assist in instructing, patients and families in home programs, basic living skills, or the care and use of adaptive equipment.",0.0
31-1015.00,"Stock or issue medical supplies, such as dressing packs or treatment trays.",0.0
31-1015.00,"Stock utility rooms, nonmedical storage rooms, or cleaning carts with supplies.",0.0
31-1015.00,"Supply, collect, or empty bedpans.",0.0
31-1015.00,Transport bodies to the morgue.,0.0
31-1015.00,Transport portable medical equipment or medical supplies between rooms or departments.,0.0
31-2011.00,Select therapy activities to fit patients' needs and capabilities.,0.0
31-2011.00,"Monitor patients' performance in therapy activities, providing encouragement.",0.0
31-2011.00,Maintain and promote a positive attitude toward clients and their treatment programs.,0.0
31-2011.00,"Observe and record patients' progress, attitudes, and behavior and maintain this information in client records.",0.0
31-1014.00,"Transport patients to treatment units, testing units, operating rooms, or other areas, using wheelchairs, stretchers, or moveable beds.",0.0
31-1014.00,Prepare or serve food trays.,0.0
31-1014.00,"Clean and sanitize patient rooms, bathrooms, examination rooms, or other patient areas.",0.0
31-1014.00,Record height or weight of patients.,0.0
31-1014.00,"Collect specimens, such as urine, feces, or sputum.",0.0
31-2022.00,"Confer with physical therapy staff or others to discuss and evaluate patient information for planning, modifying, or coordinating treatment.",0.0
31-2021.00,"Perform clerical duties, such as taking inventory, ordering supplies, answering telephone, taking messages, or filling out forms.",0.0
31-2021.00,"Perform postural drainage, percussions, or vibrations or teach deep breathing exercises to treat respiratory conditions.",0.0
31-2021.00,"Administer traction to relieve neck or back pain, using intermittent or static traction equipment.",0.0
31-2021.00,Prepare treatment areas and electrotherapy equipment for use by physiotherapists.,0.0
31-2022.00,Clean and organize work area and disinfect equipment after treatment.,0.0
31-2022.00,"Instruct, motivate, safeguard, or assist patients practicing exercises or functional activities, under direction of medical staff.",0.0
31-2022.00,Record treatment given and equipment used.,0.0
31-2021.00,Monitor operation of equipment and record use of equipment and administration of treatment.,0.0
31-2012.00,Adjust and repair assistive devices and make adaptive changes to other equipment and to environments.,0.0
31-2012.00,Encourage patients and attend to their physical needs to facilitate the attainment of therapeutic goals.,0.0
31-2012.00,"Report to supervisors or therapists, verbally or in writing, on patients' progress, attitudes, attendance, and accomplishments.",0.0
31-2012.00,Supervise patients in choosing and completing work assignments or arts and crafts projects.,0.0
29-9092.00,"Evaluate or make recommendations for standards of care or clinical operations, ensuring compliance with applicable regulations, ethics, legislation, or policies.",0.0
29-9091.00,Teach sports medicine courses to athletic training students.,0.0
29-9091.00,"Perform team support duties, such as running errands, maintaining equipment, or stocking supplies.",0.0
29-9092.00,Interpret laboratory results and communicate findings to patients or physicians.,0.0
29-9091.00,"Massage body parts to relieve soreness, strains, or bruises.",0.0
29-9099.01,"Monitor maternal condition during labor by checking vital signs, monitoring uterine contractions, or performing physical examinations.",0.0
29-9099.01,"Monitor fetal growth and well-being through heartbeat detection, body measurement, and palpation.",0.0
29-9099.01,"Provide necessary medical care for infants at birth, including emergency care such as resuscitation.",0.0
29-9099.01,Establish and follow emergency or contingency plans for mothers and newborns.,0.0
29-9099.01,Identify tubal and ectopic pregnancies and refer patients for treatments.,0.0
29-9091.00,Lead stretching exercises for team members prior to games or practices.,0.0
31-1013.00,"Participate in recreational activities with patients, including card games, sports, or television viewing.",0.0
31-1013.00,Complete physical checks and monitor patients to detect unusual or harmful behavior and report observations to professional staff.,0.0
31-1013.00,Restrain or aid patients as necessary to prevent injury.,0.0
31-1013.00,Serve meals or feed patients needing assistance or persuasion.,0.0
31-1013.00,"Work as part of a team that may include psychiatrists, psychologists, psychiatric nurses, or social workers.",0.0
31-1011.00,Change dressings.,0.0
31-1011.00,"Accompany clients to doctors' offices or on other trips outside the home, providing transportation, assistance, and companionship.",0.0
31-1011.00,"Maintain records of patient care, condition, progress, or problems to report and discuss observations with supervisor or case manager.",0.0
31-1011.00,"Provide patients with help moving in and out of beds, baths, wheelchairs, or automobiles and with dressing and grooming.",0.0
25-1191.00,Copy and distribute classroom materials.,0.0
25-1191.00,Demonstrate use of laboratory equipment and enforce laboratory rules.,0.0
25-1191.00,Complete laboratory projects prior to assigning them to students so that any needed modifications can be made.,0.0
25-1194.00,Supervise and monitor students' use of tools and equipment.,0.0
25-1194.00,Determine training needs of students or workers.,0.0
25-2051.00,"Collaborate with other teachers or administrators to develop, evaluate, or revise preschool programs.",0.0
25-2011.00,Meet with other professionals to discuss individual students' needs and progress.,0.0
21-1094.00,"Contact clients in person, by phone, or in writing to ensure they have completed required or recommended actions.",0.0
21-1093.00,"Transport and accompany clients to shopping areas or to appointments, using automobile.",0.0
21-1093.00,Demonstrate use and care of equipment for tenant use.,0.0
21-1093.00,"Explain rules established by owner or management, such as sanitation or maintenance requirements or parking regulations.",0.0
21-1093.00,"Assist clients with preparation of forms, such as tax or rent forms.",0.0
21-1093.00,Observe and discuss meal preparation and suggest alternate methods of food preparation.,0.0
21-1094.00,"Maintain updated client records with plans, notes, appropriate forms, or related information.",0.0
21-1094.00,"Advise clients or community groups on issues related to improving general health, such as diet or exercise.",0.0
21-1094.00,"Identify or contact members of high-risk or otherwise targeted groups, such as members of minority populations, low-income populations, or pregnant women.",0.0
21-1094.00,"Distribute flyers, brochures, or other informational or educational documents to inform members of a targeted community.",0.0
21-1092.00,"Gather information about offenders' backgrounds by talking to offenders, their families and friends, and other people who have relevant information.",0.0
21-1092.00,Interview probationers and parolees regularly to evaluate their progress in accomplishing goals and maintaining the terms specified in their probation contracts and rehabilitation plans.,0.0
21-1092.00,Recommend remedial action or initiate court action in response to noncompliance with terms of probation or parole.,0.0
21-1092.00,"Administer drug and alcohol tests, including random drug screens of offenders, to verify compliance with substance abuse treatment programs.",0.0
21-1092.00,Prepare and maintain case folder for each assigned inmate or offender.,0.0
21-1091.00,"Develop, prepare, and coordinate grant applications and grant-related activities to obtain funding for health education programs and related work.",0.0
23-1011.00,"Study Constitution, statutes, decisions, regulations, and ordinances of quasi-judicial bodies to determine ramifications for cases.",0.0
21-2021.00,"Counsel individuals regarding interpersonal, health, financial, or religious problems.",0.0
21-2021.00,"Confer with clergy members, congregational officials, or congregational organizations to encourage support of or participation in religious education activities.",0.0
21-2021.00,Analyze member participation or changes in congregational emphasis to determine needs for religious education.,0.0
23-1011.00,Represent clients in court or before government agencies.,0.0
21-2011.00,Administer religious rites or ordinances.,0.0
21-2011.00,Pray and promote spirituality.,0.0
21-2011.00,Organize and lead regular religious services.,0.0
21-1091.00,Develop and maintain health education libraries to provide resources for staff and community agencies.,0.0
21-1091.00,"Develop, conduct, or coordinate health needs assessments and other public health surveys.",0.0
21-1014.00,Gather information about community mental health needs or resources that could be used in conjunction with therapy.,0.0
21-1014.00,Develop and implement treatment plans based on clinical experience and knowledge.,0.0
21-1014.00,"Evaluate clients' physical or mental condition, based on review of client information.",0.0
21-1014.00,Act as client advocates to coordinate required services or to resolve emergency problems in crisis situations.,0.0
21-1015.00,"Develop rehabilitation plans that fit clients' aptitudes, education levels, physical abilities, and career goals.",0.0
21-1015.00,Monitor and record clients' progress to ensure that goals and objectives are met.,0.0
21-1015.00,Confer with clients to discuss their options and goals so that rehabilitation programs and plans for accessing needed services can be developed.,0.0
21-1015.00,Maintain close contact with clients during job training and placements to resolve problems and evaluate placement adequacy.,0.0
21-1015.00,"Confer with physicians, psychologists, occupational therapists, and other professionals to develop and implement client rehabilitation programs.",0.0
21-1013.00,"Develop and implement individualized treatment plans addressing family relationship problems, destructive patterns of behavior, and other personal issues.",0.0
21-1013.00,Ask questions that will help clients identify their feelings and behaviors.,0.0
21-1013.00,Encourage individuals and family members to develop and use skills and strategies for confronting their problems in a constructive manner.,0.0
21-1013.00,"Maintain case files that include activities, progress notes, evaluations, and recommendations.",0.0
21-1013.00,Confer with clients to develop plans for posttreatment activities.,0.0
21-1021.00,"Counsel individuals, groups, families, or communities regarding issues including mental health, poverty, unemployment, substance abuse, physical abuse, rehabilitation, social adjustment, child care, or medical care.",0.0
21-1023.00,"Assist clients in adhering to treatment plans, such as setting up appointments, arranging for transportation to appointments, or providing support.",0.0
21-1022.00,"Plan and conduct programs to combat social problems, prevent substance abuse, or improve community health and counseling services.",0.0
21-1022.00,Supervise and direct other workers providing services to clients or patients.,0.0
21-1022.00,Oversee Medicaid- and Medicare-related paperwork and recordkeeping in hospitals.,0.0
21-1022.00,Develop or advise on social policy and assist in community development.,0.0
21-1023.00,"Counsel clients in individual or group sessions to assist them in dealing with substance abuse, mental or physical illness, poverty, unemployment, or physical abuse.",0.0
21-1023.00,"Interview clients, review records, conduct assessments, or confer with other professionals to evaluate the mental or physical condition of clients or patients.",0.0
21-1023.00,"Collaborate with counselors, physicians, or nurses to plan or coordinate treatment, drawing on social work experience and patient needs.",0.0
21-1021.00,"Interview clients individually, in families, or in groups, assessing their situations, capabilities, and problems to determine what services are required to meet their needs.",0.0
21-1021.00,Recommend temporary foster care and advise foster or adoptive parents.,0.0
21-1021.00,"Serve as liaisons between students, homes, schools, family services, child guidance clinics, courts, protective services, doctors, and other contacts to help children who face problems, such as disabilities, abuse, or poverty.",0.0
23-1012.00,"Research laws, court decisions, documents, opinions, briefs, or other information related to cases before the court.",0.0
23-1012.00,"Confer with judges concerning legal questions, construction of documents, or granting of orders.",0.0
23-1012.00,"Draft or proofread judicial opinions, decisions, or citations.",0.0
23-1023.00,Impose restrictions upon parties in civil cases until trials can be held.,0.0
23-1022.00,Issue subpoenas or administer oaths to prepare for formal hearings.,0.0
23-1023.00,Rule on admissibility of evidence and methods of conducting testimony.,0.0
23-2011.00,"Prepare affidavits or other documents, such as legal correspondence, and organize and maintain documents in paper or electronic filing system.",0.0
23-2011.00,Prepare for trial by performing tasks such as organizing exhibits.,0.0
23-2011.00,Meet with clients and other professionals to discuss details of case.,0.0
23-1021.00,Monitor and direct the activities of trials and hearings to ensure that they are conducted fairly and that courts administer justice while safeguarding the legal rights of all involved parties.,0.0
23-1021.00,"Recommend the acceptance or rejection of claims or compromise settlements according to laws, regulations, policies, and precedent decisions.",0.0
23-2091.00,"Record verbatim proceedings of courts, legislative assemblies, committee meetings, and other proceedings, using computerized recording equipment, electronic stenograph machines, or stenomasks.",0.0
23-2091.00,Take notes in shorthand or use a stenotype or shorthand machine that prints letters on a paper tape.,0.0
23-2091.00,"Provide transcripts of proceedings upon request of judges, lawyers, or the public.",0.0
23-2093.00,Prepare lists of all legal instruments applying to a specific piece of land and the buildings on it.,0.0
23-2093.00,"Examine documentation such as mortgages, liens, judgments, easements, plat books, maps, contracts, and agreements to verify factors such as properties' legal descriptions, ownership, or restrictions.",0.0
23-2093.00,Read search requests to ascertain types of title evidence required and to obtain descriptions of properties and names of involved parties.,0.0
23-2093.00,"Copy or summarize recorded documents, such as mortgages, trust deeds, and contracts, that affect property titles.",0.0
27-2042.02,"Play musical instruments as soloists, or as members or guest artists of musical groups such as orchestras, ensembles, or bands.",0.0
27-2042.01,Sing as a soloist or as a member of a vocal group.,0.0
27-2042.01,"Interpret or modify music, applying knowledge of harmony, melody, rhythm, and voice production to individualize presentations and maintain audience interest.",0.0
27-2042.01,Practice singing exercises and study with vocal coaches to develop voice and skills and to rehearse for upcoming roles.,0.0
27-2042.01,Sing a cappella or with musical accompaniment.,0.0
27-2042.01,Observe choral leaders or prompters for cues or directions in vocal presentation.,0.0
27-2042.02,Specialize in playing a specific family of instruments or a particular type of music.,0.0
27-2042.02,Play from memory or by following scores.,0.0
27-2041.04,Copy parts from scores for individual performers.,0.0
27-2042.02,Sight-read musical parts during rehearsals.,0.0
27-2042.02,"Audition for orchestras, bands, or other musical groups.",0.0
27-3011.00,"Prepare and deliver news, sports, or weather reports, gathering and rewriting material so that it will convey required information and fit specific time slots.",0.0
27-3011.00,Read news flashes to inform audiences of important events.,0.0
27-3011.00,Study background information to prepare for programs or interviews.,0.0
27-3011.00,"Comment on music and other matters, such as weather or traffic conditions.",0.0
27-2041.04,"Collaborate with other colleagues, such as copyists, to complete final scores.",0.0
27-2041.01,"Coordinate and organize tours, or hire touring companies to arrange concert dates, venues, accommodations, and transportation for longer tours.",0.0
27-2032.00,"Record dance movements and their technical aspects, using a technical understanding of the patterns and formations of choreography.",0.0
27-2032.00,"Manage dance schools, or assist in their management.",0.0
27-2041.01,"Use gestures to shape the music being played, communicating desired tempo, phrasing, tone, color, pitch, volume, and other performance aspects.",0.0
27-2041.01,"Direct groups at rehearsals and live or recorded performances to achieve desired effects such as tonal and harmonic balance dynamics, rhythm, and tempo.",0.0
27-2041.01,"Plan and schedule rehearsals and performances, and arrange details such as locations, accompanists, and instrumentalists.",0.0
27-2041.04,"Apply elements of music theory to create musical and tonal structures, including harmonies and melodies.",0.0
27-2041.04,"Create original musical forms, or write within circumscribed musical forms such as sonatas, symphonies, or operas.",0.0
27-2041.04,"Determine voices, instruments, harmonic structures, rhythms, tempos, and tone balances required to achieve the effects desired in a musical composition.",0.0
27-2032.00,"Experiment with different types of dancers, steps, dances, and placements, testing ideas informally to get feedback from dancers.",0.0
27-3022.00,"Write online blog entries that address news developments or offer additional information, opinions, or commentary on news events.",0.0
27-3022.00,Assign stories to other reporters or duties to production staff.,0.0
27-3022.00,"Write columns, editorials, commentaries, or reviews that interpret events or offer opinions.",0.0
27-3021.00,Coordinate and serve as an anchor on news broadcast programs.,0.0
27-3021.00,"Write commentaries, columns, or scripts, using computers.",0.0
27-3021.00,"Examine news items of local, national, and international significance to determine topics to address, or obtain assignments from editorial staff members.",0.0
27-2032.00,"Design sets, lighting, costumes, and other artistic elements of productions, in collaboration with cast members.",0.0
27-2012.05,Test equipment to ensure proper operation.,0.0
27-2012.04,Prepare actors for auditions by providing scripts and information about roles and casting requirements.,0.0
27-2012.04,"Serve as liaisons between directors, actors, and agents.",0.0
27-2012.04,Attend or view productions to maintain knowledge of available actors.,0.0
27-2012.04,"Negotiate contract agreements with performers, with agents, or between performers and agents or production companies.",0.0
27-2012.05,Supervise and assign duties to workers engaged in technical control and production of radio and television programs.,0.0
27-2012.05,Monitor broadcasts to ensure that programs conform to station or network policies and regulations.,0.0
27-2012.05,Observe pictures through monitors and direct camera and video staff concerning shading and composition.,0.0
27-2012.05,Act as liaisons between engineering and production departments.,0.0
27-2021.00,Attend scheduled practice or training sessions.,0.0
27-2021.00,"Participate in athletic events or competitive sports, according to established rules and regulations.",0.0
27-2021.00,"Exercise or practice under the direction of athletic trainers or professional coaches to develop skills, improve physical condition, or prepare for competitions.",0.0
27-2021.00,"Maintain optimum physical fitness levels by training regularly, following nutrition plans, or consulting with health professionals.",0.0
27-2012.03,Prepare copy and edit tape so that material is ready for broadcasting.,0.0
27-2012.02,"Identify and approve equipment and elements required for productions, such as scenery, lights, props, costumes, choreography, and music.",0.0
27-2012.02,"Communicate to actors the approach, characterization, and movement needed for each scene in such a way that rehearsals and takes are minimized.",0.0
27-2012.03,"Plan and schedule programming and event coverage, based on broadcast length, time availability, and other factors, such as community needs, ratings data, and viewer demographics.",0.0
27-2012.03,"Coordinate activities between departments, such as news and programming.",0.0
27-2012.03,"Direct and coordinate activities of personnel engaged in broadcast news, sports, or programming.",0.0
27-2021.00,Maintain equipment used in a particular sport.,0.0
27-2031.00,Coordinate dancing with that of partners or dance ensembles.,0.0
27-2023.00,Signal participants or other officials to make them aware of infractions or to otherwise regulate play or competition.,0.0
27-2023.00,"Keep track of event times, including race times and elapsed time during game segments, starting or stopping play when necessary.",0.0
27-2023.00,Start races and competitions.,0.0
27-2023.00,"Resolve claims of rule infractions or complaints by participants and assess any necessary penalties, according to regulations.",0.0
27-2023.00,Verify scoring calculations before competition winners are announced.,0.0
27-2031.00,"Train, exercise, and attend dance classes to maintain high levels of technical proficiency, physical ability, and physical fitness.",0.0
27-2031.00,Study and practice dance moves required in roles.,0.0
27-2031.00,Harmonize body movements to rhythm of musical accompaniment.,0.0
27-2031.00,"Perform classical, modern, or acrobatic dances in productions, expressing stories, rhythm, and sound with their bodies.",0.0
27-2022.00,Negotiate with professional athletes or their representatives to obtain services and arrange contracts.,0.0
27-2022.00,"Serve as organizer, leader, instructor, or referee for outdoor and indoor games, such as volleyball, football, and soccer.",0.0
27-2022.00,Analyze the strengths and weaknesses of opposing teams to develop game strategies.,0.0
27-2022.00,"Provide training direction, encouragement, motivation, and nutritional advice to prepare athletes for games, competitive events, or tours.",0.0
27-2022.00,"Plan, organize, and conduct practice sessions.",0.0
29-1011.00,Analyze x-rays to locate the sources of patients' difficulties and to rule out fractures or diseases as sources of problems.,0.0
27-4032.00,"Supervise and coordinate activities of workers engaged in film editing, assembling, and recording activities.",0.0
29-1011.00,Evaluate the functioning of the neuromuscularskeletal system and the spine using systems of chiropractic diagnosis.,0.0
29-1011.00,"Diagnose health problems by reviewing patients' health and medical histories, questioning, observing, and examining patients and interpreting x-rays.",0.0
29-1011.00,Perform a series of manual adjustments to the spine or other articulations of the body to correct the musculoskeletal system.,0.0
29-1021.00,"Use masks, gloves, and safety glasses to protect patients and self from infectious diseases.",0.0
29-1021.00,"Examine teeth, gums, and related tissues, using dental instruments, x-rays, or other diagnostic equipment, to evaluate dental health, diagnose diseases or abnormalities, and plan appropriate treatments.",0.0
29-1021.00,Administer anesthetics to limit the amount of pain experienced by patients during procedures.,0.0
29-1021.00,"Use dental air turbines, hand instruments, dental appliances, or surgical implements.",0.0
27-4031.00,Direct studio productions.,0.0
27-4031.00,"Set up cameras, optical printers, and related equipment to produce photographs and special effects.",0.0
27-4031.00,"Assemble studio sets and select and arrange cameras, film stock, audio, or lighting equipment to be used during filming.",0.0
29-1031.00,Manage quantity food service departments or clinical and community nutrition services.,0.0
29-1024.00,"Fit prostheses to patients, making any necessary adjustments and modifications.",0.0
29-1024.00,"Restore function and aesthetics to traumatic injury victims, or to individuals with diseases or birth defects.",0.0
29-1024.00,"Collaborate with general dentists, specialists, and other health professionals to develop solutions to dental and oral health concerns.",0.0
29-1024.00,"Repair, reline, or rebase dentures.",0.0
29-1024.00,Place veneers onto teeth to conceal defects.,0.0
29-1031.00,"Monitor food service operations to ensure conformance to nutritional, safety, sanitation and quality standards.",0.0
29-1041.00,Analyze test results and develop a treatment plan.,0.0
29-1041.00,Prescribe medications to treat eye diseases if state laws permit.,0.0
29-1041.00,Remove foreign bodies from the eye.,0.0
29-1041.00,Prescribe therapeutic procedures to correct or conserve vision.,0.0
29-1041.00,Consult with and refer patients to ophthalmologist or other health care practitioner if additional medical treatment is determined necessary.,0.0
29-1022.00,"Provide emergency treatment of facial injuries including facial lacerations, intra-oral lacerations, and fractured facial bones.",0.0
29-1022.00,Administer general and local anesthetics.,0.0
29-1022.00,"Collaborate with other professionals, such as restorative dentists and orthodontists, to plan treatment.",0.0
29-1022.00,Evaluate the position of the wisdom teeth to determine whether problems exist currently or might occur in the future.,0.0
29-1022.00,"Remove impacted, damaged, and non-restorable teeth.",0.0
29-1023.00,Coordinate orthodontic services with other dental and medical services.,0.0
29-1023.00,"Study diagnostic records, such as medical or dental histories, plaster models of the teeth, photos of a patient's face and teeth, and X-rays, to develop patient treatment plans.",0.0
29-1023.00,Adjust dental appliances to produce and maintain normal function.,0.0
29-1023.00,Fit dental appliances in patients' mouths to alter the position and relationship of teeth and jaws or to realign teeth.,0.0
27-4011.00,"Determine formats, approaches, content, levels, and mediums to effectively meet objectives within budgetary constraints, using research, knowledge, and training.",0.0
27-3091.00,Adapt software and accompanying technical documents to another language and culture.,0.0
27-4011.00,"Install, adjust, and operate electronic equipment to record, edit, and transmit radio and television programs, motion pictures, video conferencing, or multimedia presentations.",0.0
27-4011.00,Diagnose and resolve media system problems.,0.0
27-3043.04,"Discuss with the client the product, advertising themes and methods, and any changes that should be made in advertising copy.",0.0
27-3043.04,Present drafts and ideas to clients.,0.0
27-4021.00,"Take pictures of individuals, families, and small groups, either in studio or on location.",0.0
27-4014.00,Convert video and audio recordings into digital formats for editing or archiving.,0.0
27-4014.00,"Reproduce and duplicate sound recordings from original recording media, using sound editing and duplication equipment.",0.0
27-4014.00,Tear down equipment after event completion.,0.0
27-4014.00,"Create musical instrument digital interface programs for music projects, commercials, or film postproduction.",0.0
27-4021.00,"Create artificial light, using flashes and reflectors.",0.0
27-4021.00,"Transfer photographs to computers for editing, archiving, and electronic transmission.",0.0
27-4014.00,"Set up, test, and adjust recording equipment for recording sessions and live performances.",0.0
27-4012.00,Observe monitors and converse with station personnel to determine audio and video levels and to ascertain that programs are airing.,0.0
27-4012.00,"Edit broadcast material electronically, using computers.",0.0
27-4012.00,Monitor and log transmitter readings.,0.0
27-4012.00,"Report equipment problems, ensure that repairs are made, and make emergency repairs to equipment when necessary and possible.",0.0
25-4011.00,Research and record the origins and historical significance of archival materials.,0.0
25-4011.00,Locate new materials and direct their acquisition and display.,0.0
25-4011.00,"Coordinate educational and public outreach programs, such as tours, workshops, lectures, and classes.",0.0
25-4013.00,"Clean objects, such as paper, textiles, wood, metal, glass, rock, pottery, and furniture, using cleansers, solvents, soap solutions, and polishes.",0.0
25-4013.00,Determine whether objects need repair and choose the safest and most effective method of repair.,0.0
25-4013.00,"Install, arrange, assemble, and prepare artifacts for exhibition, ensuring the artifacts' safety, reporting their status and condition, and identifying and correcting any problems with the set up.",0.0
25-4013.00,"Direct and supervise curatorial, technical, and student staff in the handling, mounting, care, and storage of art objects.",0.0
25-4013.00,"Perform tests and examinations to establish storage and conservation requirements, policies, and procedures.",0.0
25-4031.00,Send out notices about lost or overdue books.,0.0
25-9011.00,"Set up, adjust, and operate audio-visual equipment, such as cameras, film and slide projectors, and recording equipment, for meetings, events, classes, seminars, and video conferences.",0.0
25-4021.00,Develop library policies and procedures.,0.0
25-2059.01,"Communicate behavioral observations and student progress reports to students, parents, teachers, or administrators.",0.0
25-2059.01,"Provide adapted physical education services to students with intellectual disabilities, autism, traumatic brain injury, orthopedic impairments, or other disabling condition.",0.0
25-2059.01,Adapt instructional techniques to the age and skill levels of students.,0.0
25-2059.01,"Instruct students, using adapted physical education techniques, to improve physical fitness, gross motor skills, perceptual motor skills, or sports and game achievement.",0.0
25-9011.00,Direct and coordinate activities of assistants and other personnel during production.,0.0
25-9011.00,Confer with teachers to select course materials and to determine which training aids are best suited to particular grade levels.,0.0
25-9011.00,"Construct and position properties, sets, lighting equipment, and other equipment.",0.0
27-1024.00,"Mark up, paste, and assemble final layouts to prepare layouts for printer.",0.0
27-1023.00,Perform general cleaning duties in the store to ensure the shop is clean and tidy.,0.0
27-1023.00,"Conduct classes or demonstrations, or train other workers.",0.0
27-1023.00,Grow flowers for use in arrangements or for sale in shop.,0.0
27-1024.00,"Create designs, concepts, and sample layouts, based on knowledge of layout principles and esthetic design concepts.",0.0
27-1023.00,"Create and change in-store and window displays, designs, and looks to enhance a shop's image.",0.0
27-1025.00,"Coordinate with other professionals, such as contractors, architects, engineers, and plumbers, to ensure job success.",0.0
27-1025.00,Review and detail shop drawings for construction plans.,0.0
27-1025.00,"Estimate material requirements and costs, and present design to client for approval.",0.0
27-1025.00,"Subcontract fabrication, installation, and arrangement of carpeting, fixtures, accessories, draperies, paint and wall coverings, art work, furniture, and related items.",0.0
27-1025.00,"Formulate environmental plan to be practical, esthetic, and conducive to intended purposes, such as raising productivity or selling merchandise.",0.0
27-1026.00,Plan commercial displays to entice and appeal to customers.,0.0
27-1026.00,"Arrange properties, furniture, merchandise, backdrops, or other accessories, as shown in prepared sketches.",0.0
27-1026.00,"Change or rotate window displays, interior display areas, or signage to reflect changes in inventory or promotion.",0.0
27-1023.00,"Inform customers about the care, maintenance, and handling of various flowers and foliage, indoor plants, and other items.",0.0
27-1026.00,"Consult with store managers, buyers, sales associates, housekeeping staff, or engineering staff to determine appropriate placement of displays or products.",0.0
27-1022.00,Visit textile showrooms to keep up-to-date on the latest fabrics.,0.0
27-1021.00,"Design graphic material for use as ornamentation, illustration, or advertising on manufactured materials and packaging or containers.",0.0
27-1021.00,Supervise assistants' work throughout the design process.,0.0
27-1021.00,Develop industrial standards and regulatory guidelines.,0.0
27-1022.00,Direct and coordinate workers involved in drawing and cutting patterns and constructing samples or finished garments.,0.0
27-1022.00,"Examine sample garments on and off models, modifying designs to achieve desired effects.",0.0
27-1026.00,"Place prices or descriptive signs on backdrops, fixtures, merchandise, or floor.",0.0
27-2011.00,"Manipulate strings, wires, rods, or fingers to animate puppets or dummies in synchronization with talking, singing, or recorded programs.",0.0
27-2011.00,"Work closely with directors, other actors, and playwrights to find the interpretation most suited to the role.",0.0
27-2011.00,Collaborate with other actors as part of an ensemble.,0.0
27-1027.00,Incorporate security systems into exhibit layouts.,0.0
27-2012.01,"Review film, recordings, or rehearsals to ensure conformance to production and broadcast standards.",0.0
27-1027.00,Arrange for outside contractors to construct exhibit structures.,0.0
27-1027.00,"Acquire, or arrange for acquisition of, specimens or graphics required to complete exhibits.",0.0
27-1027.00,"Prepare rough drafts and scale working drawings of sets, including floor plans, scenery, and properties to be constructed.",0.0
27-1027.00,Collaborate with those in charge of lighting and sound so that those production aspects can be coordinated with set designs or exhibit layouts.,0.0
25-9041.00,Laminate teaching materials to increase their durability under repeated use.,0.0
25-9041.00,"Supervise students in classrooms, halls, cafeterias, school yards, and gymnasiums, or on field trips.",0.0
27-1011.00,"Formulate basic layout design or presentation approach and specify material details, such as style and size of type, photographs, graphics, animation, video, and sound.",0.0
25-9021.00,Set and monitor production targets.,0.0
25-9021.00,Collect and evaluate data to determine community program needs.,0.0
25-9021.00,"Prepare and distribute leaflets, pamphlets, and visual aids for educational and informational purposes.",0.0
25-9021.00,"Conduct classes or deliver lectures on subjects such as nutrition, home management, and farming techniques.",0.0
25-9021.00,Research information requested by farmers.,0.0
25-9031.00,"Plan and conduct teacher training programs and conferences dealing with new classroom procedures, instructional materials and equipment, and teaching aids.",0.0
25-9031.00,Observe work of teaching staff to evaluate performance and to recommend changes that could strengthen teaching skills.,0.0
25-9031.00,"Conduct or participate in workshops, committees, and conferences designed to promote the intellectual, social, and physical welfare of students.",0.0
27-1014.00,"Make objects or characters appear lifelike by manipulating light, color, texture, shadow, and transparency, or manipulating static images to give the illusion of motion.",0.0
27-1012.00,"Create functional or decorative objects by hand, using a variety of methods and materials.",0.0
27-1012.00,"Cut, shape, fit, join, mold, or otherwise process materials, using hand tools, power tools, or machinery.",0.0
27-1012.00,"Select materials for use based on strength, color, texture, balance, weight, size, malleability and other characteristics.",0.0
27-1012.00,Apply finishes to objects being crafted.,0.0
11-2011.01,Analyze green product marketing or sales trends to forecast future conditions.,
11-2011.01,"Attend or participate in conferences, community events, and promotional events related to green products or technologies.",
11-3051.05,Monitor and control liquid or gas landfill extraction systems.,
11-3051.05,"Oversee gas collection landfill operations, including leachate and gas management or rail operations.",
11-3051.05,"Develop or enforce procedures for normal operation, start-up, or shut-down of methane gas collection systems.",
11-3051.05,Evaluate landfill gas collection service requirements to meet operational plans and productivity goals.,
11-3051.05,Implement landfill operational and emergency procedures.,
11-9039.01,"Communicate to faculty, students, or other users availability of, or changes to, distance learning courses or materials, programs, services, or applications.",
11-9039.01,"Develop distance learning program goals or plans, including equipment replacement, quality assurance, or course offering plans.",
11-9039.01,Supervise distance learning support staff.,
11-9039.01,Assess distance-learning technological or educational needs and goals.,
11-9039.01,"Train instructors and distance learning staff in the use or support of distance learning applications, such as course management software.",
13-2053.00,"Decrease value of policy when risk is substandard and specify applicable endorsements or apply rating to ensure safe profitable distribution of risks, using reference materials.",
15-2091.00,"Apply standardized mathematical formulas, principles, and methodology to the solution of technological problems involving engineering or physical science.",
15-2091.00,"Process data for analysis, using computers.",
15-2091.00,"Reduce raw data to meaningful terms, using the most practical and accurate combination and sequence of computational methods.",
15-2091.00,"Translate data into numbers, equations, flow charts, graphs, or other forms.",
15-2091.00,Confer with scientific or engineering personnel to plan projects.,
17-2111.03,"Investigate causes of accidents, injuries, or illnesses related to product usage to develop solutions to minimize or prevent recurrence.",
17-3023.03,"Build, calibrate, maintain, troubleshoot, or repair electrical instruments or testing equipment.",
17-3029.05,"Interpret engineering drawings, sketches, or diagrams.",
17-3029.10,Assemble fuel cells or fuel cell stacks according to mechanical or electrical assembly documents or schematics.,
17-3029.10,"Build fuel cell prototypes, following engineering specifications.",
17-3029.10,Calibrate equipment used for fuel cell testing.,
17-3029.10,Collect or maintain fuel cell test data.,
17-3029.10,"Document or analyze fuel cell test data, using spreadsheets or other computer software.",
27-3012.00,"Greet attendees and serve as masters of ceremonies at banquets, store openings, and other events.",
27-3012.00,Preview any music intended to be broadcast over the public address system.,
27-3012.00,Inform patrons of coming events at a specific venue.,
27-3012.00,"Meet with event directors to review schedules and exchange information about details, such as national anthem performers and starting lineups.",
27-3012.00,Announce programs and player substitutions or other changes to patrons.,
27-4013.00,Monitor emergency frequencies to detect distress calls and respond by dispatching emergency equipment.,
27-4013.00,Communicate with receiving operators to exchange transmission instructions.,
27-4013.00,"Operate radio equipment to communicate with ships, aircraft, mining crews, offshore oil rigs, logging camps and other remote operations.",
27-4013.00,Broadcast weather reports and warnings.,
27-4013.00,Maintain station logs of messages transmitted and received for activities such as flight testing and fire locations.,
29-2054.00,"Work with patients in areas such as the emergency rooms, neonatal or pediatric intensive care, or surgical intensive care, treating conditions such as emphysema, chronic bronchitis, asthma, cystic fibrosis, or pneumonia.",
29-2054.00,Monitor patients during treatment and report any unusual reactions to the respiratory therapist.,
29-2054.00,"Keep records of patients' therapy, completing all necessary forms.",
29-2054.00,Use ventilators or various oxygen devices or aerosol and breathing treatments in the provision of respiratory therapy.,
29-2054.00,Follow and enforce safety rules applying to equipment.,
33-9031.00,"Observe casino or casino hotel operations for irregular activities such as cheating or theft by employees or patrons, using audio and video equipment and one-way mirrors.",
41-3031.02,Prepare forms or agreements to complete sales.,
41-3099.01,Price energy based on market conditions.,
41-3099.01,Negotiate prices or contracts for energy sales or purchases.,
41-3099.01,Forecast energy supply and demand to minimize costs and maximize availability.,
41-3099.01,Contact prospective buyers or sellers of power to arrange transactions.,
41-3099.01,Monitor the flow of energy in response to changes in consumer demand.,
43-5081.02,"Put price information on tickets, marking by hand or using ticket-printing machine.",
43-5081.02,Compare printed price tickets with entries on purchase orders to verify accuracy and notify supervisor of discrepancies.,
43-5081.02,"Pin, paste, sew, tie, or staple tickets, tags, or labels to article.",
43-5081.02,Record number and types of articles marked and pack articles in boxes.,
43-5081.02,Mark selling price by hand on boxes containing merchandise.,
43-9011.00,"Enter commands, using computer terminal, and activate controls on computer and peripheral equipment to integrate and operate equipment.",
43-9011.00,Monitor the system for equipment failure or errors in performance.,
43-9011.00,Respond to program error messages by finding and correcting problems or terminating the program.,
43-9011.00,Notify supervisor or computer maintenance technicians of equipment malfunctions.,
43-9011.00,Answer telephone calls to assist computer users encountering problems.,
45-1011.06,"Assign to workers duties such as fertilizing and incubating spawn, feeding and transferring fish, and planting, cultivating, and harvesting shellfish beds.",
47-5042.00,"Position jacks, timbers, or roof supports, and install casings, to prevent cave-ins.",
47-5042.00,Reposition machines and move controls to make additional holes or cuts.,
47-5042.00,Cut entries between rooms and haulage ways.,
47-5042.00,"Observe indicator lights and gauges, and listen to machine operation to detect binding or stoppage of tools or other equipment problems.",
49-9093.00,"Measure and hem curtains, garments, and canvas coverings to size, using tape measures.",
49-9093.00,"Operate sewing machines to restitch defective seams, sew up holes, or replace components of fabric articles.",
49-9093.00,"Spread out articles or materials and examine them for holes, tears, worn areas, and other defects.",
49-9093.00,"Stamp grommets into canvas, using mallets and punches or eyelet machines.",
49-9093.00,"Trim edges of cut or torn fabric, using scissors or knives, and stitch trimmed edges together.",
51-4121.07,Examine seams for defects and rework defective joints or broken parts.,
51-8099.02,"Perform routine maintenance or minor repairs to landfill gas collection and power generation systems, including equipment such as pneumatic pumps, blower or flare systems, and condensate management systems.",
53-1011.00,Distribute cargo in such a manner that space use is maximized.,
53-1011.00,Determine the quantity and orientation of cargo and compute an aircraft's center of gravity.,
53-5021.02,Assume command of vessels in the event that ships' masters become incapacitated.,
53-5021.02,"Steer vessels, using navigational devices, such as compasses or sextants, or navigational aids, such as lighthouses or buoys.",
